order_id,order_date,customer_id,product_category,region,quantity,unit_price,discount,payment_method,delivery_days,customer_rating,revenue,gross_sales,discount_amount,calculated_revenue,year,month,month_number,quarter,day_of_week,revenue_difference
10001,2022-01-01,1102,Beauty,South,7,373.65,0.28,Wallet,10,4.7,1883.2,2615.5499999999997,732.354,1883.1959999999997,2022,January,1,Q1,Saturday,0.00400000000036016
10002,2022-01-02,1435,Clothing,South,7,47.74,0.09,Card,6,3.9,304.1,334.18,30.0762,304.1038,2022,January,1,Q1,Sunday,-0.0037999999999556167
10003,2022-01-03,1860,Beauty,East,3,311.28,0.31,COD,6,2.5,644.35,933.8399999999999,289.49039999999997,644.3496,2022,January,1,Q1,Monday,0.0004000000000132786
10004,2022-01-04,1270,Electronics,West,5,524.47,0.02,Wallet,6,1.6,2569.9,2622.3500000000004,52.44700000000001,2569.9030000000002,2022,January,1,Q1,Tuesday,-0.003000000000156433
10005,2022-01-05,1106,Clothing,West,5,139.87,0.33,Wallet,4,4.9,468.56,699.35,230.7855,468.5645,2022,January,1,Q1,Wednesday,-0.004500000000007276
10006,2022-01-06,1071,Electronics,West,2,264.44,0.2,Card,3,3.3,423.1,528.88,105.77600000000001,423.104,2022,January,1,Q1,Thursday,-0.003999999999962256
10007,2022-01-07,1700,Clothing,South,6,564.6,0.23,Card,1,1.8,2608.45,3387.6000000000004,779.1480000000001,2608.452,2022,January,1,Q1,Friday,-0.0020000000004074536
10008,2022-01-08,1020,Beauty,North,6,265.71,0.13,Card,2,3.7,1387.01,1594.2599999999998,207.25379999999998,1387.0061999999998,2022,January,1,Q1,Saturday,0.0038000000001829903
10009,2022-01-09,1614,Clothing,South,6,224.65,0.27,Card,2,1.4,983.97,1347.9,363.93300000000005,983.9670000000001,2022,January,1,Q1,Sunday,0.0029999999999290594
10010,2022-01-10,1121,Clothing,West,4,272.71,0.06,Card,10,4.5,1025.39,1090.84,65.45039999999999,1025.3896,2022,January,1,Q1,Monday,0.00040000000012696546
10011,2022-01-11,1466,Clothing,West,6,318.88,0.02,COD,7,1.4,1875.01,1913.28,38.2656,1875.0144,2022,January,1,Q1,Tuesday,-0.004400000000032378
10012,2022-01-12,1214,Electronics,West,3,384.71,0.14,COD,11,1.9,992.55,1154.1299999999999,161.5782,992.5517999999998,2022,January,1,Q1,Wednesday,-0.0017999999998892235
10013,2022-01-13,1330,Beauty,South,7,483.41,0.3,COD,6,1.4,2368.71,3383.8700000000003,1015.1610000000001,2368.7090000000003,2022,January,1,Q1,Thursday,0.0009999999997489795
10014,2022-01-14,1458,Clothing,West,7,279.48,0.26,COD,8,1.4,1447.71,1956.3600000000001,508.65360000000004,1447.7064,2022,January,1,Q1,Friday,0.0036000000000058208
10015,2022-01-15,1087,Clothing,East,4,493.23,0.18,Card,9,3.1,1617.79,1972.92,355.1256,1617.7944,2022,January,1,Q1,Saturday,-0.004400000000032378
10016,2022-01-16,1372,Clothing,West,2,327.23,0.2,Wallet,5,3.7,523.57,654.46,130.89200000000002,523.568,2022,January,1,Q1,Sunday,0.002000000000066393
10017,2022-01-17,1099,Clothing,North,3,213.01,0.05,Wallet,11,4.2,607.08,639.03,31.9515,607.0785,2022,January,1,Q1,Monday,0.0015000000000782165
10018,2022-01-18,1871,Electronics,East,7,399.9,0.29,COD,3,3.8,1987.5,2799.2999999999997,811.7969999999999,1987.5029999999997,2022,January,1,Q1,Tuesday,-0.0029999999997016857
10019,2022-01-19,1663,Home,West,3,434.87,0.28,Wallet,4,2.5,939.32,1304.6100000000001,365.29080000000005,939.3192000000001,2022,January,1,Q1,Wednesday,0.0007999999999128704
10020,2022-01-20,1130,Electronics,East,7,341.46,0.23,Card,11,3.2,1840.47,2390.22,549.7506,1840.4694,2022,January,1,Q1,Thursday,0.0006000000000767614
10021,2022-01-21,1661,Home,West,1,48.12,0.16,COD,8,4.7,40.42,48.12,7.699199999999999,40.4208,2022,January,1,Q1,Friday,-0.0007999999999981355
10022,2022-01-22,1308,Home,North,2,114.38,0.34,Card,3,2.6,150.98,228.76,77.7784,150.9816,2022,January,1,Q1,Saturday,-0.001599999999996271
10023,2022-01-23,1769,Home,West,2,181.9,0.31,Card,2,2.0,251.02,363.8,112.778,251.022,2022,January,1,Q1,Sunday,-0.001999999999981128
10024,2022-01-24,1343,Clothing,East,1,180.34,0.23,Card,7,3.1,138.86,180.34,41.4782,138.86180000000002,2022,January,1,Q1,Monday,-0.0018000000000029104
10025,2022-01-25,1491,Clothing,North,4,408.95,0.13,COD,4,2.2,1423.15,1635.8,212.654,1423.146,2022,January,1,Q1,Tuesday,0.004000000000132786
10026,2022-01-26,1413,Electronics,South,7,25.73,0.22,Card,8,2.0,140.49,180.11,39.6242,140.4858,2022,January,1,Q1,Wednesday,0.004199999999997317
10027,2022-01-27,1805,Home,North,7,457.07,0.2,COD,1,4.1,2559.59,3199.49,639.898,2559.5919999999996,2022,January,1,Q1,Thursday,-0.001999999999497959
10028,2022-01-28,1385,Electronics,North,7,170.23,0.14,Card,8,4.6,1024.78,1191.61,166.8254,1024.7846,2022,January,1,Q1,Friday,-0.004599999999982174
10029,2022-01-29,1191,Clothing,North,6,196.36,0.11,Wallet,5,3.0,1048.56,1178.16,129.5976,1048.5624,2022,January,1,Q1,Saturday,-0.0024000000000796717
10030,2022-01-30,1955,Electronics,East,6,323.83,0.14,COD,2,4.1,1670.96,1942.98,272.0172,1670.9628,2022,January,1,Q1,Sunday,-0.0027999999999792635
10031,2022-01-31,1276,Electronics,North,6,141.32,0.2,Card,1,1.7,678.34,847.92,169.584,678.336,2022,January,1,Q1,Monday,0.004000000000019099
10032,2022-02-01,1160,Clothing,West,6,532.42,0.15,Card,6,3.2,2715.34,3194.5199999999995,479.1779999999999,2715.3419999999996,2022,February,2,Q1,Tuesday,-0.001999999999497959
10033,2022-02-02,1459,Electronics,North,6,64.94,0.09,Wallet,9,3.5,354.57,389.64,35.0676,354.5724,2022,February,2,Q1,Wednesday,-0.0024000000000228283
10034,2022-02-03,1313,Home,North,1,274.96,0.27,Card,9,3.0,200.72,274.96,74.2392,200.7208,2022,February,2,Q1,Thursday,-0.0007999999999981355
10035,2022-02-04,1021,Electronics,West,2,511.91,0.19,COD,9,1.5,829.29,1023.82,194.5258,829.2942,2022,February,2,Q1,Friday,-0.004200000000082582
10036,2022-02-05,1252,Electronics,West,4,375.27,0.02,COD,11,3.9,1471.06,1501.08,30.0216,1471.0584,2022,February,2,Q1,Saturday,0.0016000000000531145
10037,2022-02-06,1747,Clothing,South,3,186.01,0.13,Card,4,4.4,485.49,558.03,72.5439,485.48609999999996,2022,February,2,Q1,Sunday,0.0039000000000442014
10038,2022-02-07,1856,Electronics,North,6,261.14,0.31,Card,6,3.5,1081.12,1566.84,485.7204,1081.1196,2022,February,2,Q1,Monday,0.0003999999998995918
10039,2022-02-08,1560,Electronics,East,1,428.42,0.26,COD,10,1.7,317.03,428.42,111.3892,317.0308,2022,February,2,Q1,Tuesday,-0.0008000000000265572
10040,2022-02-09,1474,Home,North,7,584.36,0.11,Card,6,1.3,3640.56,4090.52,449.9572,3640.5628,2022,February,2,Q1,Wednesday,-0.002800000000206637
10041,2022-02-10,1058,Electronics,North,4,537.49,0.33,Card,5,2.2,1440.47,2149.96,709.4868,1440.4732,2022,February,2,Q1,Thursday,-0.0031999999998788553
10042,2022-02-11,1510,Home,West,4,215.32,0.03,Card,2,1.1,835.44,861.28,25.838399999999996,835.4416,2022,February,2,Q1,Friday,-0.0015999999999394277
10043,2022-02-12,1681,Electronics,South,4,598.95,0.34,Card,7,4.4,1581.23,2395.8,814.5720000000001,1581.228,2022,February,2,Q1,Saturday,0.0019999999999527063
10044,2022-02-13,1475,Electronics,North,1,17.05,0.09,Card,1,3.8,15.52,17.05,1.5345,15.515500000000001,2022,February,2,Q1,Sunday,0.004499999999998394
10045,2022-02-14,1699,Home,East,3,31.16,0.0,Wallet,6,3.3,93.48,93.48,0.0,93.48,2022,February,2,Q1,Monday,0.0
10046,2022-02-15,1975,Electronics,North,6,496.95,0.15,COD,5,4.6,2534.44,2981.7,447.25499999999994,2534.4449999999997,2022,February,2,Q1,Tuesday,-0.004999999999654392
10047,2022-02-16,1782,Electronics,East,4,131.69,0.13,COD,5,1.4,458.28,526.76,68.4788,458.2812,2022,February,2,Q1,Wednesday,-0.0012000000000398359
10048,2022-02-17,1189,Clothing,West,1,50.55,0.19,Card,8,3.9,40.95,50.55,9.6045,40.945499999999996,2022,February,2,Q1,Thursday,0.004500000000007276
10049,2022-02-18,1957,Electronics,South,7,153.73,0.28,Card,9,1.6,774.8,1076.11,301.31080000000003,774.7991999999999,2022,February,2,Q1,Friday,0.0008000000000265572
10050,2022-02-19,1686,Home,North,2,264.27,0.29,Wallet,7,1.2,375.26,528.54,153.27659999999997,375.2634,2022,February,2,Q1,Saturday,-0.0033999999999991815
10051,2022-02-20,1957,Electronics,South,7,442.38,0.14,COD,10,1.5,2663.13,3096.66,433.5324,2663.1276,2022,February,2,Q1,Sunday,0.0024000000003070454
10052,2022-02-21,1562,Home,North,1,380.24,0.15,Card,8,4.8,323.2,380.24,57.036,323.204,2022,February,2,Q1,Monday,-0.004000000000019099
10053,2022-02-22,1875,Beauty,East,1,154.01,0.05,Card,2,2.8,146.31,154.01,7.7005,146.30949999999999,2022,February,2,Q1,Tuesday,0.0005000000000165983
10054,2022-02-23,1566,Clothing,South,1,309.41,0.02,COD,2,1.2,303.22,309.41,6.188200000000001,303.22180000000003,2022,February,2,Q1,Wednesday,-0.0018000000000029104
10055,2022-02-24,1243,Beauty,North,4,556.84,0.22,Wallet,8,3.3,1737.34,2227.36,490.0192,1737.3408000000002,2022,February,2,Q1,Thursday,-0.0008000000002539309
10056,2022-02-25,1831,Clothing,West,1,491.78,0.02,Card,6,1.8,481.94,491.78,9.8356,481.9444,2022,February,2,Q1,Friday,-0.004399999999975535
10057,2022-02-26,1504,Beauty,East,2,204.07,0.26,COD,8,1.0,302.02,408.14,106.1164,302.0236,2022,February,2,Q1,Saturday,-0.0036000000000058208
10058,2022-02-27,1130,Electronics,South,4,589.62,0.19,COD,9,4.0,1910.37,2358.48,448.1112,1910.3688,2022,February,2,Q1,Sunday,0.001199999999926149
10059,2022-02-28,1484,Home,North,7,429.54,0.07,Wallet,9,1.6,2796.31,3006.78,210.47460000000004,2796.3054,2022,February,2,Q1,Monday,0.0045999999997548
10060,2022-03-01,1818,Clothing,South,2,51.53,0.19,Wallet,11,4.8,83.48,103.06,19.581400000000002,83.4786,2022,March,3,Q1,Tuesday,0.0014000000000038426
10061,2022-03-02,1646,Clothing,North,5,35.57,0.06,Card,6,3.4,167.18,177.85,10.671,167.179,2022,March,3,Q1,Wednesday,0.0010000000000047748
10062,2022-03-03,1020,Clothing,East,7,113.52,0.15,COD,8,1.3,675.44,794.64,119.196,675.444,2022,March,3,Q1,Thursday,-0.0039999999999054126
10063,2022-03-04,1840,Home,West,1,440.8,0.28,COD,2,1.9,317.38,440.8,123.42400000000002,317.376,2022,March,3,Q1,Friday,0.004000000000019099
10064,2022-03-05,1166,Electronics,East,6,122.49,0.16,COD,8,3.4,617.35,734.9399999999999,117.59039999999999,617.3496,2022,March,3,Q1,Saturday,0.0004000000000132786
10065,2022-03-06,1273,Electronics,South,6,314.22,0.05,Wallet,3,2.4,1791.05,1885.3200000000002,94.26600000000002,1791.054,2022,March,3,Q1,Sunday,-0.004000000000132786
10066,2022-03-07,1387,Home,South,4,69.56,0.25,Wallet,1,3.1,208.68,278.24,69.56,208.68,2022,March,3,Q1,Monday,0.0
10067,2022-03-08,1600,Home,North,6,553.72,0.07,Card,7,4.2,3089.76,3322.32,232.56240000000003,3089.7576,2022,March,3,Q1,Tuesday,0.0024000000003070454
10068,2022-03-09,1315,Beauty,East,7,216.22,0.26,Card,1,4.2,1120.02,1513.54,393.5204,1120.0196,2022,March,3,Q1,Wednesday,0.0003999999998995918
10069,2022-03-10,1013,Home,North,4,546.26,0.17,COD,11,3.8,1813.58,2185.04,371.45680000000004,1813.5832,2022,March,3,Q1,Thursday,-0.003200000000106229
10070,2022-03-11,1241,Beauty,East,7,567.75,0.16,Card,1,4.5,3338.37,3974.25,635.88,3338.37,2022,March,3,Q1,Friday,0.0
10071,2022-03-12,1776,Home,South,1,18.59,0.3,Card,1,1.8,13.01,18.59,5.577,13.013,2022,March,3,Q1,Saturday,-0.0030000000000001137
10072,2022-03-13,1345,Electronics,North,3,286.52,0.25,Card,4,1.7,644.67,859.56,214.89,644.67,2022,March,3,Q1,Sunday,0.0
10073,2022-03-14,1564,Electronics,North,3,29.42,0.01,Wallet,4,4.2,87.38,88.26,0.8826,87.37740000000001,2022,March,3,Q1,Monday,0.002599999999986835
10074,2022-03-15,1897,Home,East,2,546.59,0.1,Card,10,2.3,983.86,1093.18,109.31800000000001,983.8620000000001,2022,March,3,Q1,Tuesday,-0.002000000000066393
10075,2022-03-16,1339,Clothing,West,1,318.27,0.3,COD,11,3.0,222.79,318.27,95.481,222.789,2022,March,3,Q1,Wednesday,0.0010000000000047748
10076,2022-03-17,1091,Electronics,East,6,58.84,0.01,Card,6,4.0,349.51,353.04,3.5304,349.50960000000003,2022,March,3,Q1,Thursday,0.0003999999999564352
10077,2022-03-18,1366,Clothing,West,1,79.51,0.19,Card,10,2.6,64.4,79.51,15.106900000000001,64.40310000000001,2022,March,3,Q1,Friday,-0.0031000000000034333
10078,2022-03-19,1955,Beauty,East,5,239.35,0.25,Card,3,1.5,897.56,1196.75,299.1875,897.5625,2022,March,3,Q1,Saturday,-0.0025000000000545697
10079,2022-03-20,1454,Clothing,South,3,565.04,0.22,Card,10,3.7,1322.19,1695.12,372.9264,1322.1935999999998,2022,March,3,Q1,Sunday,-0.003599999999778447
10080,2022-03-21,1427,Clothing,North,6,420.35,0.27,Wallet,6,4.3,1841.13,2522.1000000000004,680.9670000000001,1841.1330000000003,2022,March,3,Q1,Monday,-0.003000000000156433
10081,2022-03-22,1508,Clothing,East,7,522.56,0.25,Wallet,7,1.1,2743.44,3657.9199999999996,914.4799999999999,2743.4399999999996,2022,March,3,Q1,Tuesday,4.547473508864641e-13
10082,2022-03-23,1775,Electronics,South,7,229.38,0.24,COD,11,3.3,1220.3,1605.6599999999999,385.35839999999996,1220.3015999999998,2022,March,3,Q1,Wednesday,-0.0015999999998257408
10083,2022-03-24,1942,Clothing,East,3,40.28,0.29,Card,1,2.9,85.8,120.84,35.0436,85.7964,2022,March,3,Q1,Thursday,0.00359999999999161
10084,2022-03-25,1034,Clothing,North,1,584.98,0.23,COD,6,2.0,450.43,584.98,134.5454,450.43460000000005,2022,March,3,Q1,Friday,-0.004600000000039017
10085,2022-03-26,1205,Electronics,East,6,25.05,0.14,Card,10,1.6,129.26,150.3,21.042000000000005,129.258,2022,March,3,Q1,Saturday,0.001999999999981128
10086,2022-03-27,1080,Home,West,2,569.38,0.17,Card,1,1.8,945.17,1138.76,193.5892,945.1708,2022,March,3,Q1,Sunday,-0.0008000000000265572
10087,2022-03-28,1931,Clothing,North,7,230.68,0.25,COD,7,3.9,1211.07,1614.76,403.69,1211.07,2022,March,3,Q1,Monday,0.0
10088,2022-03-29,1561,Home,West,1,20.9,0.31,COD,10,3.1,14.42,20.9,6.478999999999999,14.421,2022,March,3,Q1,Tuesday,-0.0009999999999994458
10089,2022-03-30,1871,Beauty,South,2,418.16,0.1,Card,5,4.9,752.69,836.32,83.632,752.6880000000001,2022,March,3,Q1,Wednesday,0.0019999999999527063
10090,2022-03-31,1387,Electronics,South,6,588.62,0.12,Card,10,2.0,3107.91,3531.7200000000003,423.8064,3107.9136000000003,2022,March,3,Q1,Thursday,-0.003600000000460568
10091,2022-04-01,1001,Home,East,3,579.89,0.33,Wallet,4,4.8,1165.58,1739.67,574.0911000000001,1165.5789,2022,April,4,Q2,Friday,0.001099999999951251
10092,2022-04-02,1389,Clothing,West,5,109.15,0.2,Card,1,3.1,436.6,545.75,109.15,436.6,2022,April,4,Q2,Saturday,0.0
10093,2022-04-03,1565,Beauty,West,4,121.03,0.06,Wallet,9,1.6,455.07,484.12,29.0472,455.07280000000003,2022,April,4,Q2,Sunday,-0.002800000000036107
10094,2022-04-04,1105,Electronics,North,3,345.84,0.23,Wallet,7,1.6,798.89,1037.52,238.6296,798.8904,2022,April,4,Q2,Monday,-0.0004000000000132786
10095,2022-04-05,1771,Home,West,2,387.82,0.35,COD,2,3.4,504.17,775.64,271.474,504.166,2022,April,4,Q2,Tuesday,0.004000000000019099
10096,2022-04-06,1821,Clothing,West,1,447.56,0.29,Card,4,4.3,317.77,447.56,129.7924,317.7676,2022,April,4,Q2,Wednesday,0.002399999999965985
10097,2022-04-07,1476,Electronics,North,7,120.91,0.26,COD,4,4.0,626.31,846.37,220.05620000000002,626.3138,2022,April,4,Q2,Thursday,-0.0038000000000693035
10098,2022-04-08,1702,Electronics,North,6,576.02,0.07,Card,8,3.6,3214.19,3456.12,241.9284,3214.1916,2022,April,4,Q2,Friday,-0.0016000000000531145
10099,2022-04-09,1401,Home,West,3,388.66,0.31,Card,2,1.7,804.53,1165.98,361.4538,804.5262,2022,April,4,Q2,Saturday,0.0037999999999556167
10100,2022-04-10,1729,Home,East,7,510.52,0.18,COD,11,1.4,2930.38,3573.64,643.2552,2930.3848,2022,April,4,Q2,Sunday,-0.004799999999704596
10101,2022-04-11,1555,Electronics,North,7,330.94,0.31,Card,5,1.0,1598.44,2316.58,718.1397999999999,1598.4402,2022,April,4,Q2,Monday,-0.0001999999999497959
10102,2022-04-12,1161,Clothing,North,5,257.35,0.12,Card,10,1.4,1132.34,1286.75,154.41,1132.34,2022,April,4,Q2,Tuesday,0.0
10103,2022-04-13,1201,Clothing,West,6,586.65,0.02,COD,8,4.1,3449.5,3519.8999999999996,70.398,3449.5019999999995,2022,April,4,Q2,Wednesday,-0.001999999999497959
10104,2022-04-14,1957,Home,West,2,355.54,0.17,COD,6,4.6,590.2,711.08,120.88360000000002,590.1964,2022,April,4,Q2,Thursday,0.0036000000000058208
10105,2022-04-15,1995,Electronics,North,6,522.12,0.09,Card,4,2.0,2850.78,3132.7200000000003,281.9448,2850.7752,2022,April,4,Q2,Friday,0.0048000000001593435
10106,2022-04-16,1269,Beauty,West,6,572.68,0.25,Card,5,4.2,2577.06,3436.08,859.02,2577.06,2022,April,4,Q2,Saturday,0.0
10107,2022-04-17,1862,Electronics,North,1,410.08,0.33,Card,2,1.8,274.75,410.08,135.3264,274.7536,2022,April,4,Q2,Sunday,-0.0036000000000058208
10108,2022-04-18,1815,Clothing,East,4,336.13,0.24,Card,5,2.0,1021.84,1344.52,322.6848,1021.8352,2022,April,4,Q2,Monday,0.004800000000045657
10109,2022-04-19,1270,Electronics,East,7,17.05,0.31,COD,3,1.9,82.35,119.35000000000001,36.9985,82.35150000000002,2022,April,4,Q2,Tuesday,-0.0015000000000213731
10110,2022-04-20,1455,Electronics,North,2,38.41,0.16,COD,3,1.2,64.53,76.82,12.2912,64.52879999999999,2022,April,4,Q2,Wednesday,0.0012000000000114142
10111,2022-04-21,1461,Clothing,North,1,132.5,0.27,COD,7,1.8,96.72,132.5,35.775000000000006,96.725,2022,April,4,Q2,Thursday,-0.0049999999999954525
10112,2022-04-22,1726,Electronics,South,7,123.81,0.3,Card,3,2.5,606.67,866.6700000000001,260.00100000000003,606.6690000000001,2022,April,4,Q2,Friday,0.0009999999998626663
10113,2022-04-23,1251,Home,South,4,164.03,0.25,Card,4,2.6,492.09,656.12,164.03,492.09000000000003,2022,April,4,Q2,Saturday,-5.684341886080802e-14
10114,2022-04-24,1701,Electronics,West,1,193.39,0.18,Card,7,2.2,158.58,193.39,34.810199999999995,158.57979999999998,2022,April,4,Q2,Sunday,0.00020000000003506102
10115,2022-04-25,1295,Clothing,West,4,225.64,0.22,Card,3,3.1,704.0,902.56,198.5632,703.9967999999999,2022,April,4,Q2,Monday,0.003200000000106229
10116,2022-04-26,1724,Electronics,North,4,261.01,0.25,Card,10,2.5,783.03,1044.04,261.01,783.03,2022,April,4,Q2,Tuesday,0.0
10117,2022-04-27,1719,Electronics,North,4,72.84,0.09,Card,10,4.9,265.14,291.36,26.2224,265.1376,2022,April,4,Q2,Wednesday,0.002399999999965985
10118,2022-04-28,1748,Electronics,South,1,39.78,0.28,Card,2,4.2,28.64,39.78,11.1384,28.6416,2022,April,4,Q2,Thursday,-0.0015999999999998238
10119,2022-04-29,1337,Clothing,South,6,409.26,0.33,COD,10,4.7,1645.23,2455.56,810.3348,1645.2251999999999,2022,April,4,Q2,Friday,0.0048000000001593435
10120,2022-04-30,1878,Clothing,North,4,329.34,0.16,COD,7,3.2,1106.58,1317.36,210.77759999999998,1106.5824,2022,April,4,Q2,Saturday,-0.0024000000000796717
10121,2022-05-01,1052,Clothing,East,6,274.82,0.25,COD,5,3.7,1236.69,1648.92,412.23,1236.69,2022,May,5,Q2,Sunday,0.0
10122,2022-05-02,1791,Clothing,East,7,386.15,0.26,Card,1,1.7,2000.26,2703.0499999999997,702.793,2000.2569999999996,2022,May,5,Q2,Monday,0.0030000000003838068
10123,2022-05-03,1921,Clothing,West,7,499.19,0.23,Wallet,10,4.0,2690.63,3494.33,803.6959,2690.6340999999998,2022,May,5,Q2,Tuesday,-0.004099999999652937
10124,2022-05-04,1216,Electronics,North,2,265.2,0.19,Wallet,8,1.9,429.62,530.4,100.776,429.62399999999997,2022,May,5,Q2,Wednesday,-0.003999999999962256
10125,2022-05-05,1763,Clothing,North,5,390.05,0.31,Card,3,1.6,1345.67,1950.25,604.5775,1345.6725000000001,2022,May,5,Q2,Thursday,-0.0025000000000545697
10126,2022-05-06,1187,Beauty,West,6,572.84,0.16,COD,11,1.2,2887.11,3437.04,549.9264000000001,2887.1135999999997,2022,May,5,Q2,Friday,-0.0035999999995510734
10127,2022-05-07,1379,Clothing,South,7,506.18,0.02,Wallet,7,2.9,3472.39,3543.26,70.8652,3472.3948,2022,May,5,Q2,Saturday,-0.0048000000001593435
10128,2022-05-08,1492,Home,South,5,264.21,0.3,COD,6,2.1,924.73,1321.05,396.315,924.7349999999999,2022,May,5,Q2,Sunday,-0.004999999999881766
10129,2022-05-09,1040,Electronics,East,4,392.16,0.24,Card,10,4.9,1192.17,1568.64,376.47360000000003,1192.1664,2022,May,5,Q2,Monday,0.0036000000000058208
10130,2022-05-10,1156,Home,North,5,118.59,0.3,COD,6,2.0,415.06,592.95,177.88500000000002,415.06500000000005,2022,May,5,Q2,Tuesday,-0.005000000000052296
10131,2022-05-11,1014,Home,South,5,342.91,0.05,COD,8,4.5,1628.82,1714.5500000000002,85.72750000000002,1628.8225000000002,2022,May,5,Q2,Wednesday,-0.0025000000002819434
10132,2022-05-12,1812,Clothing,East,4,589.08,0.01,Card,4,2.3,2332.76,2356.32,23.563200000000002,2332.7568,2022,May,5,Q2,Thursday,0.003200000000106229
10133,2022-05-13,1064,Beauty,East,6,318.21,0.33,Wallet,4,4.0,1279.2,1909.2599999999998,630.0558,1279.2041999999997,2022,May,5,Q2,Friday,-0.004199999999627835
10134,2022-05-14,1856,Electronics,East,4,557.67,0.05,COD,3,3.6,2119.15,2230.68,111.53399999999999,2119.1459999999997,2022,May,5,Q2,Saturday,0.00400000000036016
10135,2022-05-15,1838,Electronics,South,2,253.29,0.28,Card,1,3.2,364.74,506.58,141.8424,364.7376,2022,May,5,Q2,Sunday,0.0024000000000228283
10136,2022-05-16,1520,Home,South,3,599.32,0.29,COD,10,2.7,1276.55,1797.96,521.4084,1276.5516,2022,May,5,Q2,Monday,-0.0016000000000531145
10137,2022-05-17,1343,Home,North,1,353.84,0.25,COD,3,3.7,265.38,353.84,88.46,265.38,2022,May,5,Q2,Tuesday,0.0
10138,2022-05-18,1128,Electronics,North,4,39.73,0.05,Card,1,2.6,150.97,158.92,7.946,150.974,2022,May,5,Q2,Wednesday,-0.003999999999990678
10139,2022-05-19,1647,Electronics,East,4,358.25,0.23,Card,6,3.2,1103.41,1433.0,329.59000000000003,1103.4099999999999,2022,May,5,Q2,Thursday,2.2737367544323206e-13
10140,2022-05-20,1471,Electronics,East,5,175.63,0.31,Wallet,8,3.4,605.92,878.15,272.2265,605.9235,2022,May,5,Q2,Friday,-0.003500000000030923
10141,2022-05-21,1062,Electronics,South,2,34.0,0.15,COD,3,2.1,57.8,68.0,10.2,57.8,2022,May,5,Q2,Saturday,0.0
10142,2022-05-22,1138,Home,South,7,495.2,0.14,Card,4,2.4,2981.1,3466.4,485.29600000000005,2981.1040000000003,2022,May,5,Q2,Sunday,-0.00400000000036016
10143,2022-05-23,1498,Clothing,North,7,176.3,0.16,Card,5,1.1,1036.64,1234.1000000000001,197.45600000000002,1036.6440000000002,2022,May,5,Q2,Monday,-0.004000000000132786
10144,2022-05-24,1592,Electronics,North,5,480.98,0.03,COD,7,4.4,2332.75,2404.9,72.147,2332.753,2022,May,5,Q2,Tuesday,-0.003000000000156433
10145,2022-05-25,1391,Clothing,West,6,183.61,0.31,COD,11,4.0,760.15,1101.66,341.51460000000003,760.1454000000001,2022,May,5,Q2,Wednesday,0.004599999999868487
10146,2022-05-26,1674,Electronics,North,4,128.68,0.3,Card,6,1.7,360.3,514.72,154.416,360.30400000000003,2022,May,5,Q2,Thursday,-0.004000000000019099
10147,2022-05-27,1418,Electronics,South,4,584.75,0.35,COD,2,2.4,1520.35,2339.0,818.65,1520.35,2022,May,5,Q2,Friday,0.0
10148,2022-05-28,1288,Clothing,East,5,226.56,0.2,Card,7,2.7,906.24,1132.8,226.56,906.24,2022,May,5,Q2,Saturday,0.0
10149,2022-05-29,1378,Beauty,West,4,366.81,0.26,Card,8,2.3,1085.76,1467.24,381.48240000000004,1085.7576,2022,May,5,Q2,Sunday,0.0024000000000796717
10150,2022-05-30,1772,Home,North,6,371.84,0.07,COD,1,4.2,2074.87,2231.04,156.17280000000002,2074.8672,2022,May,5,Q2,Monday,0.00279999999975189
10151,2022-05-31,1489,Electronics,North,3,342.88,0.23,Card,6,3.9,792.05,1028.6399999999999,236.58719999999997,792.0527999999999,2022,May,5,Q2,Tuesday,-0.0027999999999792635
10152,2022-06-01,1230,Beauty,South,1,550.1,0.23,Wallet,11,4.1,423.58,550.1,126.52300000000001,423.577,2022,June,6,Q2,Wednesday,0.002999999999985903
10153,2022-06-02,1040,Home,West,1,409.55,0.32,Card,9,4.6,278.49,409.55,131.056,278.494,2022,June,6,Q2,Thursday,-0.004000000000019099
10154,2022-06-03,1027,Home,North,1,251.18,0.29,COD,7,3.4,178.34,251.18,72.84219999999999,178.33780000000002,2022,June,6,Q2,Friday,0.0021999999999877673
10155,2022-06-04,1134,Clothing,East,3,519.49,0.33,Card,5,3.5,1044.17,1558.47,514.2951,1044.1749,2022,June,6,Q2,Saturday,-0.004899999999906868
10156,2022-06-05,1200,Clothing,South,4,120.92,0.3,Card,10,3.9,338.58,483.68,145.10399999999998,338.576,2022,June,6,Q2,Sunday,0.003999999999962256
10157,2022-06-06,1839,Electronics,West,5,333.38,0.3,COD,11,3.7,1166.83,1666.9,500.07,1166.8300000000002,2022,June,6,Q2,Monday,-2.2737367544323206e-13
10158,2022-06-07,1779,Electronics,North,7,571.07,0.02,COD,10,4.5,3917.54,3997.4900000000002,79.94980000000001,3917.5402000000004,2022,June,6,Q2,Tuesday,-0.00020000000040454324
10159,2022-06-08,1929,Electronics,North,2,380.86,0.3,COD,9,4.1,533.2,761.72,228.516,533.2040000000001,2022,June,6,Q2,Wednesday,-0.004000000000019099
10160,2022-06-09,1032,Electronics,West,4,492.93,0.21,COD,2,1.5,1557.66,1971.72,414.0612,1557.6588000000002,2022,June,6,Q2,Thursday,0.001199999999926149
10161,2022-06-10,1047,Clothing,South,3,397.33,0.13,COD,7,4.7,1037.03,1191.99,154.9587,1037.0313,2022,June,6,Q2,Friday,-0.0013000000001284207
10162,2022-06-11,1502,Home,West,6,506.03,0.02,COD,9,3.7,2975.46,3036.18,60.7236,2975.4564,2022,June,6,Q2,Saturday,0.0036000000000058208
10163,2022-06-12,1406,Clothing,West,3,567.53,0.24,COD,2,1.5,1293.97,1702.59,408.62159999999994,1293.9684,2022,June,6,Q2,Sunday,0.0016000000000531145
10164,2022-06-13,1573,Electronics,South,7,174.66,0.11,COD,11,4.1,1088.13,1222.62,134.48819999999998,1088.1317999999999,2022,June,6,Q2,Monday,-0.0017999999997755367
10165,2022-06-14,1727,Beauty,North,1,114.25,0.16,COD,10,2.4,95.97,114.25,18.28,95.97,2022,June,6,Q2,Tuesday,0.0
10166,2022-06-15,1804,Beauty,East,4,298.13,0.24,Wallet,6,4.2,906.32,1192.52,286.2048,906.3152,2022,June,6,Q2,Wednesday,0.004800000000045657
10167,2022-06-16,1098,Home,South,7,425.59,0.32,Card,9,4.8,2025.81,2979.1299999999997,953.3215999999999,2025.8084,2022,June,6,Q2,Thursday,0.0016000000000531145
10168,2022-06-17,1683,Beauty,East,1,147.91,0.29,COD,3,2.0,105.02,147.91,42.893899999999995,105.0161,2022,June,6,Q2,Friday,0.003900000000001569
10169,2022-06-18,1871,Clothing,North,2,17.4,0.16,Card,8,4.4,29.23,34.8,5.568,29.232,2022,June,6,Q2,Saturday,-0.0019999999999988916
10170,2022-06-19,1725,Beauty,West,6,215.62,0.14,Card,5,4.1,1112.6,1293.72,181.12080000000003,1112.5992,2022,June,6,Q2,Sunday,0.0007999999997991836
10171,2022-06-20,1986,Electronics,East,1,581.78,0.08,Card,7,3.7,535.24,581.78,46.5424,535.2375999999999,2022,June,6,Q2,Monday,0.0024000000000796717
10172,2022-06-21,1546,Clothing,North,2,421.56,0.13,Wallet,3,2.5,733.51,843.12,109.60560000000001,733.5144,2022,June,6,Q2,Tuesday,-0.004400000000032378
10173,2022-06-22,1960,Electronics,North,3,249.78,0.04,COD,8,1.4,719.37,749.34,29.9736,719.3664,2022,June,6,Q2,Wednesday,0.0036000000000058208
10174,2022-06-23,1738,Electronics,West,1,127.66,0.34,COD,2,2.9,84.26,127.66,43.4044,84.25559999999999,2022,June,6,Q2,Thursday,0.004400000000018167
10175,2022-06-24,1612,Electronics,West,1,223.31,0.2,Card,8,1.4,178.65,223.31,44.662000000000006,178.648,2022,June,6,Q2,Friday,0.0020000000000095497
10176,2022-06-25,1942,Clothing,North,5,114.36,0.04,COD,2,3.0,548.93,571.8,22.872,548.928,2022,June,6,Q2,Saturday,0.0019999999999527063
10177,2022-06-26,1461,Home,North,6,77.19,0.12,Wallet,7,4.3,407.56,463.14,55.5768,407.5632,2022,June,6,Q2,Sunday,-0.003199999999992542
10178,2022-06-27,1642,Clothing,East,6,545.44,0.19,Card,2,5.0,2650.84,3272.6400000000003,621.8016000000001,2650.8384,2022,June,6,Q2,Monday,0.0016000000000531145
10179,2022-06-28,1768,Electronics,North,7,598.63,0.19,Card,7,1.8,3394.23,4190.41,796.1779,3394.2320999999997,2022,June,6,Q2,Tuesday,-0.0020999999997002305
10180,2022-06-29,1004,Home,North,3,111.01,0.01,Card,1,1.8,329.7,333.03000000000003,3.3303000000000003,329.6997,2022,June,6,Q2,Wednesday,0.00029999999998153726
10181,2022-06-30,1217,Clothing,East,5,46.9,0.33,COD,6,4.2,157.11,234.5,77.385,157.115,2022,June,6,Q2,Thursday,-0.0049999999999954525
10182,2022-07-01,1502,Clothing,South,7,207.89,0.1,COD,10,2.9,1309.71,1455.23,145.523,1309.707,2022,July,7,Q3,Friday,0.0029999999999290594
10183,2022-07-02,1766,Home,East,2,285.07,0.01,COD,7,4.7,564.44,570.14,5.7014,564.4386,2022,July,7,Q3,Saturday,0.0014000000001033186
10184,2022-07-03,1397,Electronics,East,7,134.82,0.03,COD,4,4.1,915.43,943.74,28.3122,915.4278,2022,July,7,Q3,Sunday,0.002199999999902502
10185,2022-07-04,1870,Electronics,West,2,191.33,0.2,Card,11,3.9,306.13,382.66,76.53200000000001,306.12800000000004,2022,July,7,Q3,Monday,0.0019999999999527063
10186,2022-07-05,1794,Beauty,East,3,132.51,0.05,COD,11,1.4,377.65,397.53,19.8765,377.65349999999995,2022,July,7,Q3,Tuesday,-0.0034999999999740794
10187,2022-07-06,1392,Electronics,North,6,467.94,0.01,Card,1,1.1,2779.56,2807.64,28.0764,2779.5636,2022,July,7,Q3,Wednesday,-0.0036000000000058208
10188,2022-07-07,1206,Clothing,North,2,431.86,0.13,Card,6,2.3,751.44,863.72,112.2836,751.4364,2022,July,7,Q3,Thursday,0.0036000000000058208
10189,2022-07-08,1014,Beauty,North,3,386.45,0.22,COD,4,1.9,904.29,1159.35,255.057,904.2929999999999,2022,July,7,Q3,Friday,-0.0029999999999290594
10190,2022-07-09,1857,Home,South,7,241.52,0.04,Wallet,3,3.8,1623.01,1690.64,67.6256,1623.0144,2022,July,7,Q3,Saturday,-0.004400000000032378
10191,2022-07-10,1553,Electronics,North,2,546.79,0.11,COD,4,2.8,973.29,1093.58,120.29379999999999,973.2861999999999,2022,July,7,Q3,Sunday,0.0038000000000693035
10192,2022-07-11,1891,Electronics,South,4,582.18,0.15,COD,6,3.1,1979.41,2328.72,349.30799999999994,1979.4119999999998,2022,July,7,Q3,Monday,-0.0019999999997253326
10193,2022-07-12,1460,Electronics,North,1,116.58,0.06,Card,5,4.3,109.59,116.58,6.9948,109.5852,2022,July,7,Q3,Tuesday,0.004800000000003024
10194,2022-07-13,1690,Clothing,East,7,145.46,0.18,Card,2,2.9,834.94,1018.22,183.2796,834.9404000000001,2022,July,7,Q3,Wednesday,-0.0004000000000132786
10195,2022-07-14,1574,Clothing,West,6,322.49,0.03,Card,2,3.2,1876.89,1934.94,58.0482,1876.8918,2022,July,7,Q3,Thursday,-0.0018000000000029104
10196,2022-07-15,1863,Electronics,North,7,68.38,0.02,Wallet,3,4.4,469.09,478.65999999999997,9.5732,469.0868,2022,July,7,Q3,Friday,0.003199999999992542
10197,2022-07-16,1742,Beauty,South,4,270.32,0.18,Wallet,11,2.7,886.65,1081.28,194.63039999999998,886.6496,2022,July,7,Q3,Saturday,0.0004000000000132786
10198,2022-07-17,1240,Clothing,South,3,355.35,0.09,Wallet,6,1.3,970.11,1066.0500000000002,95.94450000000002,970.1055000000001,2022,July,7,Q3,Sunday,0.004499999999893589
10199,2022-07-18,1563,Electronics,West,3,320.41,0.03,Card,1,3.1,932.39,961.23,28.8369,932.3931,2022,July,7,Q3,Monday,-0.003100000000017644
10200,2022-07-19,1095,Clothing,North,7,208.58,0.15,COD,11,3.3,1241.05,1460.0600000000002,219.00900000000001,1241.0510000000002,2022,July,7,Q3,Tuesday,-0.0010000000002037268
10201,2022-07-20,1899,Home,East,4,332.33,0.32,COD,7,3.0,903.94,1329.32,425.38239999999996,903.9376,2022,July,7,Q3,Wednesday,0.0024000000000796717
10202,2022-07-21,1733,Electronics,North,7,575.9,0.25,COD,8,2.0,3023.48,4031.2999999999997,1007.8249999999999,3023.475,2022,July,7,Q3,Thursday,0.005000000000109139
10203,2022-07-22,1484,Electronics,North,1,135.52,0.29,COD,7,1.9,96.22,135.52,39.3008,96.2192,2022,July,7,Q3,Friday,0.0007999999999981355
10204,2022-07-23,1406,Home,West,1,398.08,0.31,COD,11,2.5,274.68,398.08,123.4048,274.6752,2022,July,7,Q3,Saturday,0.004799999999988813
10205,2022-07-24,1230,Clothing,North,5,40.39,0.34,Card,3,1.7,133.29,201.95,68.663,133.28699999999998,2022,July,7,Q3,Sunday,0.0030000000000143245
10206,2022-07-25,1748,Clothing,East,2,53.85,0.27,Card,6,3.7,78.62,107.7,29.079000000000004,78.621,2022,July,7,Q3,Monday,-0.000999999999990564
10207,2022-07-26,1654,Clothing,South,5,337.82,0.21,Card,4,3.5,1334.39,1689.1,354.71099999999996,1334.389,2022,July,7,Q3,Tuesday,0.0010000000002037268
10208,2022-07-27,1170,Electronics,West,1,76.39,0.13,Card,5,3.5,66.46,76.39,9.9307,66.4593,2022,July,7,Q3,Wednesday,0.0006999999999948159
10209,2022-07-28,1540,Electronics,East,4,28.07,0.06,Card,3,1.9,105.54,112.28,6.7368,105.5432,2022,July,7,Q3,Thursday,-0.003199999999992542
10210,2022-07-29,1035,Clothing,South,2,115.34,0.24,Card,5,2.0,175.32,230.68,55.3632,175.3168,2022,July,7,Q3,Friday,0.003199999999992542
10211,2022-07-30,1524,Electronics,West,4,345.44,0.35,Card,6,4.1,898.14,1381.76,483.616,898.144,2022,July,7,Q3,Saturday,-0.004000000000019099
10212,2022-07-31,1159,Electronics,West,5,426.45,0.16,COD,8,3.8,1791.09,2132.25,341.16,1791.09,2022,July,7,Q3,Sunday,0.0
10213,2022-08-01,1838,Home,South,3,133.45,0.25,Wallet,6,4.5,300.26,400.34999999999997,100.08749999999999,300.2625,2022,August,8,Q3,Monday,-0.0024999999999977263
10214,2022-08-02,1698,Beauty,South,4,405.93,0.17,Wallet,9,2.6,1347.69,1623.72,276.03240000000005,1347.6876,2022,August,8,Q3,Tuesday,0.0024000000000796717
10215,2022-08-03,1242,Home,East,5,121.75,0.15,Card,10,3.2,517.44,608.75,91.3125,517.4375,2022,August,8,Q3,Wednesday,0.0025000000000545697
10216,2022-08-04,1085,Beauty,North,5,373.87,0.14,Card,10,4.0,1607.64,1869.35,261.709,1607.6409999999998,2022,August,8,Q3,Thursday,-0.0009999999997489795
10217,2022-08-05,1795,Electronics,North,5,256.0,0.18,Card,10,4.9,1049.6,1280.0,230.39999999999998,1049.6,2022,August,8,Q3,Friday,0.0
10218,2022-08-06,1577,Beauty,North,3,397.47,0.13,Wallet,10,5.0,1037.4,1192.41,155.01330000000002,1037.3967,2022,August,8,Q3,Saturday,0.003300000000081127
10219,2022-08-07,1681,Electronics,North,3,597.11,0.26,COD,4,5.0,1325.58,1791.33,465.7458,1325.5842,2022,August,8,Q3,Sunday,-0.004200000000082582
10220,2022-08-08,1556,Beauty,North,7,563.62,0.31,Card,2,4.6,2722.28,3945.34,1223.0554,2722.2846,2022,August,8,Q3,Monday,-0.0045999999997548
10221,2022-08-09,1573,Beauty,East,3,17.5,0.31,Wallet,9,3.6,36.22,52.5,16.275,36.225,2022,August,8,Q3,Tuesday,-0.005000000000002558
10222,2022-08-10,1952,Home,West,2,532.98,0.08,Card,11,1.0,980.68,1065.96,85.27680000000001,980.6832,2022,August,8,Q3,Wednesday,-0.003200000000106229
10223,2022-08-11,1645,Beauty,East,3,53.9,0.31,Wallet,3,3.8,111.57,161.7,50.126999999999995,111.573,2022,August,8,Q3,Thursday,-0.0030000000000001137
10224,2022-08-12,1795,Clothing,East,3,572.53,0.12,Card,11,2.0,1511.48,1717.59,206.11079999999998,1511.4792,2022,August,8,Q3,Friday,0.0008000000000265572
10225,2022-08-13,1027,Electronics,East,3,179.87,0.11,Card,7,1.2,480.25,539.61,59.3571,480.2529,2022,August,8,Q3,Saturday,-0.002900000000011005
10226,2022-08-14,1619,Clothing,West,4,238.49,0.25,COD,4,3.8,715.47,953.96,238.49,715.47,2022,August,8,Q3,Sunday,0.0
10227,2022-08-15,1555,Clothing,East,3,68.61,0.11,Wallet,1,4.0,183.19,205.82999999999998,22.641299999999998,183.18869999999998,2022,August,8,Q3,Monday,0.0013000000000147338
10228,2022-08-16,1339,Electronics,East,2,80.68,0.02,Wallet,8,3.6,158.13,161.36,3.2272000000000003,158.1328,2022,August,8,Q3,Tuesday,-0.0028000000000076852
10229,2022-08-17,1797,Clothing,West,5,440.14,0.13,COD,4,2.5,1914.61,2200.7,286.091,1914.609,2022,August,8,Q3,Wednesday,0.0009999999999763531
10230,2022-08-18,1957,Beauty,East,4,567.43,0.25,Card,11,3.0,1702.29,2269.72,567.43,1702.29,2022,August,8,Q3,Thursday,0.0
10231,2022-08-19,1330,Electronics,North,1,372.29,0.11,Card,6,4.7,331.34,372.29,40.9519,331.3381,2022,August,8,Q3,Friday,0.0018999999999778083
10232,2022-08-20,1639,Home,South,3,433.77,0.22,Wallet,7,3.9,1015.02,1301.31,286.2882,1015.0218,2022,August,8,Q3,Saturday,-0.0018000000000029104
10233,2022-08-21,1505,Beauty,East,7,460.75,0.23,COD,8,3.0,2483.44,3225.25,741.8075,2483.4425,2022,August,8,Q3,Sunday,-0.0025000000000545697
10234,2022-08-22,1347,Beauty,South,7,168.75,0.26,COD,10,3.4,874.12,1181.25,307.125,874.125,2022,August,8,Q3,Monday,-0.0049999999999954525
10235,2022-08-23,1472,Beauty,East,5,41.46,0.31,Card,2,4.7,143.04,207.3,64.263,143.037,2022,August,8,Q3,Tuesday,0.002999999999985903
10236,2022-08-24,1230,Clothing,East,5,16.1,0.15,COD,9,2.6,68.42,80.5,12.075,68.425,2022,August,8,Q3,Wednesday,-0.0049999999999954525
10237,2022-08-25,1189,Beauty,North,4,220.13,0.06,Card,10,1.4,827.69,880.52,52.831199999999995,827.6888,2022,August,8,Q3,Thursday,0.0012000000000398359
10238,2022-08-26,1224,Home,West,7,156.26,0.11,COD,3,2.3,973.5,1093.82,120.3202,973.4997999999999,2022,August,8,Q3,Friday,0.00020000000006348273
10239,2022-08-27,1384,Electronics,South,1,51.46,0.15,Wallet,1,2.7,43.74,51.46,7.718999999999999,43.741,2022,August,8,Q3,Saturday,-0.0009999999999976694
10240,2022-08-28,1376,Clothing,West,6,120.02,0.25,COD,2,2.1,540.09,720.12,180.03,540.09,2022,August,8,Q3,Sunday,0.0
10241,2022-08-29,1282,Home,North,7,87.83,0.0,COD,8,3.1,614.81,614.81,0.0,614.81,2022,August,8,Q3,Monday,0.0
10242,2022-08-30,1957,Electronics,North,7,550.2,0.11,Card,10,2.2,3427.75,3851.4000000000005,423.65400000000005,3427.7460000000005,2022,August,8,Q3,Tuesday,0.003999999999450665
10243,2022-08-31,1632,Clothing,South,2,97.06,0.27,Card,6,1.4,141.71,194.12,52.412400000000005,141.7076,2022,August,8,Q3,Wednesday,0.0023999999999944066
10244,2022-09-01,1627,Home,West,6,329.52,0.23,Wallet,11,1.8,1522.38,1977.12,454.7376,1522.3824,2022,September,9,Q3,Thursday,-0.002399999999852298
10245,2022-09-02,1972,Electronics,North,5,361.97,0.26,Card,1,4.7,1339.29,1809.8500000000001,470.56100000000004,1339.2890000000002,2022,September,9,Q3,Friday,0.0009999999997489795
10246,2022-09-03,1744,Clothing,East,6,332.94,0.28,Wallet,11,3.5,1438.3,1997.6399999999999,559.3392,1438.3008,2022,September,9,Q3,Saturday,-0.0008000000000265572
10247,2022-09-04,1258,Home,East,7,72.95,0.27,COD,9,2.3,372.77,510.65000000000003,137.87550000000002,372.7745,2022,September,9,Q3,Sunday,-0.004500000000007276
10248,2022-09-05,1358,Clothing,East,5,201.5,0.24,COD,7,2.5,765.7,1007.5,241.79999999999998,765.7,2022,September,9,Q3,Monday,0.0
10249,2022-09-06,1709,Electronics,West,6,44.99,0.15,Wallet,10,3.0,229.45,269.94,40.491,229.449,2022,September,9,Q3,Tuesday,0.0009999999999763531
10250,2022-09-07,1455,Electronics,East,5,246.47,0.34,COD,11,3.7,813.35,1232.35,418.999,813.3509999999999,2022,September,9,Q3,Wednesday,-0.0009999999998626663
10251,2022-09-08,1410,Clothing,East,5,125.33,0.2,Wallet,3,3.3,501.32,626.65,125.33,501.32,2022,September,9,Q3,Thursday,0.0
10252,2022-09-09,1648,Beauty,North,4,343.56,0.07,Card,7,4.7,1278.04,1374.24,96.19680000000001,1278.0432,2022,September,9,Q3,Friday,-0.003200000000106229
10253,2022-09-10,1317,Electronics,North,1,420.29,0.1,COD,6,3.5,378.26,420.29,42.029,378.261,2022,September,9,Q3,Saturday,-0.0010000000000331966
10254,2022-09-11,1676,Clothing,East,5,326.29,0.24,COD,3,4.6,1239.9,1631.45,391.548,1239.902,2022,September,9,Q3,Sunday,-0.0019999999999527063
10255,2022-09-12,1224,Electronics,East,2,269.03,0.32,Card,8,1.0,365.88,538.06,172.17919999999998,365.88079999999997,2022,September,9,Q3,Monday,-0.0007999999999697138
10256,2022-09-13,1818,Electronics,North,7,241.59,0.06,COD,1,4.6,1589.66,1691.13,101.4678,1589.6622000000002,2022,September,9,Q3,Tuesday,-0.002200000000129876
10257,2022-09-14,1233,Home,South,7,507.39,0.03,COD,5,3.9,3445.18,3551.73,106.5519,3445.1781,2022,September,9,Q3,Wednesday,0.0018999999997504347
10258,2022-09-15,1683,Home,West,2,143.33,0.31,Wallet,8,1.7,197.8,286.66,88.86460000000001,197.79540000000003,2022,September,9,Q3,Thursday,0.004599999999982174
10259,2022-09-16,1663,Electronics,West,3,444.52,0.32,Card,3,2.1,906.82,1333.56,426.7392,906.8208,2022,September,9,Q3,Friday,-0.0007999999999128704
10260,2022-09-17,1974,Clothing,North,5,458.13,0.1,COD,11,3.2,2061.58,2290.65,229.06500000000003,2061.585,2022,September,9,Q3,Saturday,-0.005000000000109139
10261,2022-09-18,1826,Electronics,West,5,260.23,0.13,Card,10,1.5,1132.0,1301.15,169.14950000000002,1132.0005,2022,September,9,Q3,Sunday,-0.0005000000001018634
10262,2022-09-19,1373,Clothing,North,5,188.92,0.23,COD,11,4.1,727.34,944.5999999999999,217.25799999999998,727.3419999999999,2022,September,9,Q3,Monday,-0.0019999999998390194
10263,2022-09-20,1671,Home,North,6,290.27,0.12,COD,6,4.2,1532.63,1741.62,208.99439999999998,1532.6255999999998,2022,September,9,Q3,Tuesday,0.004400000000259752
10264,2022-09-21,1607,Electronics,North,5,69.53,0.31,COD,10,2.2,239.88,347.65,107.77149999999999,239.87849999999997,2022,September,9,Q3,Wednesday,0.0015000000000213731
10265,2022-09-22,1471,Electronics,North,5,41.87,0.04,Card,11,1.3,200.98,209.35,8.374,200.976,2022,September,9,Q3,Thursday,0.003999999999990678
10266,2022-09-23,1232,Clothing,South,2,80.29,0.01,Card,2,5.0,158.97,160.58,1.6058000000000001,158.97420000000002,2022,September,9,Q3,Friday,-0.004200000000025739
10267,2022-09-24,1691,Beauty,East,1,124.48,0.07,Card,9,2.0,115.77,124.48,8.713600000000001,115.7664,2022,September,9,Q3,Saturday,0.00359999999999161
10268,2022-09-25,1112,Beauty,East,1,309.94,0.1,Card,2,1.3,278.95,309.94,30.994,278.946,2022,September,9,Q3,Sunday,0.003999999999962256
10269,2022-09-26,1829,Electronics,South,3,511.74,0.04,COD,5,2.3,1473.81,1535.22,61.4088,1473.8112,2022,September,9,Q3,Monday,-0.0012000000001535227
10270,2022-09-27,1496,Home,West,2,152.85,0.02,Wallet,3,4.9,299.59,305.7,6.114,299.586,2022,September,9,Q3,Tuesday,0.003999999999962256
10271,2022-09-28,1441,Clothing,West,5,562.07,0.26,Card,10,4.2,2079.66,2810.3500000000004,730.6910000000001,2079.659,2022,September,9,Q3,Wednesday,0.0009999999997489795
10272,2022-09-29,1563,Clothing,East,1,573.62,0.06,Card,9,2.9,539.2,573.62,34.4172,539.2028,2022,September,9,Q3,Thursday,-0.0027999999999792635
10273,2022-09-30,1267,Home,West,4,575.96,0.32,COD,9,2.2,1566.61,2303.84,737.2288000000001,1566.6112,2022,September,9,Q3,Friday,-0.0012000000001535227
10274,2022-10-01,1509,Beauty,East,4,504.97,0.13,COD,7,2.7,1757.3,2019.88,262.5844,1757.2956000000001,2022,October,10,Q4,Saturday,0.004399999999805004
10275,2022-10-02,1806,Beauty,East,4,227.84,0.23,Card,10,1.1,701.75,911.36,209.61280000000002,701.7472,2022,October,10,Q4,Sunday,0.0027999999999792635
10276,2022-10-03,1385,Clothing,South,5,57.52,0.08,Card,5,3.9,264.59,287.6,23.008000000000003,264.59200000000004,2022,October,10,Q4,Monday,-0.002000000000066393
10277,2022-10-04,1386,Clothing,West,5,347.76,0.08,Card,9,1.4,1599.7,1738.8,139.104,1599.696,2022,October,10,Q4,Tuesday,0.004000000000132786
10278,2022-10-05,1112,Home,South,3,341.83,0.2,Card,7,3.1,820.39,1025.49,205.098,820.392,2022,October,10,Q4,Wednesday,-0.002000000000066393
10279,2022-10-06,1612,Electronics,East,7,512.24,0.2,Card,2,3.3,2868.54,3585.6800000000003,717.1360000000001,2868.5440000000003,2022,October,10,Q4,Thursday,-0.00400000000036016
10280,2022-10-07,1624,Clothing,East,3,597.65,0.27,Card,10,1.0,1308.85,1792.9499999999998,484.0965,1308.8534999999997,2022,October,10,Q4,Friday,-0.003499999999803549
10281,2022-10-08,1951,Clothing,East,3,312.27,0.27,COD,1,4.9,683.87,936.81,252.9387,683.8712999999999,2022,October,10,Q4,Saturday,-0.001299999999901047
10282,2022-10-09,1080,Home,North,6,216.94,0.23,COD,10,2.2,1002.26,1301.6399999999999,299.37719999999996,1002.2628,2022,October,10,Q4,Sunday,-0.0027999999999792635
10283,2022-10-10,1698,Electronics,North,4,123.75,0.16,Card,10,1.3,415.8,495.0,79.2,415.8,2022,October,10,Q4,Monday,0.0
10284,2022-10-11,1112,Electronics,North,5,17.81,0.31,COD,4,4.4,61.44,89.05,27.6055,61.4445,2022,October,10,Q4,Tuesday,-0.0045000000000001705
10285,2022-10-12,1001,Beauty,South,4,312.83,0.22,COD,10,1.6,976.03,1251.32,275.2904,976.0296,2022,October,10,Q4,Wednesday,0.0004000000000132786
10286,2022-10-13,1641,Electronics,East,3,339.98,0.35,Wallet,8,1.1,662.96,1019.94,356.979,662.961,2022,October,10,Q4,Thursday,-0.0009999999999763531
10287,2022-10-14,1219,Clothing,West,5,497.59,0.29,Card,6,3.0,1766.44,2487.95,721.5054999999999,1766.4445,2022,October,10,Q4,Friday,-0.004500000000007276
10288,2022-10-15,1565,Electronics,South,2,310.18,0.02,COD,2,1.5,607.95,620.36,12.407200000000001,607.9528,2022,October,10,Q4,Saturday,-0.0027999999999792635
10289,2022-10-16,1854,Electronics,South,1,551.13,0.11,COD,5,4.9,490.51,551.13,60.6243,490.5057,2022,October,10,Q4,Sunday,0.004300000000000637
10290,2022-10-17,1996,Electronics,South,1,382.43,0.2,Card,9,1.0,305.94,382.43,76.486,305.944,2022,October,10,Q4,Monday,-0.004000000000019099
10291,2022-10-18,1735,Electronics,West,3,506.6,0.25,Wallet,6,1.2,1139.85,1519.8000000000002,379.95000000000005,1139.8500000000001,2022,October,10,Q4,Tuesday,-2.2737367544323206e-13
10292,2022-10-19,1224,Beauty,East,7,101.76,0.19,COD,6,4.3,576.98,712.32,135.3408,576.9792,2022,October,10,Q4,Wednesday,0.0008000000000265572
10293,2022-10-20,1384,Electronics,North,4,515.37,0.28,COD,7,2.0,1484.27,2061.48,577.2144000000001,1484.2656,2022,October,10,Q4,Thursday,0.004400000000032378
10294,2022-10-21,1402,Beauty,East,2,409.96,0.1,Card,11,4.6,737.93,819.92,81.992,737.928,2022,October,10,Q4,Friday,0.0019999999999527063
10295,2022-10-22,1637,Clothing,East,5,114.59,0.06,Card,5,2.2,538.57,572.95,34.377,538.5730000000001,2022,October,10,Q4,Saturday,-0.0030000000000427463
10296,2022-10-23,1129,Clothing,South,7,126.01,0.02,COD,3,1.3,864.43,882.07,17.6414,864.4286000000001,2022,October,10,Q4,Sunday,0.001399999999875945
10297,2022-10-24,1052,Clothing,South,4,557.0,0.2,Card,3,1.0,1782.4,2228.0,445.6,1782.4,2022,October,10,Q4,Monday,0.0
10298,2022-10-25,1683,Clothing,South,3,33.85,0.24,COD,5,2.1,77.18,101.55000000000001,24.372000000000003,77.17800000000001,2022,October,10,Q4,Tuesday,0.001999999999995339
10299,2022-10-26,1729,Home,North,4,285.58,0.11,Card,4,2.9,1016.66,1142.32,125.6552,1016.6647999999999,2022,October,10,Q4,Wednesday,-0.00479999999993197
10300,2022-10-27,1671,Electronics,North,3,198.38,0.21,COD,5,1.0,470.16,595.14,124.9794,470.1606,2022,October,10,Q4,Thursday,-0.0005999999999630745
10301,2022-10-28,1709,Clothing,North,6,404.07,0.02,COD,9,3.3,2375.93,2424.42,48.488400000000006,2375.9316,2022,October,10,Q4,Friday,-0.0016000000000531145
10302,2022-10-29,1415,Beauty,East,1,506.18,0.03,Card,5,2.3,490.99,506.18,15.1854,490.9946,2022,October,10,Q4,Saturday,-0.004599999999982174
10303,2022-10-30,1246,Beauty,South,7,225.82,0.25,COD,4,2.6,1185.56,1580.74,395.185,1185.555,2022,October,10,Q4,Sunday,0.004999999999881766
10304,2022-10-31,1835,Beauty,West,1,264.74,0.13,Card,4,2.0,230.32,264.74,34.4162,230.3238,2022,October,10,Q4,Monday,-0.00380000000001246
10305,2022-11-01,1438,Clothing,East,4,589.42,0.23,Card,1,3.1,1815.41,2357.68,542.2664,1815.4135999999999,2022,November,11,Q4,Tuesday,-0.003599999999778447
10306,2022-11-02,1202,Home,North,2,473.59,0.29,Card,10,1.9,672.5,947.18,274.68219999999997,672.4978,2022,November,11,Q4,Wednesday,0.002200000000016189
10307,2022-11-03,1183,Clothing,West,5,539.86,0.3,Card,4,1.5,1889.51,2699.3,809.7900000000001,1889.5100000000002,2022,November,11,Q4,Thursday,-2.2737367544323206e-13
10308,2022-11-04,1122,Clothing,West,3,271.68,0.06,Card,4,4.6,766.14,815.04,48.90239999999999,766.1376,2022,November,11,Q4,Friday,0.002399999999965985
10309,2022-11-05,1400,Electronics,South,5,151.93,0.17,Wallet,9,2.6,630.51,759.6500000000001,129.14050000000003,630.5095000000001,2022,November,11,Q4,Saturday,0.0004999999998744897
10310,2022-11-06,1766,Clothing,West,1,255.94,0.26,Card,11,1.3,189.4,255.94,66.5444,189.3956,2022,November,11,Q4,Sunday,0.004400000000003956
10311,2022-11-07,1293,Electronics,North,2,433.91,0.27,Card,4,1.9,633.51,867.82,234.31140000000002,633.5086,2022,November,11,Q4,Monday,0.0013999999999896318
10312,2022-11-08,1279,Electronics,South,2,79.02,0.27,Card,7,2.2,115.37,158.04,42.6708,115.36919999999999,2022,November,11,Q4,Tuesday,0.0008000000000123464
10313,2022-11-09,1836,Beauty,West,5,173.22,0.08,Card,1,4.1,796.81,866.1,69.288,796.812,2022,November,11,Q4,Wednesday,-0.002000000000066393
10314,2022-11-10,1883,Electronics,South,1,42.28,0.07,COD,7,1.1,39.32,42.28,2.9596000000000005,39.3204,2022,November,11,Q4,Thursday,-0.00039999999999906777
10315,2022-11-11,1609,Electronics,West,5,267.92,0.21,Card,2,2.9,1058.28,1339.6000000000001,281.31600000000003,1058.284,2022,November,11,Q4,Friday,-0.004000000000132786
10316,2022-11-12,1197,Electronics,East,4,499.06,0.26,COD,11,2.6,1477.22,1996.24,519.0224000000001,1477.2176,2022,November,11,Q4,Saturday,0.0024000000000796717
10317,2022-11-13,1981,Beauty,East,2,29.43,0.11,Card,8,4.9,52.39,58.86,6.4746,52.3854,2022,November,11,Q4,Sunday,0.00460000000000349
10318,2022-11-14,1906,Clothing,North,2,410.06,0.04,Wallet,1,1.7,787.32,820.12,32.8048,787.3152,2022,November,11,Q4,Monday,0.004800000000045657
10319,2022-11-15,1510,Clothing,East,4,560.51,0.25,Card,10,3.5,1681.53,2242.04,560.51,1681.53,2022,November,11,Q4,Tuesday,0.0
10320,2022-11-16,1751,Home,East,1,153.6,0.1,COD,3,1.8,138.24,153.6,15.36,138.24,2022,November,11,Q4,Wednesday,0.0
10321,2022-11-17,1143,Home,East,2,420.78,0.06,COD,8,3.2,791.07,841.56,50.493599999999994,791.0663999999999,2022,November,11,Q4,Thursday,0.0036000000001195076
10322,2022-11-18,1608,Electronics,West,7,585.43,0.05,Card,10,3.2,3893.11,4098.009999999999,204.90049999999997,3893.1094999999996,2022,November,11,Q4,Friday,0.0005000000005566108
10323,2022-11-19,1200,Home,West,6,577.93,0.11,COD,8,1.3,3086.15,3467.58,381.4338,3086.1462,2022,November,11,Q4,Saturday,0.0037999999999556167
10324,2022-11-20,1123,Home,South,6,152.43,0.21,COD,11,2.8,722.52,914.58,192.0618,722.5182,2022,November,11,Q4,Sunday,0.0018000000000029104
10325,2022-11-21,1186,Home,West,6,73.69,0.13,Card,5,2.8,384.66,442.14,57.4782,384.66179999999997,2022,November,11,Q4,Monday,-0.001799999999946067
10326,2022-11-22,1325,Electronics,East,3,101.75,0.01,COD,5,2.3,302.2,305.25,3.0525,302.1975,2022,November,11,Q4,Tuesday,0.0024999999999977263
10327,2022-11-23,1463,Beauty,West,7,425.69,0.03,Wallet,8,2.1,2890.44,2979.83,89.39489999999999,2890.4351,2022,November,11,Q4,Wednesday,0.004899999999906868
10328,2022-11-24,1348,Clothing,North,3,439.57,0.1,COD,10,1.9,1186.84,1318.71,131.871,1186.839,2022,November,11,Q4,Thursday,0.0009999999999763531
10329,2022-11-25,1770,Electronics,South,1,409.43,0.23,Wallet,5,1.0,315.26,409.43,94.16890000000001,315.2611,2022,November,11,Q4,Friday,-0.0011000000000080945
10330,2022-11-26,1659,Clothing,South,4,211.61,0.03,Card,9,1.0,821.05,846.44,25.3932,821.0468000000001,2022,November,11,Q4,Saturday,0.0031999999998788553
10331,2022-11-27,1763,Electronics,West,5,114.32,0.2,COD,1,3.4,457.28,571.5999999999999,114.32,457.2799999999999,2022,November,11,Q4,Sunday,5.684341886080802e-14
10332,2022-11-28,1954,Electronics,East,7,354.75,0.04,Wallet,5,2.2,2383.92,2483.25,99.33,2383.92,2022,November,11,Q4,Monday,0.0
10333,2022-11-29,1931,Home,South,1,297.95,0.07,Card,3,1.7,277.09,297.95,20.8565,277.0935,2022,November,11,Q4,Tuesday,-0.003500000000030923
10334,2022-11-30,1402,Electronics,North,5,441.37,0.06,Wallet,3,3.7,2074.44,2206.85,132.411,2074.439,2022,November,11,Q4,Wednesday,0.0010000000002037268
10335,2022-12-01,1345,Clothing,North,1,273.2,0.02,Card,2,3.1,267.74,273.2,5.4639999999999995,267.736,2022,December,12,Q4,Thursday,0.004000000000019099
10336,2022-12-02,1962,Clothing,South,3,213.1,0.23,Wallet,3,4.7,492.26,639.3,147.039,492.26099999999997,2022,December,12,Q4,Friday,-0.0009999999999763531
10337,2022-12-03,1510,Electronics,East,6,186.68,0.16,Card,7,4.3,940.87,1120.08,179.2128,940.8671999999999,2022,December,12,Q4,Saturday,0.0028000000000929504
10338,2022-12-04,1146,Beauty,East,4,138.71,0.29,Card,8,3.9,393.94,554.84,160.9036,393.93640000000005,2022,December,12,Q4,Sunday,0.0035999999999489773
10339,2022-12-05,1147,Electronics,West,3,170.46,0.03,Wallet,8,1.5,496.04,511.38,15.3414,496.0386,2022,December,12,Q4,Monday,0.0014000000000464752
10340,2022-12-06,1863,Electronics,West,4,70.48,0.05,Card,11,3.7,267.82,281.92,14.096000000000002,267.824,2022,December,12,Q4,Tuesday,-0.004000000000019099
10341,2022-12-07,1710,Electronics,South,7,217.91,0.11,Card,8,3.8,1357.58,1525.37,167.7907,1357.5792999999999,2022,December,12,Q4,Wednesday,0.0007000000000516593
10342,2022-12-08,1819,Electronics,West,5,36.39,0.27,Card,1,4.1,132.82,181.95,49.1265,132.8235,2022,December,12,Q4,Thursday,-0.003500000000002501
10343,2022-12-09,1488,Electronics,West,1,124.05,0.11,COD,11,2.1,110.4,124.05,13.6455,110.4045,2022,December,12,Q4,Friday,-0.004499999999993065
10344,2022-12-10,1928,Home,West,2,451.86,0.14,Wallet,7,3.6,777.2,903.72,126.52080000000002,777.1992,2022,December,12,Q4,Saturday,0.0008000000000265572
10345,2022-12-11,1935,Beauty,North,2,205.4,0.11,Card,2,3.5,365.61,410.8,45.188,365.612,2022,December,12,Q4,Sunday,-0.0020000000000095497
10346,2022-12-12,1639,Electronics,West,4,405.92,0.03,COD,11,2.5,1574.97,1623.68,48.7104,1574.9696000000001,2022,December,12,Q4,Monday,0.0003999999998995918
10347,2022-12-13,1550,Home,South,6,434.38,0.33,Card,10,3.7,1746.21,2606.2799999999997,860.0723999999999,1746.2075999999997,2022,December,12,Q4,Tuesday,0.0024000000003070454
10348,2022-12-14,1337,Home,East,6,354.99,0.19,COD,4,1.3,1725.25,2129.94,404.6886,1725.2514,2022,December,12,Q4,Wednesday,-0.0014000000001033186
10349,2022-12-15,1871,Home,West,4,575.84,0.28,Card,5,3.6,1658.42,2303.36,644.9408000000001,1658.4192,2022,December,12,Q4,Thursday,0.0008000000000265572
10350,2022-12-16,1640,Clothing,East,3,27.54,0.23,Card,1,3.4,63.62,82.62,19.0026,63.6174,2022,December,12,Q4,Friday,0.0025999999999939405
10351,2022-12-17,1778,Electronics,West,2,447.11,0.18,Card,4,1.8,733.26,894.22,160.9596,733.2604,2022,December,12,Q4,Saturday,-0.0004000000000132786
10352,2022-12-18,1987,Electronics,South,3,575.89,0.03,COD,4,4.3,1675.84,1727.67,51.8301,1675.8399000000002,2022,December,12,Q4,Sunday,9.999999974752427e-05
10353,2022-12-19,1952,Home,North,5,519.43,0.22,Wallet,9,4.5,2025.78,2597.1499999999996,571.3729999999999,2025.7769999999996,2022,December,12,Q4,Monday,0.0030000000003838068
10354,2022-12-20,1472,Home,South,2,113.22,0.05,COD,9,1.8,215.12,226.44,11.322000000000001,215.118,2022,December,12,Q4,Tuesday,0.0020000000000095497
10355,2022-12-21,1945,Electronics,North,5,206.19,0.15,Card,11,1.3,876.31,1030.95,154.6425,876.3075,2022,December,12,Q4,Wednesday,0.002499999999940883
10356,2022-12-22,1150,Clothing,West,1,115.88,0.22,COD,10,3.4,90.39,115.88,25.4936,90.3864,2022,December,12,Q4,Thursday,0.0036000000000058208
10357,2022-12-23,1414,Beauty,West,3,366.77,0.27,COD,1,2.9,803.23,1100.31,297.0837,803.2262999999999,2022,December,12,Q4,Friday,0.0037000000000944056
10358,2022-12-24,1989,Home,North,4,431.63,0.24,Card,8,2.7,1312.16,1726.52,414.3648,1312.1552,2022,December,12,Q4,Saturday,0.0048000000001593435
10359,2022-12-25,1297,Beauty,South,2,200.49,0.24,Card,4,4.0,304.74,400.98,96.2352,304.7448,2022,December,12,Q4,Sunday,-0.004799999999988813
10360,2022-12-26,1610,Home,South,3,330.61,0.05,Card,4,4.9,942.24,991.83,49.5915,942.2385,2022,December,12,Q4,Monday,0.0014999999999645297
10361,2022-12-27,1262,Clothing,North,4,419.19,0.12,COD,5,2.9,1475.55,1676.76,201.2112,1475.5488,2022,December,12,Q4,Tuesday,0.001199999999926149
10362,2022-12-28,1763,Clothing,West,1,261.48,0.02,COD,2,1.0,256.25,261.48,5.2296000000000005,256.2504,2022,December,12,Q4,Wednesday,-0.0004000000000132786
10363,2022-12-29,1143,Home,North,2,514.6,0.25,COD,1,3.4,771.9,1029.2,257.3,771.9000000000001,2022,December,12,Q4,Thursday,-1.1368683772161603e-13
10364,2022-12-30,1345,Electronics,West,5,466.36,0.33,Card,5,3.6,1562.31,2331.8,769.4940000000001,1562.306,2022,December,12,Q4,Friday,0.0039999999999054126
10365,2022-12-31,1623,Clothing,North,1,52.83,0.09,Card,7,4.3,48.08,52.83,4.7547,48.0753,2022,December,12,Q4,Saturday,0.004699999999999704
10366,2023-01-01,1571,Home,West,6,378.36,0.03,Wallet,10,1.8,2202.06,2270.16,68.1048,2202.0552,2023,January,1,Q1,Sunday,0.0048000000001593435
10367,2023-01-02,1880,Electronics,North,4,152.67,0.17,Card,9,3.1,506.86,610.68,103.8156,506.86439999999993,2023,January,1,Q1,Monday,-0.004399999999918691
10368,2023-01-03,1001,Home,East,2,341.15,0.3,Wallet,2,2.8,477.61,682.3,204.68999999999997,477.61,2023,January,1,Q1,Tuesday,0.0
10369,2023-01-04,1896,Clothing,West,2,574.78,0.19,COD,8,3.7,931.14,1149.56,218.41639999999998,931.1436,2023,January,1,Q1,Wednesday,-0.0036000000000058208
10370,2023-01-05,1303,Beauty,South,7,529.25,0.02,Card,7,1.3,3630.66,3704.75,74.095,3630.655,2023,January,1,Q1,Thursday,0.004999999999654392
10371,2023-01-06,1253,Electronics,North,7,251.64,0.34,COD,2,4.5,1162.58,1761.48,598.9032000000001,1162.5767999999998,2023,January,1,Q1,Friday,0.003200000000106229
10372,2023-01-07,1651,Electronics,South,1,185.54,0.29,Wallet,5,3.0,131.73,185.54,53.806599999999996,131.7334,2023,January,1,Q1,Saturday,-0.0033999999999991815
10373,2023-01-08,1452,Clothing,North,2,152.13,0.05,Card,7,4.5,289.05,304.26,15.213000000000001,289.04699999999997,2023,January,1,Q1,Sunday,0.0030000000000427463
10374,2023-01-09,1036,Electronics,South,4,326.52,0.32,Wallet,3,2.4,888.13,1306.08,417.9456,888.1343999999999,2023,January,1,Q1,Monday,-0.004399999999918691
10375,2023-01-10,1159,Home,South,1,81.84,0.16,Card,2,3.6,68.75,81.84,13.0944,68.7456,2023,January,1,Q1,Tuesday,0.004400000000003956
10376,2023-01-11,1008,Home,North,5,336.33,0.13,COD,6,4.8,1463.04,1681.6499999999999,218.6145,1463.0355,2023,January,1,Q1,Wednesday,0.004500000000007276
10377,2023-01-12,1232,Electronics,North,1,15.78,0.16,Wallet,10,4.8,13.26,15.78,2.5248,13.255199999999999,2023,January,1,Q1,Thursday,0.004800000000001248
10378,2023-01-13,1098,Clothing,South,1,204.45,0.29,Wallet,6,4.8,145.16,204.45,59.290499999999994,145.15949999999998,2023,January,1,Q1,Friday,0.0005000000000165983
10379,2023-01-14,1658,Clothing,South,5,143.66,0.23,COD,11,1.2,553.09,718.3,165.209,553.0909999999999,2023,January,1,Q1,Saturday,-0.0009999999998626663
10380,2023-01-15,1815,Clothing,South,6,583.16,0.02,COD,4,2.6,3428.98,3498.96,69.9792,3428.9808,2023,January,1,Q1,Sunday,-0.0007999999997991836
10381,2023-01-16,1207,Beauty,West,7,440.44,0.34,Card,1,1.2,2034.83,3083.08,1048.2472,2034.8328,2023,January,1,Q1,Monday,-0.0027999999999792635
10382,2023-01-17,1130,Home,West,4,219.55,0.05,Card,5,2.2,834.29,878.2,43.910000000000004,834.2900000000001,2023,January,1,Q1,Tuesday,-1.1368683772161603e-13
10383,2023-01-18,1403,Home,East,6,69.31,0.26,Card,1,1.7,307.74,415.86,108.12360000000001,307.7364,2023,January,1,Q1,Wednesday,0.0036000000000058208
10384,2023-01-19,1151,Home,West,6,317.33,0.22,Card,11,3.5,1485.1,1903.98,418.8756,1485.1044,2023,January,1,Q1,Thursday,-0.004400000000032378
10385,2023-01-20,1053,Clothing,West,6,139.87,0.07,Card,11,4.1,780.47,839.22,58.74540000000001,780.4746,2023,January,1,Q1,Friday,-0.004599999999982174
10386,2023-01-21,1119,Beauty,North,7,328.81,0.06,Card,8,3.1,2163.57,2301.67,138.1002,2163.5698,2023,January,1,Q1,Saturday,0.0001999999999497959
10387,2023-01-22,1672,Home,East,3,503.69,0.3,Wallet,2,4.2,1057.75,1511.07,453.32099999999997,1057.749,2023,January,1,Q1,Sunday,0.0009999999999763531
10388,2023-01-23,1919,Home,East,7,375.24,0.15,COD,9,1.1,2232.68,2626.6800000000003,394.002,2232.6780000000003,2023,January,1,Q1,Monday,0.001999999999497959
10389,2023-01-24,1627,Beauty,West,6,385.77,0.23,Card,9,4.3,1782.26,2314.62,532.3626,1782.2574,2023,January,1,Q1,Tuesday,0.0026000000000294676
10390,2023-01-25,1586,Electronics,North,3,331.5,0.18,Wallet,3,1.7,815.49,994.5,179.01,815.49,2023,January,1,Q1,Wednesday,0.0
10391,2023-01-26,1624,Home,North,5,557.45,0.25,Card,6,2.8,2090.44,2787.25,696.8125,2090.4375,2023,January,1,Q1,Thursday,0.0025000000000545697
10392,2023-01-27,1967,Electronics,East,7,560.16,0.17,COD,9,2.8,3254.53,3921.12,666.5904,3254.5296,2023,January,1,Q1,Friday,0.00040000000035433914
10393,2023-01-28,1419,Electronics,North,4,314.94,0.1,COD,7,4.5,1133.78,1259.76,125.976,1133.784,2023,January,1,Q1,Saturday,-0.004000000000132786
10394,2023-01-29,1421,Electronics,South,6,193.87,0.13,Card,4,4.9,1012.0,1163.22,151.2186,1012.0014,2023,January,1,Q1,Sunday,-0.0013999999999896318
10395,2023-01-30,1103,Beauty,West,2,283.86,0.3,COD,3,2.0,397.4,567.72,170.316,397.404,2023,January,1,Q1,Monday,-0.004000000000019099
10396,2023-01-31,1851,Beauty,South,5,124.14,0.16,Card,2,1.3,521.39,620.7,99.31200000000001,521.388,2023,January,1,Q1,Tuesday,0.0019999999999527063
10397,2023-02-01,1253,Home,East,3,387.26,0.07,Card,10,3.6,1080.46,1161.78,81.3246,1080.4554,2023,February,2,Q1,Wednesday,0.004599999999982174
10398,2023-02-02,1226,Home,East,7,307.55,0.33,Card,10,3.0,1442.41,2152.85,710.4405,1442.4094999999998,2023,February,2,Q1,Thursday,0.0005000000003292371
10399,2023-02-03,1111,Clothing,North,4,75.43,0.28,Wallet,1,3.3,217.24,301.72,84.48160000000001,217.2384,2023,February,2,Q1,Friday,0.001599999999996271
10400,2023-02-04,1509,Beauty,North,1,130.62,0.02,COD,11,1.2,128.01,130.62,2.6124,128.0076,2023,February,2,Q1,Saturday,0.0023999999999944066
10401,2023-02-05,1472,Clothing,East,4,295.58,0.35,COD,10,4.1,768.51,1182.32,413.81199999999995,768.508,2023,February,2,Q1,Sunday,0.0019999999999527063
10402,2023-02-06,1098,Clothing,East,4,534.24,0.24,COD,11,1.9,1624.09,2136.96,512.8704,1624.0896,2023,February,2,Q1,Monday,0.0003999999998995918
10403,2023-02-07,1152,Electronics,South,6,346.34,0.06,Card,1,2.3,1953.36,2078.04,124.68239999999999,1953.3576,2023,February,2,Q1,Tuesday,0.002399999999852298
10404,2023-02-08,1860,Home,South,6,413.7,0.08,COD,4,1.9,2283.62,2482.2,198.576,2283.624,2023,February,2,Q1,Wednesday,-0.0039999999999054126
10405,2023-02-09,1913,Home,North,7,213.33,0.24,Card,4,4.8,1134.92,1493.3100000000002,358.3944,1134.9156000000003,2023,February,2,Q1,Thursday,0.004399999999805004
10406,2023-02-10,1895,Clothing,South,7,349.28,0.27,Card,9,1.7,1784.82,2444.96,660.1392000000001,1784.8208,2023,February,2,Q1,Friday,-0.0008000000000265572
10407,2023-02-11,1877,Electronics,North,3,276.72,0.08,COD,10,3.9,763.75,830.1600000000001,66.4128,763.7472,2023,February,2,Q1,Saturday,0.0027999999999792635
10408,2023-02-12,1337,Home,North,7,400.59,0.09,Card,1,2.0,2551.76,2804.1299999999997,252.37169999999995,2551.7582999999995,2023,February,2,Q1,Sunday,0.0017000000007101335
10409,2023-02-13,1705,Electronics,West,3,44.59,0.11,Card,11,2.7,119.06,133.77,14.7147,119.05530000000002,2023,February,2,Q1,Monday,0.0046999999999854936
10410,2023-02-14,1821,Home,North,6,303.58,0.21,Wallet,4,5.0,1438.97,1821.48,382.5108,1438.9692,2023,February,2,Q1,Tuesday,0.0008000000000265572
10411,2023-02-15,1162,Beauty,South,6,188.16,0.06,COD,3,1.4,1061.22,1128.96,67.7376,1061.2224,2023,February,2,Q1,Wednesday,-0.0024000000000796717
10412,2023-02-16,1719,Clothing,East,2,205.82,0.04,COD,9,4.5,395.17,411.64,16.4656,395.1744,2023,February,2,Q1,Thursday,-0.004399999999975535
10413,2023-02-17,1956,Electronics,East,2,577.14,0.24,Card,5,4.8,877.25,1154.28,277.0272,877.2528,2023,February,2,Q1,Friday,-0.0027999999999792635
10414,2023-02-18,1680,Home,South,5,121.88,0.27,Card,9,3.8,444.86,609.4,164.538,444.86199999999997,2023,February,2,Q1,Saturday,-0.0019999999999527063
10415,2023-02-19,1995,Home,East,6,197.08,0.18,COD,10,1.0,969.63,1182.48,212.8464,969.6336,2023,February,2,Q1,Sunday,-0.0036000000000058208
10416,2023-02-20,1160,Clothing,North,1,313.29,0.13,COD,6,4.3,272.56,313.29,40.727700000000006,272.5623,2023,February,2,Q1,Monday,-0.002299999999991087
10417,2023-02-21,1579,Beauty,East,2,519.87,0.15,COD,11,4.5,883.78,1039.74,155.96099999999998,883.779,2023,February,2,Q1,Tuesday,0.0009999999999763531
10418,2023-02-22,1800,Electronics,South,3,258.75,0.14,Wallet,9,4.9,667.58,776.25,108.67500000000001,667.575,2023,February,2,Q1,Wednesday,0.0049999999999954525
10419,2023-02-23,1397,Clothing,East,4,450.16,0.34,Wallet,1,4.4,1188.42,1800.64,612.2176000000001,1188.4224,2023,February,2,Q1,Thursday,-0.002399999999852298
10420,2023-02-24,1276,Home,North,7,515.98,0.27,Card,4,2.8,2636.66,3611.86,975.2022000000001,2636.6578,2023,February,2,Q1,Friday,0.002199999999902502
10421,2023-02-25,1815,Beauty,North,7,196.36,0.07,Wallet,4,3.8,1278.3,1374.52,96.21640000000001,1278.3036,2023,February,2,Q1,Saturday,-0.0036000000000058208
10422,2023-02-26,1915,Electronics,South,5,244.76,0.13,COD,10,2.9,1064.71,1223.8,159.094,1064.706,2023,February,2,Q1,Sunday,0.004000000000132786
10423,2023-02-27,1503,Home,South,2,223.59,0.19,COD,10,2.4,362.22,447.18,84.9642,362.2158,2023,February,2,Q1,Monday,0.004200000000025739
10424,2023-02-28,1895,Clothing,South,4,502.22,0.21,Card,6,3.5,1587.02,2008.88,421.8648,1587.0152,2023,February,2,Q1,Tuesday,0.00479999999993197
10425,2023-03-01,1391,Clothing,West,4,40.94,0.16,COD,10,4.1,137.56,163.76,26.2016,137.5584,2023,March,3,Q1,Wednesday,0.001599999999996271
10426,2023-03-02,1134,Electronics,West,2,195.43,0.28,Wallet,1,3.5,281.42,390.86,109.44080000000001,281.4192,2023,March,3,Q1,Thursday,0.0008000000000265572
10427,2023-03-03,1194,Beauty,North,1,412.45,0.27,COD,10,4.3,301.09,412.45,111.3615,301.08849999999995,2023,March,3,Q1,Friday,0.0015000000000213731
10428,2023-03-04,1400,Electronics,West,1,345.78,0.18,COD,5,1.7,283.54,345.78,62.240399999999994,283.53959999999995,2023,March,3,Q1,Saturday,0.00040000000007012204
10429,2023-03-05,1639,Electronics,West,5,270.23,0.3,Card,3,2.5,945.8,1351.15,405.345,945.8050000000001,2023,March,3,Q1,Sunday,-0.005000000000109139
10430,2023-03-06,1032,Electronics,East,1,330.87,0.26,Card,1,2.3,244.84,330.87,86.0262,244.8438,2023,March,3,Q1,Monday,-0.0037999999999840384
10431,2023-03-07,1687,Beauty,West,5,130.59,0.27,Card,6,1.8,476.65,652.95,176.29650000000004,476.6535,2023,March,3,Q1,Tuesday,-0.003500000000030923
10432,2023-03-08,1459,Home,East,3,266.97,0.33,Card,3,2.8,536.61,800.9100000000001,264.30030000000005,536.6097,2023,March,3,Q1,Wednesday,0.0003000000000383807
10433,2023-03-09,1954,Home,South,2,308.5,0.09,COD,4,4.8,561.47,617.0,55.53,561.47,2023,March,3,Q1,Thursday,0.0
10434,2023-03-10,1882,Electronics,East,4,542.2,0.09,Card,9,3.2,1973.61,2168.8,195.192,1973.6080000000002,2023,March,3,Q1,Friday,0.0019999999997253326
10435,2023-03-11,1469,Clothing,East,5,167.59,0.31,COD,2,2.1,578.19,837.95,259.7645,578.1855,2023,March,3,Q1,Saturday,0.004500000000007276
10436,2023-03-12,1374,Clothing,South,7,522.68,0.27,Card,1,2.4,2670.89,3658.7599999999998,987.8652,2670.8948,2023,March,3,Q1,Sunday,-0.0048000000001593435
10437,2023-03-13,1021,Home,South,1,391.88,0.32,Card,10,3.5,266.48,391.88,125.4016,266.47839999999997,2023,March,3,Q1,Monday,0.0016000000000531145
10438,2023-03-14,1749,Beauty,North,7,26.9,0.02,Card,6,2.4,184.53,188.29999999999998,3.7659999999999996,184.534,2023,March,3,Q1,Tuesday,-0.003999999999990678
10439,2023-03-15,1669,Electronics,North,5,438.91,0.22,Wallet,1,3.2,1711.75,2194.55,482.80100000000004,1711.7490000000003,2023,March,3,Q1,Wednesday,0.0009999999997489795
10440,2023-03-16,1037,Home,North,6,35.8,0.05,Card,1,2.1,204.06,214.79999999999998,10.74,204.05999999999997,2023,March,3,Q1,Thursday,2.842170943040401e-14
10441,2023-03-17,1229,Electronics,North,5,598.47,0.18,Card,7,2.4,2453.73,2992.3500000000004,538.623,2453.7270000000003,2023,March,3,Q1,Friday,0.0029999999997016857
10442,2023-03-18,1364,Clothing,East,1,525.49,0.05,Wallet,2,3.8,499.22,525.49,26.274500000000003,499.2155,2023,March,3,Q1,Saturday,0.004500000000007276
10443,2023-03-19,1562,Electronics,East,6,188.95,0.04,Wallet,4,3.3,1088.35,1133.6999999999998,45.34799999999999,1088.3519999999999,2023,March,3,Q1,Sunday,-0.0019999999999527063
10444,2023-03-20,1437,Electronics,North,6,165.59,0.0,COD,4,1.4,993.54,993.54,0.0,993.54,2023,March,3,Q1,Monday,0.0
10445,2023-03-21,1775,Clothing,West,1,238.14,0.22,Card,2,4.9,185.75,238.14,52.3908,185.74919999999997,2023,March,3,Q1,Tuesday,0.0008000000000265572
10446,2023-03-22,1282,Clothing,North,6,223.36,0.13,Card,6,1.2,1165.94,1340.16,174.22080000000003,1165.9392,2023,March,3,Q1,Wednesday,0.0008000000000265572
10447,2023-03-23,1026,Electronics,West,2,232.82,0.04,Wallet,10,1.3,447.01,465.64,18.6256,447.01439999999997,2023,March,3,Q1,Thursday,-0.004399999999975535
10448,2023-03-24,1225,Home,South,4,201.19,0.11,Wallet,2,3.8,716.24,804.76,88.5236,716.2364,2023,March,3,Q1,Friday,0.0036000000000058208
10449,2023-03-25,1276,Clothing,East,7,378.36,0.06,COD,8,3.8,2489.61,2648.52,158.91119999999998,2489.6088,2023,March,3,Q1,Saturday,0.0012000000001535227
10450,2023-03-26,1797,Electronics,East,2,111.09,0.33,Card,4,1.1,148.86,222.18,73.3194,148.8606,2023,March,3,Q1,Sunday,-0.0005999999999914962
10451,2023-03-27,1608,Home,West,2,509.9,0.11,Card,1,3.6,907.62,1019.8,112.178,907.622,2023,March,3,Q1,Monday,-0.0019999999999527063
10452,2023-03-28,1283,Electronics,North,1,490.26,0.12,Card,7,1.1,431.43,490.26,58.831199999999995,431.4288,2023,March,3,Q1,Tuesday,0.0011999999999829924
10453,2023-03-29,1878,Clothing,East,1,293.74,0.29,COD,6,4.8,208.56,293.74,85.1846,208.55540000000002,2023,March,3,Q1,Wednesday,0.004599999999982174
10454,2023-03-30,1959,Home,West,7,513.85,0.23,Card,6,3.8,2769.65,3596.9500000000003,827.2985000000001,2769.6515,2023,March,3,Q1,Thursday,-0.0014999999998508429
10455,2023-03-31,1480,Electronics,South,4,159.58,0.25,Wallet,11,1.7,478.74,638.32,159.58,478.74,2023,March,3,Q1,Friday,0.0
10456,2023-04-01,1452,Electronics,South,5,25.28,0.22,Card,3,1.6,98.59,126.4,27.808,98.59200000000001,2023,April,4,Q2,Saturday,-0.0020000000000095497
10457,2023-04-02,1828,Clothing,East,2,377.24,0.33,COD,10,3.3,505.5,754.48,248.97840000000002,505.5016,2023,April,4,Q2,Sunday,-0.001599999999996271
10458,2023-04-03,1815,Beauty,North,6,282.88,0.07,Card,7,3.5,1578.47,1697.28,118.8096,1578.4704,2023,April,4,Q2,Monday,-0.0003999999998995918
10459,2023-04-04,1658,Clothing,West,4,346.79,0.35,COD,6,4.3,901.65,1387.16,485.506,901.6540000000001,2023,April,4,Q2,Tuesday,-0.004000000000132786
10460,2023-04-05,1515,Home,East,2,541.11,0.29,Card,10,4.6,768.38,1082.22,313.8438,768.3762,2023,April,4,Q2,Wednesday,0.0037999999999556167
10461,2023-04-06,1546,Clothing,South,5,582.41,0.21,COD,10,2.6,2300.52,2912.0499999999997,611.5305,2300.5195,2023,April,4,Q2,Thursday,0.0005000000001018634
10462,2023-04-07,1191,Electronics,North,6,386.16,0.23,COD,9,4.4,1784.06,2316.96,532.9008,1784.0592000000001,2023,April,4,Q2,Friday,0.0007999999997991836
10463,2023-04-08,1048,Clothing,West,2,461.97,0.23,Card,3,3.2,711.43,923.94,212.50620000000004,711.4338,2023,April,4,Q2,Saturday,-0.0038000000000693035
10464,2023-04-09,1511,Home,East,3,64.03,0.02,Wallet,3,2.9,188.25,192.09,3.8418,188.2482,2023,April,4,Q2,Sunday,0.0018000000000029104
10465,2023-04-10,1016,Electronics,West,7,109.02,0.08,COD,4,3.8,702.09,763.14,61.0512,702.0888,2023,April,4,Q2,Monday,0.0012000000000398359
10466,2023-04-11,1171,Electronics,North,4,443.92,0.34,Wallet,3,1.4,1171.95,1775.68,603.7312000000001,1171.9488000000001,2023,April,4,Q2,Tuesday,0.001199999999926149
10467,2023-04-12,1219,Electronics,North,7,267.35,0.19,Wallet,4,2.1,1515.87,1871.4500000000003,355.57550000000003,1515.8745000000004,2023,April,4,Q2,Wednesday,-0.004500000000462023
10468,2023-04-13,1157,Clothing,South,1,275.89,0.13,Wallet,6,4.3,240.02,275.89,35.8657,240.02429999999998,2023,April,4,Q2,Thursday,-0.004299999999972215
10469,2023-04-14,1476,Beauty,North,2,195.54,0.27,Card,1,3.0,285.49,391.08,105.5916,285.48839999999996,2023,April,4,Q2,Friday,0.0016000000000531145
10470,2023-04-15,1045,Electronics,East,6,370.3,0.18,Card,2,4.6,1821.88,2221.8,399.92400000000004,1821.8760000000002,2023,April,4,Q2,Saturday,0.0039999999999054126
10471,2023-04-16,1372,Clothing,West,6,123.32,0.0,Wallet,10,1.4,739.92,739.92,0.0,739.92,2023,April,4,Q2,Sunday,0.0
10472,2023-04-17,1517,Electronics,North,4,381.75,0.26,COD,6,2.3,1129.98,1527.0,397.02000000000004,1129.98,2023,April,4,Q2,Monday,0.0
10473,2023-04-18,1098,Beauty,North,4,116.67,0.26,Card,6,2.4,345.34,466.68,121.33680000000001,345.3432,2023,April,4,Q2,Tuesday,-0.0032000000000493856
10474,2023-04-19,1891,Electronics,East,7,52.34,0.06,COD,1,2.7,344.4,366.38,21.982799999999997,344.3972,2023,April,4,Q2,Wednesday,0.0027999999999792635
10475,2023-04-20,1744,Clothing,West,6,208.26,0.33,Card,6,4.9,837.21,1249.56,412.3548,837.2051999999999,2023,April,4,Q2,Thursday,0.0048000000001593435
10476,2023-04-21,1036,Home,West,6,150.22,0.08,COD,11,2.2,829.21,901.3199999999999,72.1056,829.2144,2023,April,4,Q2,Friday,-0.004399999999918691
10477,2023-04-22,1279,Home,South,6,535.06,0.16,Wallet,9,3.1,2696.7,3210.3599999999997,513.6576,2696.7023999999997,2023,April,4,Q2,Saturday,-0.002399999999852298
10478,2023-04-23,1348,Clothing,South,2,47.15,0.04,COD,8,3.1,90.53,94.3,3.772,90.52799999999999,2023,April,4,Q2,Sunday,0.0020000000000095497
10479,2023-04-24,1496,Electronics,West,6,118.32,0.21,Card,10,4.1,560.84,709.92,149.08319999999998,560.8368,2023,April,4,Q2,Monday,0.003199999999992542
10480,2023-04-25,1301,Clothing,East,1,336.0,0.13,Card,5,3.1,292.32,336.0,43.68,292.32,2023,April,4,Q2,Tuesday,0.0
10481,2023-04-26,1180,Electronics,East,6,296.42,0.12,Card,4,3.4,1565.1,1778.52,213.42239999999998,1565.0976,2023,April,4,Q2,Wednesday,0.002399999999852298
10482,2023-04-27,1606,Electronics,South,1,41.82,0.29,COD,6,4.0,29.69,41.82,12.127799999999999,29.6922,2023,April,4,Q2,Thursday,-0.0021999999999984254
10483,2023-04-28,1098,Clothing,North,2,19.24,0.0,Card,11,1.4,38.48,38.48,0.0,38.48,2023,April,4,Q2,Friday,0.0
10484,2023-04-29,1699,Electronics,East,4,593.02,0.28,COD,5,4.9,1707.9,2372.08,664.1824,1707.8975999999998,2023,April,4,Q2,Saturday,0.0024000000003070454
10485,2023-04-30,1992,Electronics,North,1,400.42,0.2,COD,6,4.4,320.34,400.42,80.084,320.336,2023,April,4,Q2,Sunday,0.003999999999962256
10486,2023-05-01,1115,Home,East,2,228.76,0.35,COD,10,2.6,297.39,457.52,160.13199999999998,297.38800000000003,2023,May,5,Q2,Monday,0.0019999999999527063
10487,2023-05-02,1190,Beauty,West,6,290.2,0.21,Wallet,11,3.9,1375.55,1741.1999999999998,365.65199999999993,1375.5479999999998,2023,May,5,Q2,Tuesday,0.00200000000018008
10488,2023-05-03,1252,Clothing,South,2,170.93,0.02,COD,3,4.0,335.02,341.86,6.8372,335.0228,2023,May,5,Q2,Wednesday,-0.002800000000036107
10489,2023-05-04,1980,Electronics,North,6,216.75,0.02,Card,7,4.4,1274.49,1300.5,26.01,1274.49,2023,May,5,Q2,Thursday,0.0
10490,2023-05-05,1927,Electronics,North,7,394.69,0.31,COD,8,1.8,1906.35,2762.83,856.4773,1906.3527,2023,May,5,Q2,Friday,-0.0027000000000043656
10491,2023-05-06,1982,Beauty,West,2,531.44,0.29,COD,5,3.8,754.64,1062.88,308.2352,754.6448,2023,May,5,Q2,Saturday,-0.004800000000045657
10492,2023-05-07,1160,Electronics,East,4,122.72,0.12,Card,5,1.1,431.97,490.88,58.9056,431.9744,2023,May,5,Q2,Sunday,-0.004399999999975535
10493,2023-05-08,1255,Electronics,North,1,506.61,0.22,COD,4,1.5,395.16,506.61,111.4542,395.1558,2023,May,5,Q2,Monday,0.004200000000025739
10494,2023-05-09,1322,Clothing,East,7,86.11,0.17,Card,10,4.1,500.3,602.77,102.4709,500.29909999999995,2023,May,5,Q2,Tuesday,0.0009000000000582986
10495,2023-05-10,1127,Clothing,West,4,140.77,0.34,Card,5,4.3,371.63,563.08,191.44720000000004,371.6328,2023,May,5,Q2,Wednesday,-0.0027999999999792635
10496,2023-05-11,1017,Clothing,South,3,36.75,0.33,Wallet,10,3.4,73.87,110.25,36.3825,73.8675,2023,May,5,Q2,Thursday,0.0024999999999977263
10497,2023-05-12,1792,Electronics,North,6,97.37,0.34,Wallet,11,3.3,385.59,584.22,198.6348,385.5852,2023,May,5,Q2,Friday,0.004799999999988813
10498,2023-05-13,1734,Electronics,East,1,551.62,0.3,COD,8,4.0,386.13,551.62,165.486,386.134,2023,May,5,Q2,Saturday,-0.004000000000019099
10499,2023-05-14,1565,Beauty,North,4,283.77,0.32,COD,5,4.6,771.85,1135.08,363.2256,771.8543999999999,2023,May,5,Q2,Sunday,-0.004399999999918691
10500,2023-05-15,1569,Electronics,East,1,60.43,0.08,Wallet,9,2.7,55.6,60.43,4.8344000000000005,55.5956,2023,May,5,Q2,Monday,0.004400000000003956
10501,2023-05-16,1322,Home,East,3,576.44,0.29,Wallet,1,1.5,1227.82,1729.3200000000002,501.50280000000004,1227.8172000000002,2023,May,5,Q2,Tuesday,0.00279999999975189
10502,2023-05-17,1871,Home,East,5,529.21,0.25,COD,7,4.4,1984.54,2646.05,661.5125,1984.5375000000001,2023,May,5,Q2,Wednesday,0.002499999999827196
10503,2023-05-18,1685,Clothing,West,6,456.49,0.34,COD,5,2.4,1807.7,2738.94,931.2396000000001,1807.7004,2023,May,5,Q2,Thursday,-0.0003999999998995918
10504,2023-05-19,1791,Electronics,South,6,561.08,0.2,Card,4,1.5,2693.18,3366.4800000000005,673.2960000000002,2693.184,2023,May,5,Q2,Friday,-0.00400000000036016
10505,2023-05-20,1625,Electronics,North,2,143.78,0.03,Card,3,3.5,278.93,287.56,8.6268,278.9332,2023,May,5,Q2,Saturday,-0.003199999999992542
10506,2023-05-21,1287,Clothing,South,6,504.28,0.21,Card,10,3.3,2390.29,3025.68,635.3928,2390.2871999999998,2023,May,5,Q2,Sunday,0.002800000000206637
10507,2023-05-22,1942,Beauty,East,6,418.64,0.24,COD,7,2.9,1909.0,2511.84,602.8416,1908.9984000000002,2023,May,5,Q2,Monday,0.0015999999998257408
10508,2023-05-23,1853,Beauty,East,4,523.81,0.08,Wallet,2,4.4,1927.62,2095.24,167.61919999999998,1927.6207999999997,2023,May,5,Q2,Tuesday,-0.0007999999997991836
10509,2023-05-24,1662,Electronics,South,7,481.19,0.14,Wallet,5,2.1,2896.76,3368.33,471.56620000000004,2896.7637999999997,2023,May,5,Q2,Wednesday,-0.0037999999995008693
10510,2023-05-25,1961,Electronics,South,6,217.7,0.21,Card,2,1.1,1031.9,1306.1999999999998,274.30199999999996,1031.898,2023,May,5,Q2,Thursday,0.00200000000018008
10511,2023-05-26,1638,Beauty,North,6,468.02,0.13,COD,7,2.3,2443.06,2808.12,365.05559999999997,2443.0643999999998,2023,May,5,Q2,Friday,-0.004399999999805004
10512,2023-05-27,1154,Home,East,3,168.54,0.13,Card,6,1.0,439.89,505.62,65.73060000000001,439.8894,2023,May,5,Q2,Saturday,0.0005999999999630745
10513,2023-05-28,1489,Beauty,South,7,207.23,0.05,Card,10,3.2,1378.08,1450.61,72.5305,1378.0794999999998,2023,May,5,Q2,Sunday,0.0005000000001018634
10514,2023-05-29,1385,Electronics,West,3,78.12,0.33,Wallet,7,2.5,157.02,234.36,77.3388,157.02120000000002,2023,May,5,Q2,Monday,-0.0012000000000114142
10515,2023-05-30,1985,Clothing,East,1,562.02,0.26,COD,9,4.3,415.89,562.02,146.1252,415.8948,2023,May,5,Q2,Tuesday,-0.004799999999988813
10516,2023-05-31,1784,Home,East,1,185.24,0.0,COD,2,4.2,185.24,185.24,0.0,185.24,2023,May,5,Q2,Wednesday,0.0
10517,2023-06-01,1103,Home,North,6,319.56,0.27,Card,9,2.7,1399.67,1917.3600000000001,517.6872000000001,1399.6728,2023,June,6,Q2,Thursday,-0.0027999999999792635
10518,2023-06-02,1928,Clothing,West,6,243.93,0.26,Card,7,1.9,1083.05,1463.58,380.5308,1083.0492,2023,June,6,Q2,Friday,0.0008000000000265572
10519,2023-06-03,1392,Electronics,North,2,576.56,0.0,COD,2,2.7,1153.12,1153.12,0.0,1153.12,2023,June,6,Q2,Saturday,0.0
10520,2023-06-04,1810,Clothing,West,1,211.0,0.13,Card,10,3.6,183.57,211.0,27.43,183.57,2023,June,6,Q2,Sunday,0.0
10521,2023-06-05,1245,Electronics,North,4,470.45,0.21,Card,2,1.8,1486.62,1881.8,395.178,1486.6219999999998,2023,June,6,Q2,Monday,-0.0019999999999527063
10522,2023-06-06,1175,Clothing,West,6,515.42,0.16,Card,4,4.1,2597.72,3092.5199999999995,494.80319999999995,2597.7167999999997,2023,June,6,Q2,Tuesday,0.003200000000106229
10523,2023-06-07,1038,Beauty,West,4,269.83,0.27,COD,2,2.3,787.9,1079.32,291.4164,787.9035999999999,2023,June,6,Q2,Wednesday,-0.003599999999892134
10524,2023-06-08,1476,Clothing,West,6,236.23,0.15,Wallet,1,4.7,1204.77,1417.3799999999999,212.60699999999997,1204.773,2023,June,6,Q2,Thursday,-0.0029999999999290594
10525,2023-06-09,1681,Home,South,4,452.43,0.05,Wallet,6,3.0,1719.23,1809.72,90.486,1719.234,2023,June,6,Q2,Friday,-0.0039999999999054126
10526,2023-06-10,1758,Electronics,East,5,549.04,0.34,Wallet,10,4.4,1811.83,2745.2,933.368,1811.8319999999999,2023,June,6,Q2,Saturday,-0.0019999999999527063
10527,2023-06-11,1537,Home,West,4,456.64,0.08,Wallet,11,3.5,1680.44,1826.56,146.1248,1680.4352,2023,June,6,Q2,Sunday,0.0048000000001593435
10528,2023-06-12,1866,Beauty,South,7,147.87,0.25,Wallet,5,3.2,776.32,1035.0900000000001,258.77250000000004,776.3175000000001,2023,June,6,Q2,Monday,0.002499999999940883
10529,2023-06-13,1817,Electronics,South,1,534.66,0.05,COD,3,3.7,507.93,534.66,26.733,507.92699999999996,2023,June,6,Q2,Tuesday,0.0030000000000427463
10530,2023-06-14,1920,Electronics,North,6,241.74,0.12,COD,11,4.2,1276.39,1450.44,174.0528,1276.3872000000001,2023,June,6,Q2,Wednesday,0.0027999999999792635
10531,2023-06-15,1407,Clothing,East,1,352.09,0.15,Card,1,3.6,299.28,352.09,52.8135,299.2765,2023,June,6,Q2,Thursday,0.0034999999999740794
10532,2023-06-16,1524,Electronics,East,7,501.39,0.07,Wallet,9,4.2,3264.05,3509.73,245.68110000000001,3264.0489,2023,June,6,Q2,Friday,0.0011000000004059984
10533,2023-06-17,1827,Home,North,7,125.21,0.16,Card,8,1.8,736.23,876.4699999999999,140.2352,736.2348,2023,June,6,Q2,Saturday,-0.00479999999993197
10534,2023-06-18,1505,Beauty,East,4,473.94,0.06,Card,6,2.1,1782.01,1895.76,113.7456,1782.0144,2023,June,6,Q2,Sunday,-0.004400000000032378
10535,2023-06-19,1902,Clothing,North,3,363.76,0.2,Wallet,6,1.9,873.02,1091.28,218.256,873.024,2023,June,6,Q2,Monday,-0.004000000000019099
10536,2023-06-20,1824,Electronics,South,3,537.6,0.23,Card,4,4.2,1241.86,1612.8000000000002,370.9440000000001,1241.8560000000002,2023,June,6,Q2,Tuesday,0.003999999999678039
10537,2023-06-21,1035,Clothing,South,7,115.6,0.02,Wallet,2,1.3,793.02,809.1999999999999,16.183999999999997,793.016,2023,June,6,Q2,Wednesday,0.004000000000019099
10538,2023-06-22,1684,Home,West,3,261.1,0.3,COD,4,4.2,548.31,783.3000000000001,234.99,548.3100000000001,2023,June,6,Q2,Thursday,-1.1368683772161603e-13
10539,2023-06-23,1019,Electronics,North,6,502.21,0.06,Card,2,2.6,2832.46,3013.2599999999998,180.79559999999998,2832.4644,2023,June,6,Q2,Friday,-0.004399999999805004
10540,2023-06-24,1320,Clothing,South,2,26.25,0.08,COD,7,1.3,48.3,52.5,4.2,48.3,2023,June,6,Q2,Saturday,0.0
10541,2023-06-25,1775,Clothing,South,5,80.64,0.23,Wallet,9,2.7,310.46,403.2,92.736,310.464,2023,June,6,Q2,Sunday,-0.004000000000019099
10542,2023-06-26,1511,Clothing,North,4,594.48,0.16,Card,2,2.2,1997.45,2377.92,380.4672,1997.4528,2023,June,6,Q2,Monday,-0.0027999999999792635
10543,2023-06-27,1399,Electronics,South,2,179.03,0.17,COD,9,3.4,297.19,358.06,60.870200000000004,297.1898,2023,June,6,Q2,Tuesday,0.0002000000000066393
10544,2023-06-28,1653,Home,East,3,585.69,0.04,Wallet,9,2.9,1686.79,1757.0700000000002,70.28280000000001,1686.7872000000002,2023,June,6,Q2,Wednesday,0.00279999999975189
10545,2023-06-29,1971,Electronics,South,4,121.78,0.28,Card,8,2.2,350.73,487.12,136.39360000000002,350.7264,2023,June,6,Q2,Thursday,0.0036000000000058208
10546,2023-06-30,1882,Electronics,North,2,226.24,0.22,Card,1,4.4,352.93,452.48,99.54560000000001,352.9344,2023,June,6,Q2,Friday,-0.004399999999975535
10547,2023-07-01,1470,Beauty,East,1,455.43,0.05,Card,5,2.6,432.66,455.43,22.771500000000003,432.6585,2023,July,7,Q3,Saturday,0.0015000000000213731
10548,2023-07-02,1142,Home,East,3,399.8,0.13,Card,10,2.9,1043.48,1199.4,155.92200000000003,1043.478,2023,July,7,Q3,Sunday,0.0019999999999527063
10549,2023-07-03,1091,Electronics,South,2,354.96,0.28,Card,11,4.4,511.14,709.92,198.7776,511.14239999999995,2023,July,7,Q3,Monday,-0.002399999999965985
10550,2023-07-04,1353,Electronics,West,6,324.99,0.2,COD,4,1.4,1559.95,1949.94,389.98800000000006,1559.952,2023,July,7,Q3,Tuesday,-0.0019999999999527063
10551,2023-07-05,1833,Electronics,East,1,508.41,0.04,Card,7,2.6,488.07,508.41,20.3364,488.0736,2023,July,7,Q3,Wednesday,-0.0036000000000058208
10552,2023-07-06,1799,Electronics,North,3,152.44,0.13,Wallet,11,2.6,397.87,457.32,59.4516,397.8684,2023,July,7,Q3,Thursday,0.001599999999996271
10553,2023-07-07,1726,Electronics,West,5,273.85,0.08,Card,8,3.0,1259.71,1369.25,109.54,1259.71,2023,July,7,Q3,Friday,0.0
10554,2023-07-08,1958,Electronics,West,7,105.94,0.18,COD,10,1.4,608.1,741.5799999999999,133.4844,608.0955999999999,2023,July,7,Q3,Saturday,0.004400000000146065
10555,2023-07-09,1853,Clothing,East,3,363.63,0.3,COD,11,1.4,763.62,1090.8899999999999,327.26699999999994,763.6229999999999,2023,July,7,Q3,Sunday,-0.0029999999999290594
10556,2023-07-10,1050,Home,South,6,161.57,0.15,Wallet,8,2.7,824.01,969.42,145.41299999999998,824.007,2023,July,7,Q3,Monday,0.0030000000000427463
10557,2023-07-11,1664,Clothing,West,5,210.3,0.15,COD,2,1.1,893.78,1051.5,157.725,893.775,2023,July,7,Q3,Tuesday,0.0049999999999954525
10558,2023-07-12,1697,Home,South,5,290.68,0.32,Card,3,2.0,988.31,1453.4,465.088,988.3120000000001,2023,July,7,Q3,Wednesday,-0.00200000000018008
10559,2023-07-13,1574,Electronics,East,5,30.66,0.2,Wallet,10,1.8,122.64,153.3,30.660000000000004,122.64000000000001,2023,July,7,Q3,Thursday,-1.4210854715202004e-14
10560,2023-07-14,1189,Beauty,North,4,68.78,0.2,Card,10,3.0,220.1,275.12,55.024,220.096,2023,July,7,Q3,Friday,0.003999999999990678
10561,2023-07-15,1124,Home,West,4,416.27,0.09,Card,7,1.0,1515.22,1665.08,149.85719999999998,1515.2228,2023,July,7,Q3,Saturday,-0.0027999999999792635
10562,2023-07-16,1149,Home,North,7,265.95,0.21,Card,4,3.7,1470.7,1861.6499999999999,390.94649999999996,1470.7034999999998,2023,July,7,Q3,Sunday,-0.003499999999803549
10563,2023-07-17,1313,Home,South,5,520.9,0.2,COD,6,4.4,2083.6,2604.5,520.9,2083.6,2023,July,7,Q3,Monday,0.0
10564,2023-07-18,1569,Beauty,South,7,421.38,0.14,Card,8,3.8,2536.71,2949.66,412.9524,2536.7075999999997,2023,July,7,Q3,Tuesday,0.0024000000003070454
10565,2023-07-19,1341,Clothing,North,1,19.74,0.35,COD,8,4.3,12.83,19.74,6.908999999999999,12.831,2023,July,7,Q3,Wednesday,-0.0009999999999994458
10566,2023-07-20,1304,Electronics,East,5,375.78,0.31,COD,7,3.6,1296.44,1878.8999999999999,582.459,1296.4409999999998,2023,July,7,Q3,Thursday,-0.0009999999997489795
10567,2023-07-21,1691,Clothing,East,2,69.83,0.26,Wallet,2,3.0,103.35,139.66,36.3116,103.3484,2023,July,7,Q3,Friday,0.001599999999996271
10568,2023-07-22,1681,Home,West,5,471.85,0.19,Card,2,1.9,1910.99,2359.25,448.2575,1910.9925,2023,July,7,Q3,Saturday,-0.0025000000000545697
10569,2023-07-23,1837,Home,West,4,595.03,0.16,Card,3,2.1,1999.3,2380.12,380.81919999999997,1999.3008,2023,July,7,Q3,Sunday,-0.0008000000000265572
10570,2023-07-24,1782,Clothing,East,4,325.75,0.06,Card,4,2.3,1224.82,1303.0,78.17999999999999,1224.82,2023,July,7,Q3,Monday,0.0
10571,2023-07-25,1053,Electronics,East,2,414.43,0.11,Card,1,1.2,737.69,828.86,91.1746,737.6854000000001,2023,July,7,Q3,Tuesday,0.004599999999982174
10572,2023-07-26,1443,Clothing,North,2,153.83,0.27,COD,5,4.7,224.59,307.66,83.06820000000002,224.5918,2023,July,7,Q3,Wednesday,-0.0018000000000029104
10573,2023-07-27,1612,Beauty,South,3,270.99,0.16,COD,7,4.6,682.89,812.97,130.0752,682.8948,2023,July,7,Q3,Thursday,-0.004800000000045657
10574,2023-07-28,1992,Clothing,South,1,515.82,0.31,COD,10,1.4,355.92,515.82,159.9042,355.91580000000005,2023,July,7,Q3,Friday,0.004199999999968895
10575,2023-07-29,1263,Clothing,West,1,112.94,0.05,Wallet,11,3.2,107.29,112.94,5.647,107.29299999999999,2023,July,7,Q3,Saturday,-0.002999999999985903
10576,2023-07-30,1052,Electronics,East,1,170.34,0.18,Wallet,5,2.9,139.68,170.34,30.6612,139.6788,2023,July,7,Q3,Sunday,0.0012000000000114142
10577,2023-07-31,1571,Clothing,North,6,275.58,0.23,Card,7,3.7,1273.18,1653.48,380.3004,1273.1796,2023,July,7,Q3,Monday,0.00040000000012696546
10578,2023-08-01,1619,Beauty,West,4,431.67,0.18,Wallet,5,3.4,1415.88,1726.68,310.8024,1415.8776,2023,August,8,Q3,Tuesday,0.0024000000000796717
10579,2023-08-02,1004,Home,North,1,234.89,0.31,Card,11,1.5,162.07,234.89,72.8159,162.0741,2023,August,8,Q3,Wednesday,-0.004099999999993997
10580,2023-08-03,1102,Home,East,3,557.72,0.35,COD,10,3.6,1087.55,1673.16,585.606,1087.554,2023,August,8,Q3,Thursday,-0.004000000000132786
10581,2023-08-04,1195,Clothing,East,3,70.26,0.04,COD,8,3.4,202.35,210.78000000000003,8.4312,202.34880000000004,2023,August,8,Q3,Friday,0.0011999999999545707
10582,2023-08-05,1773,Clothing,East,1,231.92,0.05,Wallet,7,3.1,220.32,231.92,11.596,220.32399999999998,2023,August,8,Q3,Saturday,-0.003999999999990678
10583,2023-08-06,1876,Electronics,South,2,429.74,0.05,COD,1,2.6,816.51,859.48,42.974000000000004,816.506,2023,August,8,Q3,Sunday,0.004000000000019099
10584,2023-08-07,1991,Home,East,3,147.2,0.24,COD,11,4.8,335.62,441.59999999999997,105.984,335.616,2023,August,8,Q3,Monday,0.004000000000019099
10585,2023-08-08,1883,Clothing,West,7,399.0,0.13,Wallet,1,4.4,2429.91,2793.0,363.09000000000003,2429.91,2023,August,8,Q3,Tuesday,0.0
10586,2023-08-09,1349,Clothing,South,2,111.07,0.26,COD,5,3.3,164.38,222.14,57.7564,164.3836,2023,August,8,Q3,Wednesday,-0.0036000000000058208
10587,2023-08-10,1046,Clothing,North,7,47.75,0.14,COD,2,1.0,287.46,334.25,46.795,287.455,2023,August,8,Q3,Thursday,0.0049999999999954525
10588,2023-08-11,1866,Beauty,West,4,85.79,0.22,Card,9,2.7,267.66,343.16,75.49520000000001,267.6648,2023,August,8,Q3,Friday,-0.004799999999988813
10589,2023-08-12,1822,Electronics,West,6,559.04,0.27,Card,2,3.8,2448.6,3354.24,905.6448,2448.5951999999997,2023,August,8,Q3,Saturday,0.0048000000001593435
10590,2023-08-13,1935,Home,North,3,337.77,0.19,Wallet,9,1.5,820.78,1013.31,192.5289,820.7810999999999,2023,August,8,Q3,Sunday,-0.001099999999951251
10591,2023-08-14,1819,Electronics,South,2,480.86,0.19,COD,10,2.6,778.99,961.72,182.7268,778.9932,2023,August,8,Q3,Monday,-0.003199999999992542
10592,2023-08-15,1655,Clothing,West,7,209.6,0.03,COD,2,1.8,1423.18,1467.2,44.016,1423.184,2023,August,8,Q3,Tuesday,-0.0039999999999054126
10593,2023-08-16,1268,Electronics,West,1,361.71,0.14,Card,4,2.4,311.07,361.71,50.6394,311.07059999999996,2023,August,8,Q3,Wednesday,-0.0005999999999630745
10594,2023-08-17,1369,Electronics,West,7,304.55,0.19,Card,3,1.1,1726.8,2131.85,405.0515,1726.7984999999999,2023,August,8,Q3,Thursday,0.0015000000000782165
10595,2023-08-18,1635,Clothing,South,7,568.26,0.16,Card,6,1.5,3341.37,3977.8199999999997,636.4512,3341.3687999999997,2023,August,8,Q3,Friday,0.0012000000001535227
10596,2023-08-19,1105,Electronics,South,4,452.33,0.32,COD,4,2.8,1230.34,1809.32,578.9824,1230.3375999999998,2023,August,8,Q3,Saturday,0.0024000000000796717
10597,2023-08-20,1669,Clothing,South,5,442.37,0.32,Card,9,4.6,1504.06,2211.85,707.792,1504.058,2023,August,8,Q3,Sunday,0.0019999999999527063
10598,2023-08-21,1658,Beauty,West,5,42.12,0.29,Card,9,3.0,149.53,210.6,61.07399999999999,149.526,2023,August,8,Q3,Monday,0.003999999999990678
10599,2023-08-22,1656,Electronics,East,1,336.56,0.13,COD,10,2.8,292.81,336.56,43.7528,292.8072,2023,August,8,Q3,Tuesday,0.0027999999999792635
10600,2023-08-23,1119,Home,North,4,288.19,0.25,COD,9,4.2,864.57,1152.76,288.19,864.5699999999999,2023,August,8,Q3,Wednesday,1.1368683772161603e-13
10601,2023-08-24,1830,Clothing,East,4,557.79,0.14,Card,3,2.1,1918.8,2231.16,312.36240000000004,1918.7975999999999,2023,August,8,Q3,Thursday,0.0024000000000796717
10602,2023-08-25,1786,Home,South,4,165.55,0.08,COD,3,1.4,609.22,662.2,52.976000000000006,609.224,2023,August,8,Q3,Friday,-0.004000000000019099
10603,2023-08-26,1603,Electronics,West,4,172.85,0.12,Wallet,4,1.8,608.43,691.4,82.96799999999999,608.432,2023,August,8,Q3,Saturday,-0.002000000000066393
10604,2023-08-27,1057,Electronics,West,5,255.64,0.02,COD,9,4.2,1252.64,1278.1999999999998,25.563999999999997,1252.6359999999997,2023,August,8,Q3,Sunday,0.00400000000036016
10605,2023-08-28,1950,Electronics,East,2,157.37,0.12,Wallet,6,3.7,276.97,314.74,37.7688,276.9712,2023,August,8,Q3,Monday,-0.0011999999999829924
10606,2023-08-29,1345,Electronics,East,4,90.57,0.16,Wallet,9,1.4,304.32,362.28,57.9648,304.3152,2023,August,8,Q3,Tuesday,0.004799999999988813
10607,2023-08-30,1740,Electronics,North,2,516.59,0.33,Card,8,3.7,692.23,1033.18,340.9494,692.2306000000001,2023,August,8,Q3,Wednesday,-0.0006000000000767614
10608,2023-08-31,1473,Home,West,7,341.59,0.11,Card,7,4.7,2128.11,2391.1299999999997,263.0243,2128.1056999999996,2023,August,8,Q3,Thursday,0.004300000000512227
10609,2023-09-01,1116,Beauty,East,7,518.9,0.32,COD,5,1.2,2469.96,3632.2999999999997,1162.336,2469.964,2023,September,9,Q3,Friday,-0.0039999999999054126
10610,2023-09-02,1829,Home,North,4,501.21,0.08,COD,9,3.5,1844.45,2004.84,160.3872,1844.4528,2023,September,9,Q3,Saturday,-0.0027999999999792635
10611,2023-09-03,1790,Home,South,3,179.99,0.07,Card,4,2.5,502.17,539.97,37.797900000000006,502.1721,2023,September,9,Q3,Sunday,-0.0020999999999844476
10612,2023-09-04,1126,Electronics,East,6,335.43,0.18,Card,4,3.0,1650.32,2012.58,362.26439999999997,1650.3156,2023,September,9,Q3,Monday,0.004400000000032378
10613,2023-09-05,1392,Electronics,South,3,63.68,0.24,COD,8,3.1,145.19,191.04,45.849599999999995,145.1904,2023,September,9,Q3,Tuesday,-0.0004000000000132786
10614,2023-09-06,1907,Electronics,North,7,550.42,0.02,Card,4,4.1,3775.88,3852.9399999999996,77.05879999999999,3775.8812,2023,September,9,Q3,Wednesday,-0.0011999999996987754
10615,2023-09-07,1640,Electronics,South,6,251.49,0.08,Wallet,7,3.2,1388.22,1508.94,120.71520000000001,1388.2248,2023,September,9,Q3,Thursday,-0.00479999999993197
10616,2023-09-08,1057,Clothing,West,3,245.3,0.16,Card,4,3.4,618.16,735.9000000000001,117.74400000000001,618.1560000000001,2023,September,9,Q3,Friday,0.0039999999999054126
10617,2023-09-09,1633,Clothing,West,4,192.11,0.12,Wallet,11,2.3,676.23,768.44,92.2128,676.2272,2023,September,9,Q3,Saturday,0.0027999999999792635
10618,2023-09-10,1512,Clothing,South,2,284.49,0.25,Card,1,1.5,426.74,568.98,142.245,426.735,2023,September,9,Q3,Sunday,0.0049999999999954525
10619,2023-09-11,1750,Clothing,West,6,162.28,0.18,Card,10,3.7,798.42,973.6800000000001,175.2624,798.4176,2023,September,9,Q3,Monday,0.002399999999965985
10620,2023-09-12,1801,Home,North,5,234.29,0.06,Card,9,1.0,1101.16,1171.45,70.287,1101.163,2023,September,9,Q3,Tuesday,-0.0029999999999290594
10621,2023-09-13,1095,Home,West,1,482.97,0.31,Wallet,4,2.3,333.25,482.97,149.7207,333.24930000000006,2023,September,9,Q3,Wednesday,0.0006999999999379725
10622,2023-09-14,1637,Electronics,South,6,503.04,0.1,Card,3,1.9,2716.42,3018.2400000000002,301.824,2716.416,2023,September,9,Q3,Thursday,0.0039999999999054126
10623,2023-09-15,1117,Beauty,South,6,192.95,0.26,COD,3,2.6,856.7,1157.6999999999998,301.00199999999995,856.6979999999999,2023,September,9,Q3,Friday,0.00200000000018008
10624,2023-09-16,1559,Beauty,South,5,289.37,0.27,Wallet,9,2.2,1056.2,1446.85,390.6495,1056.2005,2023,September,9,Q3,Saturday,-0.0004999999998744897
10625,2023-09-17,1600,Electronics,East,4,526.18,0.34,COD,8,3.8,1389.12,2104.72,715.6048,1389.1151999999997,2023,September,9,Q3,Sunday,0.0048000000001593435
10626,2023-09-18,1487,Clothing,South,3,45.81,0.17,Card,10,2.0,114.07,137.43,23.363100000000003,114.0669,2023,September,9,Q3,Monday,0.0030999999999892225
10627,2023-09-19,1236,Clothing,North,3,535.15,0.22,Wallet,7,3.2,1252.25,1605.4499999999998,353.19899999999996,1252.2509999999997,2023,September,9,Q3,Tuesday,-0.0009999999997489795
10628,2023-09-20,1884,Beauty,West,7,143.22,0.12,Wallet,7,2.8,882.24,1002.54,120.30479999999999,882.2352,2023,September,9,Q3,Wednesday,0.004800000000045657
10629,2023-09-21,1896,Beauty,West,2,411.95,0.24,Card,4,4.2,626.16,823.9,197.736,626.164,2023,September,9,Q3,Thursday,-0.004000000000019099
10630,2023-09-22,1271,Electronics,East,4,355.79,0.16,COD,3,2.7,1195.45,1423.16,227.7056,1195.4544,2023,September,9,Q3,Friday,-0.004400000000032378
10631,2023-09-23,1188,Clothing,East,5,338.47,0.15,Wallet,4,4.5,1438.5,1692.3500000000001,253.85250000000002,1438.4975000000002,2023,September,9,Q3,Saturday,0.002499999999827196
10632,2023-09-24,1998,Clothing,North,4,517.73,0.3,Wallet,6,1.0,1449.64,2070.92,621.276,1449.6440000000002,2023,September,9,Q3,Sunday,-0.004000000000132786
10633,2023-09-25,1703,Clothing,South,4,74.42,0.02,Card,4,3.4,291.73,297.68,5.953600000000001,291.7264,2023,September,9,Q3,Monday,0.0036000000000058208
10634,2023-09-26,1446,Electronics,East,3,218.01,0.31,Wallet,4,1.0,451.28,654.03,202.74929999999998,451.2807,2023,September,9,Q3,Tuesday,-0.0007000000000516593
10635,2023-09-27,1580,Beauty,West,5,329.88,0.3,Card,2,3.9,1154.58,1649.4,494.82,1154.5800000000002,2023,September,9,Q3,Wednesday,-2.2737367544323206e-13
10636,2023-09-28,1789,Home,East,1,489.6,0.18,Card,7,1.9,401.47,489.6,88.128,401.47200000000004,2023,September,9,Q3,Thursday,-0.0020000000000095497
10637,2023-09-29,1860,Home,East,6,141.62,0.17,Card,6,2.5,705.27,849.72,144.4524,705.2676,2023,September,9,Q3,Friday,0.002399999999965985
10638,2023-09-30,1246,Beauty,South,3,484.71,0.13,Card,2,2.5,1265.09,1454.1299999999999,189.0369,1265.0930999999998,2023,September,9,Q3,Saturday,-0.0030999999999039574
10639,2023-10-01,1962,Home,East,5,248.79,0.35,COD,5,4.4,808.57,1243.95,435.3825,808.5675000000001,2023,October,10,Q4,Sunday,0.002499999999940883
10640,2023-10-02,1075,Clothing,North,2,125.51,0.04,COD,6,1.4,240.98,251.02,10.0408,240.97920000000002,2023,October,10,Q4,Monday,0.0007999999999697138
10641,2023-10-03,1153,Clothing,West,6,459.01,0.21,Card,5,3.7,2175.71,2754.06,578.3525999999999,2175.7074000000002,2023,October,10,Q4,Tuesday,0.002599999999802094
10642,2023-10-04,1655,Electronics,South,6,68.18,0.24,Card,4,4.9,310.9,409.08000000000004,98.17920000000001,310.9008,2023,October,10,Q4,Wednesday,-0.0008000000000265572
10643,2023-10-05,1434,Home,West,3,316.14,0.33,Card,11,1.1,635.44,948.42,312.97860000000003,635.4413999999999,2023,October,10,Q4,Thursday,-0.001399999999875945
10644,2023-10-06,1996,Electronics,North,7,52.37,0.27,Wallet,11,4.9,267.61,366.59,98.9793,267.61069999999995,2023,October,10,Q4,Friday,-0.0006999999999379725
10645,2023-10-07,1085,Home,North,2,223.5,0.23,Wallet,9,1.1,344.19,447.0,102.81,344.19,2023,October,10,Q4,Saturday,0.0
10646,2023-10-08,1696,Electronics,East,3,366.63,0.04,Card,3,4.4,1055.89,1099.8899999999999,43.995599999999996,1055.8944,2023,October,10,Q4,Sunday,-0.004399999999805004
10647,2023-10-09,1284,Electronics,East,4,340.33,0.13,Wallet,11,4.8,1184.35,1361.32,176.9716,1184.3483999999999,2023,October,10,Q4,Monday,0.0016000000000531145
10648,2023-10-10,1973,Electronics,East,7,251.72,0.05,Card,2,5.0,1673.94,1762.04,88.102,1673.9379999999999,2023,October,10,Q4,Tuesday,0.00200000000018008
10649,2023-10-11,1219,Electronics,West,5,265.99,0.31,COD,9,2.8,917.67,1329.95,412.28450000000004,917.6655000000001,2023,October,10,Q4,Wednesday,0.004499999999893589
10650,2023-10-12,1068,Home,North,2,147.66,0.26,Wallet,8,4.5,218.54,295.32,76.78320000000001,218.53679999999997,2023,October,10,Q4,Thursday,0.003200000000020964
10651,2023-10-13,1046,Home,South,6,281.69,0.27,Card,9,1.5,1233.8,1690.1399999999999,456.3378,1233.8021999999999,2023,October,10,Q4,Friday,-0.002199999999902502
10652,2023-10-14,1093,Clothing,East,3,572.65,0.23,COD,10,2.7,1322.82,1717.9499999999998,395.1285,1322.8214999999998,2023,October,10,Q4,Saturday,-0.0014999999998508429
10653,2023-10-15,1749,Electronics,West,6,512.51,0.18,Card,11,2.2,2521.55,3075.06,553.5108,2521.5492,2023,October,10,Q4,Sunday,0.0008000000002539309
10654,2023-10-16,1957,Electronics,East,2,99.96,0.05,Card,3,2.6,189.92,199.92,9.996,189.92399999999998,2023,October,10,Q4,Monday,-0.003999999999990678
10655,2023-10-17,1452,Electronics,North,6,32.42,0.12,COD,1,3.8,171.18,194.52,23.3424,171.1776,2023,October,10,Q4,Tuesday,0.0023999999999944066
10656,2023-10-18,1203,Electronics,South,3,561.11,0.05,Wallet,11,1.3,1599.16,1683.33,84.1665,1599.1634999999999,2023,October,10,Q4,Wednesday,-0.003499999999803549
10657,2023-10-19,1911,Beauty,North,7,323.15,0.25,COD,1,5.0,1696.54,2262.0499999999997,565.5124999999999,1696.5375,2023,October,10,Q4,Thursday,0.0025000000000545697
10658,2023-10-20,1217,Electronics,West,3,329.64,0.06,Wallet,3,3.5,929.58,988.92,59.33519999999999,929.5848,2023,October,10,Q4,Friday,-0.00479999999993197
10659,2023-10-21,1473,Clothing,East,1,471.72,0.25,Wallet,4,4.5,353.79,471.72,117.93,353.79,2023,October,10,Q4,Saturday,0.0
10660,2023-10-22,1431,Electronics,North,6,199.09,0.24,Card,2,4.3,907.85,1194.54,286.6896,907.8504,2023,October,10,Q4,Sunday,-0.0004000000000132786
10661,2023-10-23,1340,Electronics,West,1,296.92,0.16,Card,8,4.1,249.41,296.92,47.507200000000005,249.4128,2023,October,10,Q4,Monday,-0.0028000000000076852
10662,2023-10-24,1550,Clothing,East,7,581.67,0.05,COD,3,1.2,3868.11,4071.6899999999996,203.5845,3868.1054999999997,2023,October,10,Q4,Tuesday,0.004500000000462023
10663,2023-10-25,1611,Clothing,South,1,408.21,0.11,COD,4,3.1,363.31,408.21,44.903099999999995,363.3069,2023,October,10,Q4,Wednesday,0.003100000000017644
10664,2023-10-26,1288,Electronics,North,6,104.94,0.11,Card,6,2.3,560.38,629.64,69.2604,560.3796,2023,October,10,Q4,Thursday,0.0004000000000132786
10665,2023-10-27,1253,Electronics,East,2,92.94,0.25,Wallet,10,1.5,139.41,185.88,46.47,139.41,2023,October,10,Q4,Friday,0.0
10666,2023-10-28,1733,Clothing,East,4,134.49,0.04,COD,6,2.4,516.44,537.96,21.518400000000003,516.4416,2023,October,10,Q4,Saturday,-0.0015999999999394277
10667,2023-10-29,1356,Electronics,East,7,463.53,0.29,Card,2,3.6,2303.74,3244.71,940.9658999999999,2303.7441,2023,October,10,Q4,Sunday,-0.004100000000107684
10668,2023-10-30,1022,Electronics,East,3,187.8,0.27,COD,6,1.9,411.28,563.4000000000001,152.11800000000002,411.28200000000004,2023,October,10,Q4,Monday,-0.002000000000066393
10669,2023-10-31,1761,Beauty,North,5,27.51,0.07,Card,4,2.8,127.92,137.55,9.628500000000003,127.92150000000001,2023,October,10,Q4,Tuesday,-0.0015000000000071623
10670,2023-11-01,1521,Clothing,East,7,567.34,0.25,COD,5,2.6,2978.54,3971.38,992.845,2978.535,2023,November,11,Q4,Wednesday,0.005000000000109139
10671,2023-11-02,1757,Clothing,West,1,114.28,0.23,Wallet,7,1.2,88.0,114.28,26.2844,87.9956,2023,November,11,Q4,Thursday,0.004400000000003956
10672,2023-11-03,1836,Clothing,North,2,20.59,0.26,Wallet,7,3.5,30.47,41.18,10.7068,30.4732,2023,November,11,Q4,Friday,-0.0031999999999996476
10673,2023-11-04,1099,Clothing,East,6,153.72,0.07,Card,6,3.5,857.76,922.3199999999999,64.5624,857.7575999999999,2023,November,11,Q4,Saturday,0.0024000000000796717
10674,2023-11-05,1801,Clothing,North,2,152.49,0.06,COD,10,4.9,286.68,304.98,18.2988,286.6812,2023,November,11,Q4,Sunday,-0.0011999999999829924
10675,2023-11-06,1179,Home,West,2,261.87,0.08,COD,6,2.2,481.84,523.74,41.8992,481.8408,2023,November,11,Q4,Monday,-0.0008000000000265572
10676,2023-11-07,1222,Home,West,6,553.43,0.13,Card,6,2.7,2888.9,3320.58,431.6754,2888.9046,2023,November,11,Q4,Tuesday,-0.0045999999997548
10677,2023-11-08,1905,Electronics,North,5,529.32,0.28,Card,4,2.6,1905.55,2646.6000000000004,741.0480000000002,1905.5520000000001,2023,November,11,Q4,Wednesday,-0.00200000000018008
10678,2023-11-09,1761,Clothing,East,6,282.28,0.26,COD,3,4.7,1253.32,1693.6799999999998,440.35679999999996,1253.3231999999998,2023,November,11,Q4,Thursday,-0.0031999999998788553
10679,2023-11-10,1658,Clothing,East,5,255.38,0.32,COD,1,2.6,868.29,1276.9,408.60800000000006,868.292,2023,November,11,Q4,Friday,-0.002000000000066393
10680,2023-11-11,1441,Beauty,West,6,339.68,0.02,Card,3,2.8,1997.32,2038.08,40.7616,1997.3183999999999,2023,November,11,Q4,Saturday,0.0016000000000531145
10681,2023-11-12,1607,Clothing,East,1,157.42,0.0,Card,3,2.0,157.42,157.42,0.0,157.42,2023,November,11,Q4,Sunday,0.0
10682,2023-11-13,1768,Clothing,West,5,45.53,0.24,Card,9,1.0,173.01,227.65,54.636,173.014,2023,November,11,Q4,Monday,-0.004000000000019099
10683,2023-11-14,1324,Electronics,East,1,564.45,0.1,Card,3,1.4,508.01,564.45,56.44500000000001,508.00500000000005,2023,November,11,Q4,Tuesday,0.004999999999938609
10684,2023-11-15,1515,Clothing,West,7,124.22,0.12,COD,8,3.8,765.2,869.54,104.34479999999999,765.1952,2023,November,11,Q4,Wednesday,0.004800000000045657
10685,2023-11-16,1015,Electronics,South,5,131.06,0.19,Card,8,3.7,530.79,655.3,124.50699999999999,530.793,2023,November,11,Q4,Thursday,-0.0030000000000427463
10686,2023-11-17,1791,Electronics,East,5,291.39,0.04,Card,3,2.3,1398.67,1456.9499999999998,58.27799999999999,1398.6719999999998,2023,November,11,Q4,Friday,-0.0019999999997253326
10687,2023-11-18,1335,Electronics,East,6,302.59,0.22,Wallet,10,2.9,1416.12,1815.54,399.4188,1416.1212,2023,November,11,Q4,Saturday,-0.0012000000001535227
10688,2023-11-19,1758,Home,East,5,25.78,0.11,Card,10,2.2,114.72,128.9,14.179,114.721,2023,November,11,Q4,Sunday,-0.0010000000000047748
10689,2023-11-20,1257,Electronics,North,1,101.55,0.22,COD,6,3.9,79.21,101.55,22.341,79.209,2023,November,11,Q4,Monday,0.000999999999990564
10690,2023-11-21,1496,Clothing,East,7,236.22,0.29,Wallet,8,4.4,1174.01,1653.54,479.5266,1174.0134,2023,November,11,Q4,Tuesday,-0.003400000000056025
10691,2023-11-22,1987,Beauty,North,6,414.98,0.06,COD,8,4.6,2340.49,2489.88,149.3928,2340.4872,2023,November,11,Q4,Wednesday,0.00279999999975189
10692,2023-11-23,1895,Electronics,North,3,148.62,0.33,COD,10,1.7,298.73,445.86,147.1338,298.7262,2023,November,11,Q4,Thursday,0.00380000000001246
10693,2023-11-24,1159,Clothing,West,7,262.46,0.19,Card,10,3.8,1488.15,1837.2199999999998,349.07179999999994,1488.1481999999999,2023,November,11,Q4,Friday,0.001800000000230284
10694,2023-11-25,1474,Clothing,North,7,341.05,0.32,Card,9,4.9,1623.4,2387.35,763.952,1623.398,2023,November,11,Q4,Saturday,0.00200000000018008
10695,2023-11-26,1851,Electronics,North,1,534.83,0.07,COD,9,3.6,497.39,534.83,37.438100000000006,497.3919,2023,November,11,Q4,Sunday,-0.0019000000000346517
10696,2023-11-27,1663,Home,South,7,205.75,0.21,COD,8,2.4,1137.8,1440.25,302.4525,1137.7975000000001,2023,November,11,Q4,Monday,0.002499999999827196
10697,2023-11-28,1907,Electronics,East,3,93.13,0.14,Card,7,3.5,240.28,279.39,39.1146,240.2754,2023,November,11,Q4,Tuesday,0.004600000000010596
10698,2023-11-29,1689,Clothing,North,2,301.22,0.27,COD,10,3.8,439.78,602.44,162.6588,439.7812,2023,November,11,Q4,Wednesday,-0.0012000000000398359
10699,2023-11-30,1674,Clothing,East,6,451.83,0.21,Wallet,3,2.6,2141.67,2710.98,569.3058,2141.6742,2023,November,11,Q4,Thursday,-0.0041999999998552084
10700,2023-12-01,1379,Clothing,North,2,79.27,0.17,Card,7,1.4,131.59,158.54,26.951800000000002,131.5882,2023,December,12,Q4,Friday,0.0018000000000029104
10701,2023-12-02,1544,Home,West,6,263.44,0.32,COD,4,3.4,1074.84,1580.6399999999999,505.80479999999994,1074.8352,2023,December,12,Q4,Saturday,0.00479999999993197
10702,2023-12-03,1928,Electronics,South,7,25.4,0.13,COD,2,4.2,154.69,177.79999999999998,23.113999999999997,154.68599999999998,2023,December,12,Q4,Sunday,0.004000000000019099
10703,2023-12-04,1956,Electronics,North,6,34.63,0.08,Wallet,8,5.0,191.16,207.78000000000003,16.622400000000003,191.15760000000003,2023,December,12,Q4,Monday,0.002399999999965985
10704,2023-12-05,1690,Home,East,1,297.53,0.21,Wallet,2,1.9,235.05,297.53,62.48129999999999,235.0487,2023,December,12,Q4,Tuesday,0.0013000000000147338
10705,2023-12-06,1426,Clothing,West,3,189.45,0.22,COD,1,3.8,443.31,568.3499999999999,125.03699999999998,443.31299999999993,2023,December,12,Q4,Wednesday,-0.0029999999999290594
10706,2023-12-07,1612,Home,East,6,509.39,0.15,Card,5,1.1,2597.89,3056.34,458.451,2597.889,2023,December,12,Q4,Thursday,0.0009999999997489795
10707,2023-12-08,1267,Home,West,3,367.26,0.17,Card,10,4.9,914.48,1101.78,187.3026,914.4774,2023,December,12,Q4,Friday,0.0026000000000294676
10708,2023-12-09,1834,Home,South,6,280.55,0.34,Card,9,1.1,1110.98,1683.3000000000002,572.3220000000001,1110.978,2023,December,12,Q4,Saturday,0.0019999999999527063
10709,2023-12-10,1576,Clothing,West,3,253.64,0.26,COD,5,2.4,563.08,760.92,197.8392,563.0808,2023,December,12,Q4,Sunday,-0.0007999999999128704
10710,2023-12-11,1416,Electronics,East,2,305.89,0.04,COD,11,1.3,587.31,611.78,24.4712,587.3088,2023,December,12,Q4,Monday,0.001199999999926149
10711,2023-12-12,1167,Home,East,1,38.66,0.07,Wallet,2,3.5,35.95,38.66,2.7062,35.953799999999994,2023,December,12,Q4,Tuesday,-0.003799999999991144
10712,2023-12-13,1841,Clothing,North,6,537.28,0.34,COD,10,2.4,2127.63,3223.68,1096.0512,2127.6287999999995,2023,December,12,Q4,Wednesday,0.00120000000060827
10713,2023-12-14,1042,Electronics,West,4,599.01,0.25,COD,4,3.9,1797.03,2396.04,599.01,1797.03,2023,December,12,Q4,Thursday,0.0
10714,2023-12-15,1555,Beauty,East,3,121.17,0.32,COD,8,2.9,247.19,363.51,116.3232,247.1868,2023,December,12,Q4,Friday,0.003199999999992542
10715,2023-12-16,1284,Beauty,North,3,85.42,0.11,Card,7,2.7,228.07,256.26,28.188599999999997,228.07139999999998,2023,December,12,Q4,Saturday,-0.0013999999999896318
10716,2023-12-17,1396,Clothing,South,4,98.99,0.26,COD,5,2.4,293.01,395.96,102.9496,293.0104,2023,December,12,Q4,Sunday,-0.0004000000000132786
10717,2023-12-18,1011,Electronics,East,1,401.7,0.25,COD,4,1.3,301.27,401.7,100.425,301.275,2023,December,12,Q4,Monday,-0.0049999999999954525
10718,2023-12-19,1606,Clothing,North,3,401.94,0.1,Wallet,5,1.8,1085.24,1205.82,120.582,1085.2379999999998,2023,December,12,Q4,Tuesday,0.00200000000018008
10719,2023-12-20,1301,Home,East,1,511.04,0.19,Card,7,3.6,413.94,511.04,97.0976,413.9424,2023,December,12,Q4,Wednesday,-0.0024000000000228283
10720,2023-12-21,1897,Beauty,West,3,454.82,0.22,Wallet,5,3.0,1064.28,1364.46,300.1812,1064.2788,2023,December,12,Q4,Thursday,0.001199999999926149
10721,2023-12-22,1252,Electronics,North,7,278.07,0.17,COD,8,1.3,1615.59,1946.49,330.9033,1615.5867,2023,December,12,Q4,Friday,0.0032999999998537533
10722,2023-12-23,1498,Electronics,West,5,373.52,0.29,Card,7,3.2,1326.0,1867.6,541.6039999999999,1325.996,2023,December,12,Q4,Saturday,0.0039999999999054126
10723,2023-12-24,1753,Beauty,South,7,417.65,0.29,Card,7,1.2,2075.72,2923.5499999999997,847.8294999999998,2075.7205,2023,December,12,Q4,Sunday,-0.0005000000001018634
10724,2023-12-25,1034,Clothing,West,3,314.95,0.3,Card,9,3.0,661.39,944.8499999999999,283.455,661.395,2023,December,12,Q4,Monday,-0.0049999999999954525
10725,2023-12-26,1726,Clothing,North,5,293.26,0.28,COD,8,4.9,1055.74,1466.3,410.564,1055.7359999999999,2023,December,12,Q4,Tuesday,0.004000000000132786
10726,2023-12-27,1848,Beauty,East,6,392.38,0.17,Card,8,2.2,1954.05,2354.2799999999997,400.2276,1954.0523999999998,2023,December,12,Q4,Wednesday,-0.002399999999852298
10727,2023-12-28,1089,Electronics,North,1,341.12,0.13,Card,6,3.9,296.77,341.12,44.345600000000005,296.7744,2023,December,12,Q4,Thursday,-0.004400000000032378
10728,2023-12-29,1775,Clothing,West,3,391.71,0.29,Wallet,7,4.0,834.34,1175.1299999999999,340.7876999999999,834.3423,2023,December,12,Q4,Friday,-0.002299999999991087
10729,2023-12-30,1604,Electronics,West,2,373.52,0.17,COD,8,2.6,620.04,747.04,126.99680000000001,620.0432,2023,December,12,Q4,Saturday,-0.003199999999992542
10730,2023-12-31,1921,Clothing,East,2,435.73,0.09,COD,5,3.4,793.03,871.46,78.4314,793.0286000000001,2023,December,12,Q4,Sunday,0.001399999999875945
10731,2024-01-01,1969,Home,South,4,391.04,0.18,Card,10,2.9,1282.61,1564.16,281.5488,1282.6112,2024,January,1,Q1,Monday,-0.0012000000001535227
10732,2024-01-02,1601,Clothing,North,2,319.05,0.05,COD,2,2.1,606.2,638.1,31.905,606.195,2024,January,1,Q1,Tuesday,0.0049999999999954525
10733,2024-01-03,1417,Beauty,East,5,413.85,0.24,Card,7,4.0,1572.63,2069.25,496.62,1572.63,2024,January,1,Q1,Wednesday,0.0
10734,2024-01-04,1114,Clothing,East,2,277.95,0.12,Wallet,10,3.8,489.19,555.9,66.708,489.192,2024,January,1,Q1,Thursday,-0.0020000000000095497
10735,2024-01-05,1616,Electronics,East,2,156.38,0.09,Card,3,4.6,284.61,312.76,28.1484,284.6116,2024,January,1,Q1,Friday,-0.001599999999996271
10736,2024-01-06,1902,Electronics,North,2,15.83,0.33,COD,10,3.5,21.21,31.66,10.4478,21.2122,2024,January,1,Q1,Saturday,-0.0021999999999984254
10737,2024-01-07,1195,Clothing,North,3,342.58,0.27,COD,11,2.6,750.25,1027.74,277.4898,750.2502,2024,January,1,Q1,Sunday,-0.0001999999999497959
10738,2024-01-08,1825,Clothing,North,4,360.53,0.28,COD,8,3.9,1038.33,1442.12,403.7936,1038.3264,2024,January,1,Q1,Monday,0.0036000000000058208
10739,2024-01-09,1500,Electronics,South,1,583.65,0.22,Wallet,6,3.5,455.25,583.65,128.403,455.24699999999996,2024,January,1,Q1,Tuesday,0.0030000000000427463
10740,2024-01-10,1625,Clothing,East,4,226.46,0.29,Card,11,3.5,643.15,905.84,262.6936,643.1464000000001,2024,January,1,Q1,Wednesday,0.003599999999892134
10741,2024-01-11,1492,Clothing,West,5,245.57,0.27,Card,4,4.4,896.33,1227.85,331.5195,896.3304999999999,2024,January,1,Q1,Thursday,-0.0004999999998744897
10742,2024-01-12,1074,Home,West,3,133.05,0.21,COD,2,4.6,315.33,399.15000000000003,83.8215,315.3285,2024,January,1,Q1,Friday,0.0014999999999645297
10743,2024-01-13,1412,Home,East,6,56.26,0.34,COD,7,1.7,222.79,337.56,114.77040000000001,222.7896,2024,January,1,Q1,Saturday,0.0003999999999848569
10744,2024-01-14,1375,Home,West,3,467.09,0.07,Card,1,2.3,1303.18,1401.27,98.08890000000001,1303.1811,2024,January,1,Q1,Sunday,-0.001099999999951251
10745,2024-01-15,1419,Electronics,South,7,161.06,0.33,Card,7,3.6,755.37,1127.42,372.0486,755.3714,2024,January,1,Q1,Monday,-0.0013999999999896318
10746,2024-01-16,1728,Electronics,South,2,371.21,0.14,COD,10,3.2,638.48,742.42,103.9388,638.4812,2024,January,1,Q1,Tuesday,-0.001199999999926149
10747,2024-01-17,1276,Home,North,2,417.35,0.18,Wallet,10,3.6,684.45,834.7,150.246,684.4540000000001,2024,January,1,Q1,Wednesday,-0.004000000000019099
10748,2024-01-18,1760,Clothing,North,5,290.67,0.04,COD,7,2.7,1395.22,1453.3500000000001,58.13400000000001,1395.2160000000001,2024,January,1,Q1,Thursday,0.0039999999999054126
10749,2024-01-19,1675,Electronics,North,6,527.67,0.19,Wallet,10,2.6,2564.48,3166.0199999999995,601.5437999999999,2564.4761999999996,2024,January,1,Q1,Friday,0.003800000000410364
10750,2024-01-20,1393,Home,North,7,274.62,0.21,COD,3,1.5,1518.65,1922.3400000000001,403.6914,1518.6486000000002,2024,January,1,Q1,Saturday,0.001399999999875945
10751,2024-01-21,1868,Home,North,3,181.67,0.35,Card,4,3.5,354.26,545.01,190.75349999999997,354.2565,2024,January,1,Q1,Sunday,0.0034999999999740794
10752,2024-01-22,1456,Clothing,West,6,539.17,0.34,Card,4,1.7,2135.11,3235.0199999999995,1099.9068,2135.1132,2024,January,1,Q1,Monday,-0.0031999999996514816
10753,2024-01-23,1919,Electronics,West,1,519.02,0.34,COD,4,3.7,342.55,519.02,176.4668,342.55319999999995,2024,January,1,Q1,Tuesday,-0.0031999999999356987
10754,2024-01-24,1191,Home,North,4,110.96,0.12,COD,9,4.9,390.58,443.84,53.260799999999996,390.57919999999996,2024,January,1,Q1,Wednesday,0.0008000000000265572
10755,2024-01-25,1738,Clothing,South,3,30.19,0.35,COD,6,2.0,58.87,90.57000000000001,31.6995,58.87050000000001,2024,January,1,Q1,Thursday,-0.0005000000000094929
10756,2024-01-26,1688,Home,West,6,67.64,0.16,COD,10,1.6,340.91,405.84000000000003,64.93440000000001,340.90560000000005,2024,January,1,Q1,Friday,0.004399999999975535
10757,2024-01-27,1098,Home,South,1,182.63,0.3,Wallet,9,1.1,127.84,182.63,54.788999999999994,127.84100000000001,2024,January,1,Q1,Saturday,-0.0010000000000047748
10758,2024-01-28,1547,Home,South,1,583.77,0.08,COD,4,2.5,537.07,583.77,46.7016,537.0684,2024,January,1,Q1,Sunday,0.0016000000000531145
10759,2024-01-29,1977,Clothing,East,7,341.73,0.18,Card,7,1.9,1961.53,2392.11,430.57980000000003,1961.5302000000001,2024,January,1,Q1,Monday,-0.00020000000017716957
10760,2024-01-30,1998,Electronics,East,7,233.36,0.34,Card,10,3.0,1078.12,1633.52,555.3968,1078.1232,2024,January,1,Q1,Tuesday,-0.003200000000106229
10761,2024-01-31,1095,Home,North,4,534.9,0.33,COD,9,3.1,1433.53,2139.6,706.068,1433.532,2024,January,1,Q1,Wednesday,-0.0019999999999527063
10762,2024-02-01,1663,Clothing,South,1,280.08,0.24,Wallet,10,2.4,212.86,280.08,67.2192,212.86079999999998,2024,February,2,Q1,Thursday,-0.0007999999999697138
10763,2024-02-02,1662,Home,West,5,199.41,0.28,Card,3,4.0,717.88,997.05,279.17400000000004,717.876,2024,February,2,Q1,Friday,0.004000000000019099
10764,2024-02-03,1189,Electronics,East,1,565.61,0.06,Wallet,3,4.6,531.67,565.61,33.9366,531.6734,2024,February,2,Q1,Saturday,-0.003400000000056025
10765,2024-02-04,1735,Electronics,East,6,511.97,0.25,Wallet,6,1.8,2303.87,3071.82,767.955,2303.8650000000002,2024,February,2,Q1,Sunday,0.004999999999654392
10766,2024-02-05,1036,Beauty,South,7,508.55,0.22,COD,8,4.3,2776.68,3559.85,783.167,2776.683,2024,February,2,Q1,Monday,-0.003000000000156433
10767,2024-02-06,1779,Home,East,5,314.69,0.03,Card,1,1.5,1526.25,1573.45,47.2035,1526.2465,2024,February,2,Q1,Tuesday,0.003500000000030923
10768,2024-02-07,1368,Beauty,East,7,476.82,0.04,Card,4,1.9,3204.23,3337.74,133.5096,3204.2304,2024,February,2,Q1,Wednesday,-0.0003999999998995918
10769,2024-02-08,1694,Home,West,7,119.92,0.04,Card,8,3.2,805.86,839.44,33.577600000000004,805.8624000000001,2024,February,2,Q1,Thursday,-0.0024000000000796717
10770,2024-02-09,1524,Clothing,South,7,350.34,0.25,Card,6,2.2,1839.28,2452.3799999999997,613.0949999999999,1839.2849999999999,2024,February,2,Q1,Friday,-0.004999999999881766
10771,2024-02-10,1278,Home,East,1,590.55,0.05,COD,2,1.2,561.02,590.55,29.5275,561.0224999999999,2024,February,2,Q1,Saturday,-0.002499999999940883
10772,2024-02-11,1216,Beauty,South,2,185.21,0.16,Card,8,2.2,311.15,370.42,59.2672,311.1528,2024,February,2,Q1,Sunday,-0.002800000000036107
10773,2024-02-12,1866,Clothing,East,1,479.7,0.12,COD,1,4.6,422.14,479.7,57.564,422.13599999999997,2024,February,2,Q1,Monday,0.004000000000019099
10774,2024-02-13,1872,Clothing,West,7,301.93,0.19,Card,1,1.7,1711.94,2113.51,401.56690000000003,1711.9431000000002,2024,February,2,Q1,Tuesday,-0.003100000000131331
10775,2024-02-14,1797,Electronics,South,5,38.29,0.25,Card,7,4.1,143.59,191.45,47.8625,143.58749999999998,2024,February,2,Q1,Wednesday,0.002500000000026148
10776,2024-02-15,1272,Clothing,East,1,461.37,0.24,COD,10,3.9,350.64,461.37,110.72879999999999,350.6412,2024,February,2,Q1,Thursday,-0.0012000000000398359
10777,2024-02-16,1880,Home,West,7,113.61,0.18,Wallet,3,1.4,652.12,795.27,143.1486,652.1214,2024,February,2,Q1,Friday,-0.0013999999999896318
10778,2024-02-17,1061,Electronics,East,7,384.41,0.16,COD,8,2.3,2260.33,2690.8700000000003,430.53920000000005,2260.3308,2024,February,2,Q1,Saturday,-0.0008000000002539309
10779,2024-02-18,1595,Electronics,South,1,65.11,0.14,COD,9,1.8,55.99,65.11,9.115400000000001,55.9946,2024,February,2,Q1,Sunday,-0.004599999999996385
10780,2024-02-19,1879,Electronics,East,1,568.92,0.3,COD,8,1.1,398.24,568.92,170.676,398.24399999999997,2024,February,2,Q1,Monday,-0.003999999999962256
10781,2024-02-20,1728,Electronics,South,5,185.66,0.12,COD,1,1.7,816.9,928.3,111.39599999999999,816.904,2024,February,2,Q1,Tuesday,-0.004000000000019099
10782,2024-02-21,1341,Electronics,South,1,147.48,0.09,Wallet,1,1.8,134.21,147.48,13.2732,134.2068,2024,February,2,Q1,Wednesday,0.003200000000020964
10783,2024-02-22,1396,Clothing,East,4,90.54,0.26,Card,6,1.7,268.0,362.16,94.1616,267.9984,2024,February,2,Q1,Thursday,0.001599999999996271
10784,2024-02-23,1698,Beauty,West,6,568.41,0.13,Wallet,1,1.4,2967.1,3410.46,443.3598,2967.1002,2024,February,2,Q1,Friday,-0.0001999999999497959
10785,2024-02-24,1018,Clothing,North,4,431.46,0.3,Card,8,3.1,1208.09,1725.84,517.752,1208.088,2024,February,2,Q1,Saturday,0.0019999999999527063
10786,2024-02-25,1176,Electronics,West,5,448.87,0.11,Wallet,6,2.3,1997.47,2244.35,246.8785,1997.4714999999999,2024,February,2,Q1,Sunday,-0.0014999999998508429
10787,2024-02-26,1611,Electronics,West,2,307.15,0.25,Card,5,4.6,460.72,614.3,153.575,460.72499999999997,2024,February,2,Q1,Monday,-0.004999999999938609
10788,2024-02-27,1395,Home,East,4,292.72,0.02,Wallet,6,1.7,1147.46,1170.88,23.417600000000004,1147.4624000000001,2024,February,2,Q1,Tuesday,-0.0024000000000796717
10789,2024-02-28,1444,Clothing,West,7,79.36,0.13,Wallet,4,3.4,483.3,555.52,72.2176,483.3024,2024,February,2,Q1,Wednesday,-0.002399999999965985
10790,2024-02-29,1232,Home,West,6,342.51,0.12,Card,1,4.6,1808.45,2055.06,246.60719999999998,1808.4528,2024,February,2,Q1,Thursday,-0.0027999999999792635
10791,2024-03-01,1914,Home,North,3,159.45,0.29,Wallet,7,1.2,339.63,478.34999999999997,138.7215,339.6285,2024,March,3,Q1,Friday,0.0015000000000213731
10792,2024-03-02,1075,Home,West,6,586.63,0.34,Card,10,3.1,2323.05,3519.7799999999997,1196.7252,2323.0548,2024,March,3,Q1,Saturday,-0.004799999999704596
10793,2024-03-03,1264,Electronics,North,4,481.0,0.16,Card,9,2.8,1616.16,1924.0,307.84000000000003,1616.1599999999999,2024,March,3,Q1,Sunday,2.2737367544323206e-13
10794,2024-03-04,1454,Home,East,3,256.6,0.29,Card,4,4.7,546.56,769.8000000000001,223.242,546.5580000000001,2024,March,3,Q1,Monday,0.0019999999998390194
10795,2024-03-05,1795,Electronics,North,5,103.53,0.24,Wallet,4,3.7,393.41,517.65,124.23599999999999,393.414,2024,March,3,Q1,Tuesday,-0.003999999999962256
10796,2024-03-06,1717,Beauty,South,6,474.42,0.34,COD,9,2.4,1878.7,2846.52,967.8168000000001,1878.7032,2024,March,3,Q1,Wednesday,-0.0031999999998788553
10797,2024-03-07,1734,Clothing,South,2,86.4,0.28,COD,4,3.8,124.42,172.8,48.38400000000001,124.416,2024,March,3,Q1,Thursday,0.0040000000000048885
10798,2024-03-08,1383,Electronics,North,3,125.76,0.03,COD,10,3.3,365.96,377.28000000000003,11.3184,365.96160000000003,2024,March,3,Q1,Friday,-0.0016000000000531145
10799,2024-03-09,1563,Electronics,South,3,138.74,0.25,Wallet,4,2.4,312.17,416.22,104.055,312.165,2024,March,3,Q1,Saturday,0.0049999999999954525
10800,2024-03-10,1850,Electronics,East,6,340.78,0.19,COD,8,4.1,1656.19,2044.6799999999998,388.4892,1656.1907999999999,2024,March,3,Q1,Sunday,-0.0007999999997991836
10801,2024-03-11,1505,Home,South,4,475.43,0.01,Card,11,3.7,1882.7,1901.72,19.0172,1882.7028,2024,March,3,Q1,Monday,-0.0027999999999792635
10802,2024-03-12,1366,Electronics,North,3,198.87,0.09,Card,4,1.0,542.92,596.61,53.6949,542.9151,2024,March,3,Q1,Tuesday,0.004899999999906868
10803,2024-03-13,1143,Clothing,East,5,64.53,0.32,Card,9,4.5,219.4,322.65,103.24799999999999,219.402,2024,March,3,Q1,Wednesday,-0.001999999999981128
10804,2024-03-14,1884,Electronics,South,6,286.76,0.32,COD,11,2.6,1169.98,1720.56,550.5792,1169.9807999999998,2024,March,3,Q1,Thursday,-0.0007999999997991836
10805,2024-03-15,1068,Home,East,5,452.64,0.28,Card,8,3.6,1629.5,2263.2,633.696,1629.504,2024,March,3,Q1,Friday,-0.0039999999999054126
10806,2024-03-16,1098,Home,North,6,144.67,0.34,Card,5,2.6,572.89,868.02,295.1268,572.8932,2024,March,3,Q1,Saturday,-0.003199999999992542
10807,2024-03-17,1395,Home,South,5,143.66,0.28,Wallet,9,4.5,517.18,718.3,201.124,517.1759999999999,2024,March,3,Q1,Sunday,0.004000000000019099
10808,2024-03-18,1024,Home,East,4,569.13,0.0,Card,8,3.6,2276.52,2276.52,0.0,2276.52,2024,March,3,Q1,Monday,0.0
10809,2024-03-19,1947,Electronics,East,6,573.18,0.1,COD,10,3.3,3095.17,3439.08,343.908,3095.172,2024,March,3,Q1,Tuesday,-0.0019999999999527063
10810,2024-03-20,1890,Electronics,South,7,594.42,0.01,Card,4,4.9,4119.33,4160.94,41.609399999999994,4119.330599999999,2024,March,3,Q1,Wednesday,-0.0005999999993946403
10811,2024-03-21,1468,Home,East,2,487.48,0.03,Card,4,2.1,945.71,974.96,29.2488,945.7112000000001,2024,March,3,Q1,Thursday,-0.0012000000000398359
10812,2024-03-22,1483,Clothing,East,4,125.09,0.08,Card,1,1.3,460.33,500.36,40.028800000000004,460.3312,2024,March,3,Q1,Friday,-0.0012000000000398359
10813,2024-03-23,1564,Clothing,North,5,139.01,0.18,Card,4,3.1,569.94,695.05,125.10899999999998,569.941,2024,March,3,Q1,Saturday,-0.0009999999999763531
10814,2024-03-24,1150,Electronics,North,6,214.03,0.3,Wallet,8,2.7,898.93,1284.18,385.254,898.926,2024,March,3,Q1,Sunday,0.0039999999999054126
10815,2024-03-25,1143,Electronics,North,4,201.11,0.3,Card,5,2.8,563.11,804.44,241.332,563.1080000000001,2024,March,3,Q1,Monday,0.0019999999999527063
10816,2024-03-26,1568,Electronics,North,5,574.57,0.22,Card,6,3.5,2240.82,2872.8500000000004,632.027,2240.8230000000003,2024,March,3,Q1,Tuesday,-0.003000000000156433
10817,2024-03-27,1038,Beauty,North,1,476.61,0.32,COD,4,3.5,324.09,476.61,152.51520000000002,324.09479999999996,2024,March,3,Q1,Wednesday,-0.004799999999988813
10818,2024-03-28,1108,Electronics,North,1,438.55,0.18,COD,5,2.6,359.61,438.55,78.939,359.611,2024,March,3,Q1,Thursday,-0.0009999999999763531
10819,2024-03-29,1692,Clothing,South,3,123.79,0.31,COD,10,4.5,256.25,371.37,115.1247,256.2453,2024,March,3,Q1,Friday,0.004700000000013915
10820,2024-03-30,1041,Electronics,North,2,547.07,0.16,Wallet,8,3.6,919.08,1094.14,175.06240000000003,919.0776000000001,2024,March,3,Q1,Saturday,0.002399999999965985
10821,2024-03-31,1185,Home,East,1,499.3,0.1,COD,9,4.6,449.37,499.3,49.93000000000001,449.37,2024,March,3,Q1,Sunday,0.0
10822,2024-04-01,1934,Electronics,South,7,110.73,0.32,Card,3,4.7,527.07,775.11,248.0352,527.0748,2024,April,4,Q2,Monday,-0.00479999999993197
10823,2024-04-02,1397,Beauty,East,5,524.63,0.14,Wallet,10,1.7,2255.91,2623.15,367.24100000000004,2255.909,2024,April,4,Q2,Tuesday,0.0009999999997489795
10824,2024-04-03,1222,Beauty,North,4,174.26,0.18,COD,4,3.7,571.57,697.04,125.46719999999999,571.5727999999999,2024,April,4,Q2,Wednesday,-0.0027999999998655767
10825,2024-04-04,1633,Electronics,North,6,62.31,0.12,Card,1,2.3,329.0,373.86,44.8632,328.9968,2024,April,4,Q2,Thursday,0.003199999999992542
10826,2024-04-05,1132,Beauty,East,4,399.24,0.23,Card,11,4.3,1229.66,1596.96,367.30080000000004,1229.6592,2024,April,4,Q2,Friday,0.0008000000000265572
10827,2024-04-06,1162,Beauty,East,3,397.48,0.35,Card,5,3.9,775.09,1192.44,417.354,775.086,2024,April,4,Q2,Saturday,0.004000000000019099
10828,2024-04-07,1214,Home,East,4,70.54,0.01,Card,4,1.8,279.34,282.16,2.8216,279.33840000000004,2024,April,4,Q2,Sunday,0.0015999999999394277
10829,2024-04-08,1732,Home,West,1,201.53,0.31,Card,6,4.8,139.06,201.53,62.4743,139.0557,2024,April,4,Q2,Monday,0.004300000000000637
10830,2024-04-09,1234,Electronics,West,4,595.8,0.0,Card,6,3.7,2383.2,2383.2,0.0,2383.2,2024,April,4,Q2,Tuesday,0.0
10831,2024-04-10,1842,Clothing,West,1,411.88,0.13,Wallet,10,4.8,358.34,411.88,53.5444,358.3356,2024,April,4,Q2,Wednesday,0.004399999999975535
10832,2024-04-11,1657,Electronics,West,1,442.09,0.06,Wallet,6,1.8,415.56,442.09,26.525399999999998,415.5646,2024,April,4,Q2,Thursday,-0.004599999999982174
10833,2024-04-12,1750,Electronics,South,2,139.56,0.27,COD,3,4.5,203.76,279.12,75.36240000000001,203.7576,2024,April,4,Q2,Friday,0.0023999999999944066
10834,2024-04-13,1587,Beauty,North,3,61.09,0.02,Wallet,7,3.7,179.6,183.27,3.6654000000000004,179.6046,2024,April,4,Q2,Saturday,-0.004600000000010596
10835,2024-04-14,1008,Electronics,East,7,176.99,0.19,Card,3,3.2,1003.53,1238.93,235.3967,1003.5333,2024,April,4,Q2,Sunday,-0.003300000000081127
10836,2024-04-15,1073,Home,North,7,160.61,0.1,Wallet,6,4.3,1011.84,1124.27,112.427,1011.843,2024,April,4,Q2,Monday,-0.0029999999999290594
10837,2024-04-16,1953,Home,East,5,152.21,0.05,COD,10,3.5,723.0,761.0500000000001,38.0525,722.9975000000001,2024,April,4,Q2,Tuesday,0.002499999999940883
10838,2024-04-17,1491,Beauty,North,7,127.76,0.27,Card,1,3.7,652.85,894.32,241.46640000000002,652.8536,2024,April,4,Q2,Wednesday,-0.0036000000000058208
10839,2024-04-18,1912,Beauty,South,1,351.23,0.08,Card,8,2.0,323.13,351.23,28.0984,323.1316,2024,April,4,Q2,Thursday,-0.001599999999996271
10840,2024-04-19,1252,Electronics,West,6,206.94,0.08,Card,7,4.3,1142.31,1241.6399999999999,99.3312,1142.3087999999998,2024,April,4,Q2,Friday,0.0012000000001535227
10841,2024-04-20,1229,Electronics,North,3,494.9,0.1,Card,9,3.6,1336.23,1484.6999999999998,148.47,1336.2299999999998,2024,April,4,Q2,Saturday,2.2737367544323206e-13
10842,2024-04-21,1518,Clothing,East,5,122.61,0.21,Card,3,4.4,484.31,613.05,128.7405,484.30949999999996,2024,April,4,Q2,Sunday,0.00050000000004502
10843,2024-04-22,1173,Electronics,North,7,286.81,0.23,Card,8,2.4,1545.91,2007.67,461.76410000000004,1545.9059,2024,April,4,Q2,Monday,0.004100000000107684
10844,2024-04-23,1652,Electronics,South,7,22.99,0.01,Card,2,2.3,159.32,160.92999999999998,1.6092999999999997,159.3207,2024,April,4,Q2,Tuesday,-0.0006999999999948159
10845,2024-04-24,1167,Clothing,South,6,296.78,0.08,Card,9,1.1,1638.23,1780.6799999999998,142.4544,1638.2255999999998,2024,April,4,Q2,Wednesday,0.004400000000259752
10846,2024-04-25,1169,Home,North,4,47.67,0.15,Wallet,1,4.1,162.08,190.68,28.602,162.078,2024,April,4,Q2,Thursday,0.0020000000000095497
10847,2024-04-26,1392,Clothing,West,3,586.97,0.12,Card,10,2.3,1549.6,1760.91,211.3092,1549.6008000000002,2024,April,4,Q2,Friday,-0.0008000000002539309
10848,2024-04-27,1945,Electronics,East,6,477.5,0.31,Card,7,2.3,1976.85,2865.0,888.15,1976.85,2024,April,4,Q2,Saturday,0.0
10849,2024-04-28,1794,Home,South,7,301.72,0.28,COD,10,3.8,1520.67,2112.04,591.3712,1520.6688,2024,April,4,Q2,Sunday,0.0012000000001535227
10850,2024-04-29,1633,Electronics,South,3,65.65,0.22,Wallet,1,2.0,153.62,196.95000000000002,43.329,153.621,2024,April,4,Q2,Monday,-0.0010000000000047748
10851,2024-04-30,1193,Electronics,North,3,361.58,0.12,Card,6,4.6,954.57,1084.74,130.1688,954.5712,2024,April,4,Q2,Tuesday,-0.001199999999926149
10852,2024-05-01,1516,Home,South,7,458.88,0.25,Wallet,1,3.2,2409.12,3212.16,803.04,2409.12,2024,May,5,Q2,Wednesday,0.0
10853,2024-05-02,1028,Clothing,South,4,126.57,0.3,Card,4,4.9,354.4,506.28,151.884,354.39599999999996,2024,May,5,Q2,Thursday,0.004000000000019099
10854,2024-05-03,1164,Home,East,4,347.4,0.21,Card,7,1.3,1097.78,1389.6,291.816,1097.7839999999999,2024,May,5,Q2,Friday,-0.0039999999999054126
10855,2024-05-04,1421,Electronics,West,7,491.31,0.27,Card,2,2.3,2510.59,3439.17,928.5759,2510.5941000000003,2024,May,5,Q2,Saturday,-0.004100000000107684
10856,2024-05-05,1338,Home,East,3,464.42,0.26,COD,3,2.5,1031.01,1393.26,362.24760000000003,1031.0124,2024,May,5,Q2,Sunday,-0.0024000000000796717
10857,2024-05-06,1647,Clothing,West,6,484.75,0.2,Card,4,3.9,2326.8,2908.5,581.7,2326.8,2024,May,5,Q2,Monday,0.0
10858,2024-05-07,1495,Clothing,East,2,529.4,0.11,COD,6,1.9,942.33,1058.8,116.46799999999999,942.332,2024,May,5,Q2,Tuesday,-0.0019999999999527063
10859,2024-05-08,1364,Clothing,North,1,563.54,0.26,Card,9,2.5,417.02,563.54,146.5204,417.01959999999997,2024,May,5,Q2,Wednesday,0.0004000000000132786
10860,2024-05-09,1832,Beauty,South,4,252.23,0.07,COD,4,4.6,938.3,1008.92,70.62440000000001,938.2955999999999,2024,May,5,Q2,Thursday,0.004400000000032378
10861,2024-05-10,1341,Clothing,West,7,347.73,0.27,Card,6,1.5,1776.9,2434.11,657.2097000000001,1776.9003,2024,May,5,Q2,Friday,-0.00029999999992469384
10862,2024-05-11,1499,Clothing,North,2,477.54,0.28,COD,7,4.0,687.66,955.08,267.42240000000004,687.6576,2024,May,5,Q2,Saturday,0.002399999999965985
10863,2024-05-12,1656,Beauty,South,4,422.83,0.29,COD,4,3.8,1200.84,1691.32,490.48279999999994,1200.8372,2024,May,5,Q2,Sunday,0.0027999999999792635
10864,2024-05-13,1510,Home,South,3,597.38,0.17,COD,6,1.5,1487.48,1792.1399999999999,304.6638,1487.4761999999998,2024,May,5,Q2,Monday,0.0038000000001829903
10865,2024-05-14,1326,Clothing,South,7,23.0,0.07,Card,3,3.8,149.73,161.0,11.270000000000001,149.73,2024,May,5,Q2,Tuesday,0.0
10866,2024-05-15,1216,Home,East,2,222.75,0.03,Wallet,5,3.3,432.14,445.5,13.365,432.135,2024,May,5,Q2,Wednesday,0.0049999999999954525
10867,2024-05-16,1300,Clothing,North,7,179.4,0.26,COD,11,2.2,929.29,1255.8,326.508,929.2919999999999,2024,May,5,Q2,Thursday,-0.0019999999999527063
10868,2024-05-17,1131,Electronics,North,6,168.45,0.31,Card,10,2.2,697.38,1010.6999999999999,313.31699999999995,697.383,2024,May,5,Q2,Friday,-0.0030000000000427463
10869,2024-05-18,1803,Clothing,South,6,145.18,0.23,Wallet,4,4.3,670.73,871.08,200.34840000000003,670.7316000000001,2024,May,5,Q2,Saturday,-0.0016000000000531145
10870,2024-05-19,1069,Beauty,West,5,429.84,0.05,COD,7,1.9,2041.74,2149.2,107.46,2041.7399999999998,2024,May,5,Q2,Sunday,2.2737367544323206e-13
10871,2024-05-20,1251,Beauty,North,1,64.58,0.33,COD,6,3.1,43.27,64.58,21.3114,43.2686,2024,May,5,Q2,Monday,0.0014000000000038426
10872,2024-05-21,1414,Electronics,East,1,448.84,0.35,Card,7,3.7,291.75,448.84,157.094,291.746,2024,May,5,Q2,Tuesday,0.004000000000019099
10873,2024-05-22,1786,Clothing,West,4,420.65,0.15,COD,6,1.5,1430.21,1682.6,252.39,1430.21,2024,May,5,Q2,Wednesday,0.0
10874,2024-05-23,1444,Electronics,West,1,161.72,0.21,Card,2,4.7,127.76,161.72,33.9612,127.75880000000001,2024,May,5,Q2,Thursday,0.0011999999999972033
10875,2024-05-24,1875,Beauty,West,7,162.91,0.27,Card,7,2.0,832.47,1140.37,307.8999,832.4700999999999,2024,May,5,Q2,Friday,-9.999999986121111e-05
10876,2024-05-25,1181,Beauty,West,7,382.88,0.26,Card,8,2.3,1983.32,2680.16,696.8416,1983.3183999999999,2024,May,5,Q2,Saturday,0.0016000000000531145
10877,2024-05-26,1166,Clothing,North,5,460.87,0.34,COD,7,3.7,1520.87,2304.35,783.479,1520.8709999999999,2024,May,5,Q2,Sunday,-0.0009999999999763531
10878,2024-05-27,1090,Home,South,6,527.74,0.04,Card,4,1.3,3039.78,3166.44,126.6576,3039.7824,2024,May,5,Q2,Monday,-0.002399999999852298
10879,2024-05-28,1713,Home,West,2,513.5,0.2,Wallet,4,3.5,821.6,1027.0,205.4,821.6,2024,May,5,Q2,Tuesday,0.0
10880,2024-05-29,1857,Clothing,East,2,579.46,0.24,Card,5,4.7,880.78,1158.92,278.1408,880.7792000000001,2024,May,5,Q2,Wednesday,0.0007999999999128704
10881,2024-05-30,1530,Electronics,East,6,355.11,0.31,Card,9,2.0,1470.16,2130.66,660.5046,1470.1553999999999,2024,May,5,Q2,Thursday,0.004600000000209548
10882,2024-05-31,1038,Clothing,South,3,546.56,0.31,COD,5,2.4,1131.38,1639.6799999999998,508.3007999999999,1131.3791999999999,2024,May,5,Q2,Friday,0.0008000000002539309
10883,2024-06-01,1125,Home,North,6,487.98,0.34,COD,2,1.9,1932.4,2927.88,995.4792000000001,1932.4008,2024,June,6,Q2,Saturday,-0.0007999999997991836
10884,2024-06-02,1450,Home,South,2,538.38,0.18,Card,5,4.3,882.94,1076.76,193.8168,882.9431999999999,2024,June,6,Q2,Sunday,-0.0031999999998788553
10885,2024-06-03,1172,Clothing,West,4,21.8,0.29,Card,3,1.7,61.91,87.2,25.288,61.912000000000006,2024,June,6,Q2,Monday,-0.0020000000000095497
10886,2024-06-04,1652,Beauty,North,5,580.05,0.15,Card,10,2.4,2465.21,2900.25,435.03749999999997,2465.2125,2024,June,6,Q2,Tuesday,-0.0025000000000545697
10887,2024-06-05,1753,Electronics,North,6,292.02,0.15,COD,8,3.4,1489.3,1752.12,262.818,1489.302,2024,June,6,Q2,Wednesday,-0.0019999999999527063
10888,2024-06-06,1219,Clothing,West,3,481.94,0.09,Card,10,2.6,1315.7,1445.82,130.1238,1315.6961999999999,2024,June,6,Q2,Thursday,0.0038000000001829903
10889,2024-06-07,1637,Home,East,4,89.41,0.29,COD,10,1.3,253.92,357.64,103.7156,253.9244,2024,June,6,Q2,Friday,-0.004400000000003956
10890,2024-06-08,1057,Home,West,6,246.63,0.35,COD,2,4.8,961.86,1479.78,517.923,961.857,2024,June,6,Q2,Saturday,0.0030000000000427463
10891,2024-06-09,1659,Clothing,South,4,173.8,0.09,Card,11,2.4,632.63,695.2,62.568000000000005,632.6320000000001,2024,June,6,Q2,Sunday,-0.002000000000066393
10892,2024-06-10,1475,Electronics,West,6,185.62,0.02,Card,4,2.8,1091.45,1113.72,22.2744,1091.4456,2024,June,6,Q2,Monday,0.004400000000032378
10893,2024-06-11,1455,Electronics,East,4,87.1,0.29,Card,5,1.7,247.36,348.4,101.03599999999999,247.36399999999998,2024,June,6,Q2,Tuesday,-0.003999999999962256
10894,2024-06-12,1828,Clothing,West,7,486.37,0.22,Card,4,4.5,2655.58,3404.59,749.0098,2655.5802000000003,2024,June,6,Q2,Wednesday,-0.00020000000040454324
10895,2024-06-13,1894,Clothing,South,1,20.41,0.34,COD,5,2.2,13.47,20.41,6.939400000000001,13.4706,2024,June,6,Q2,Thursday,-0.0005999999999986017
10896,2024-06-14,1360,Electronics,South,4,197.82,0.09,COD,10,1.1,720.06,791.28,71.2152,720.0648,2024,June,6,Q2,Friday,-0.004800000000045657
10897,2024-06-15,1934,Home,East,7,117.03,0.02,COD,11,2.3,802.83,819.21,16.3842,802.8258000000001,2024,June,6,Q2,Saturday,0.004199999999968895
10898,2024-06-16,1000,Clothing,South,1,359.59,0.17,Card,4,4.9,298.46,359.59,61.1303,298.4597,2024,June,6,Q2,Sunday,0.00029999999998153726
10899,2024-06-17,1386,Home,South,2,163.74,0.03,Wallet,3,1.6,317.66,327.48,9.8244,317.6556,2024,June,6,Q2,Monday,0.004400000000032378
10900,2024-06-18,1972,Home,West,1,166.51,0.09,Card,1,1.1,151.52,166.51,14.985899999999999,151.5241,2024,June,6,Q2,Tuesday,-0.004099999999993997
10901,2024-06-19,1347,Electronics,North,4,300.68,0.04,Card,4,3.3,1154.61,1202.72,48.1088,1154.6112,2024,June,6,Q2,Wednesday,-0.0012000000001535227
10902,2024-06-20,1189,Electronics,South,5,396.82,0.08,COD,9,2.5,1825.37,1984.1,158.728,1825.3719999999998,2024,June,6,Q2,Thursday,-0.0019999999999527063
10903,2024-06-21,1504,Home,South,5,85.96,0.04,Wallet,1,4.2,412.61,429.79999999999995,17.192,412.60799999999995,2024,June,6,Q2,Friday,0.002000000000066393
10904,2024-06-22,1190,Clothing,East,2,117.67,0.33,Card,7,3.9,157.68,235.34,77.6622,157.6778,2024,June,6,Q2,Saturday,0.002200000000016189
10905,2024-06-23,1507,Home,East,4,159.6,0.1,COD,3,1.7,574.56,638.4,63.84,574.56,2024,June,6,Q2,Sunday,0.0
10906,2024-06-24,1368,Home,West,1,584.64,0.16,Wallet,8,3.3,491.1,584.64,93.5424,491.0976,2024,June,6,Q2,Monday,0.0024000000000228283
10907,2024-06-25,1408,Home,West,5,247.33,0.31,COD,6,1.1,853.29,1236.65,383.36150000000004,853.2885000000001,2024,June,6,Q2,Tuesday,0.0014999999998508429
10908,2024-06-26,1823,Beauty,South,6,365.41,0.24,Card,1,2.8,1666.27,2192.46,526.1904,1666.2696,2024,June,6,Q2,Wednesday,0.0003999999998995918
10909,2024-06-27,1928,Clothing,North,3,156.3,0.22,Wallet,10,3.9,365.74,468.90000000000003,103.158,365.742,2024,June,6,Q2,Thursday,-0.0020000000000095497
10910,2024-06-28,1933,Clothing,North,4,301.92,0.25,COD,5,2.7,905.76,1207.68,301.92,905.76,2024,June,6,Q2,Friday,0.0
10911,2024-06-29,1116,Clothing,West,7,58.36,0.29,COD,8,1.5,290.05,408.52,118.47079999999998,290.0492,2024,June,6,Q2,Saturday,0.0008000000000265572
10912,2024-06-30,1133,Electronics,East,7,35.32,0.31,COD,11,1.2,170.6,247.24,76.6444,170.5956,2024,June,6,Q2,Sunday,0.004400000000003956
10913,2024-07-01,1057,Clothing,South,6,289.21,0.22,Wallet,3,4.4,1353.5,1735.2599999999998,381.75719999999995,1353.5027999999998,2024,July,7,Q3,Monday,-0.00279999999975189
10914,2024-07-02,1555,Electronics,South,6,248.22,0.31,Card,4,4.6,1027.63,1489.32,461.68919999999997,1027.6308,2024,July,7,Q3,Tuesday,-0.0007999999997991836
10915,2024-07-03,1684,Beauty,North,4,95.07,0.19,Card,7,2.4,308.03,380.28,72.25319999999999,308.0268,2024,July,7,Q3,Wednesday,0.003199999999992542
10916,2024-07-04,1671,Clothing,West,3,417.25,0.1,COD,11,1.7,1126.58,1251.75,125.17500000000001,1126.575,2024,July,7,Q3,Thursday,0.004999999999881766
10917,2024-07-05,1172,Clothing,North,5,595.85,0.31,Card,6,4.9,2055.68,2979.25,923.5675,2055.6825,2024,July,7,Q3,Friday,-0.0025000000000545697
10918,2024-07-06,1828,Clothing,North,3,246.45,0.19,Card,7,3.2,598.87,739.3499999999999,140.4765,598.8734999999999,2024,July,7,Q3,Saturday,-0.003499999999917236
10919,2024-07-07,1814,Electronics,West,2,380.37,0.32,COD,9,2.9,517.3,760.74,243.4368,517.3032000000001,2024,July,7,Q3,Sunday,-0.003200000000106229
10920,2024-07-08,1148,Electronics,East,1,578.34,0.01,Card,9,4.0,572.56,578.34,5.7834,572.5566,2024,July,7,Q3,Monday,0.003399999999942338
10921,2024-07-09,1079,Clothing,South,1,501.45,0.14,COD,2,1.7,431.25,501.45,70.203,431.24699999999996,2024,July,7,Q3,Tuesday,0.0030000000000427463
10922,2024-07-10,1885,Electronics,East,6,286.18,0.33,Wallet,3,3.3,1150.44,1717.08,566.6364,1150.4436,2024,July,7,Q3,Wednesday,-0.0036000000000058208
10923,2024-07-11,1212,Clothing,West,5,446.43,0.09,Card,4,4.6,2031.26,2232.15,200.8935,2031.2565000000002,2024,July,7,Q3,Thursday,0.003499999999803549
10924,2024-07-12,1202,Beauty,West,3,89.96,0.33,Wallet,6,1.1,180.82,269.88,89.0604,180.81959999999998,2024,July,7,Q3,Friday,0.0004000000000132786
10925,2024-07-13,1763,Beauty,South,6,314.58,0.33,Card,5,3.7,1264.61,1887.48,622.8684000000001,1264.6116,2024,July,7,Q3,Saturday,-0.0016000000000531145
10926,2024-07-14,1228,Home,East,4,178.25,0.31,Wallet,6,3.2,491.97,713.0,221.03,491.97,2024,July,7,Q3,Sunday,0.0
10927,2024-07-15,1675,Electronics,South,6,109.28,0.2,Wallet,11,4.8,524.54,655.6800000000001,131.13600000000002,524.5440000000001,2024,July,7,Q3,Monday,-0.004000000000132786
10928,2024-07-16,1226,Beauty,North,4,264.37,0.23,Card,8,2.0,814.26,1057.48,243.2204,814.2596,2024,July,7,Q3,Tuesday,0.0004000000000132786
10929,2024-07-17,1658,Beauty,North,4,91.64,0.3,Card,2,4.4,256.59,366.56,109.968,256.592,2024,July,7,Q3,Wednesday,-0.0020000000000095497
10930,2024-07-18,1531,Electronics,North,2,423.91,0.27,Card,6,2.2,618.91,847.82,228.91140000000001,618.9086,2024,July,7,Q3,Thursday,0.0013999999999896318
10931,2024-07-19,1440,Home,East,2,281.9,0.22,Wallet,9,2.7,439.76,563.8,124.03599999999999,439.76399999999995,2024,July,7,Q3,Friday,-0.003999999999962256
10932,2024-07-20,1401,Electronics,North,4,325.72,0.34,Wallet,5,1.9,859.9,1302.88,442.97920000000005,859.9008000000001,2024,July,7,Q3,Saturday,-0.0008000000001402441
10933,2024-07-21,1046,Home,South,5,100.63,0.24,Card,1,4.5,382.39,503.15,120.75599999999999,382.394,2024,July,7,Q3,Sunday,-0.004000000000019099
10934,2024-07-22,1232,Beauty,East,2,96.77,0.34,COD,8,1.8,127.74,193.54,65.8036,127.73639999999999,2024,July,7,Q3,Monday,0.0036000000000058208
10935,2024-07-23,1304,Electronics,South,2,356.3,0.02,Card,4,4.4,698.35,712.6,14.252,698.3480000000001,2024,July,7,Q3,Tuesday,0.0019999999999527063
10936,2024-07-24,1525,Beauty,West,1,591.23,0.05,COD,8,2.8,561.67,591.23,29.561500000000002,561.6685,2024,July,7,Q3,Wednesday,0.0014999999999645297
10937,2024-07-25,1142,Clothing,East,6,71.31,0.16,Wallet,4,4.3,359.4,427.86,68.4576,359.4024,2024,July,7,Q3,Thursday,-0.0024000000000228283
10938,2024-07-26,1414,Beauty,South,1,182.15,0.13,Card,11,2.1,158.47,182.15,23.6795,158.47050000000002,2024,July,7,Q3,Friday,-0.0005000000000165983
10939,2024-07-27,1512,Clothing,South,5,523.63,0.27,Wallet,8,1.5,1911.25,2618.15,706.9005000000001,1911.2495,2024,July,7,Q3,Saturday,0.0005000000001018634
10940,2024-07-28,1372,Home,East,2,57.28,0.06,Wallet,9,3.2,107.69,114.56,6.8736,107.6864,2024,July,7,Q3,Sunday,0.00359999999999161
10941,2024-07-29,1565,Electronics,West,7,527.39,0.34,Wallet,5,3.0,2436.54,3691.73,1255.1882,2436.5418,2024,July,7,Q3,Monday,-0.0018000000000029104
10942,2024-07-30,1885,Electronics,East,2,321.71,0.11,Card,5,2.4,572.64,643.42,70.7762,572.6437999999999,2024,July,7,Q3,Tuesday,-0.0037999999999556167
10943,2024-07-31,1258,Electronics,North,3,253.84,0.15,Card,2,3.7,647.29,761.52,114.228,647.292,2024,July,7,Q3,Wednesday,-0.002000000000066393
10944,2024-08-01,1655,Beauty,North,5,196.16,0.1,Card,9,1.4,882.72,980.8,98.08,882.7199999999999,2024,August,8,Q3,Thursday,1.1368683772161603e-13
10945,2024-08-02,1470,Home,West,7,188.81,0.2,COD,11,3.5,1057.34,1321.67,264.334,1057.336,2024,August,8,Q3,Friday,0.0039999999999054126
10946,2024-08-03,1952,Beauty,South,6,193.89,0.02,COD,4,1.8,1140.07,1163.34,23.2668,1140.0731999999998,2024,August,8,Q3,Saturday,-0.0031999999998788553
10947,2024-08-04,1970,Beauty,South,6,532.61,0.05,Card,3,1.5,3035.88,3195.66,159.78300000000002,3035.877,2024,August,8,Q3,Sunday,0.003000000000156433
10948,2024-08-05,1011,Electronics,South,7,438.42,0.26,COD,2,4.6,2271.02,3068.94,797.9244,2271.0156,2024,August,8,Q3,Monday,0.004399999999805004
10949,2024-08-06,1329,Clothing,East,6,406.79,0.07,Card,3,2.8,2269.89,2440.7400000000002,170.85180000000003,2269.8882000000003,2024,August,8,Q3,Tuesday,0.001799999999548163
10950,2024-08-07,1735,Electronics,East,7,482.27,0.08,Card,4,4.1,3105.82,3375.89,270.0712,3105.8188,2024,August,8,Q3,Wednesday,0.0012000000001535227
10951,2024-08-08,1783,Electronics,West,5,165.41,0.28,Card,9,1.4,595.48,827.05,231.574,595.4759999999999,2024,August,8,Q3,Thursday,0.004000000000132786
10952,2024-08-09,1967,Electronics,North,7,376.56,0.03,Card,6,1.2,2556.84,2635.92,79.0776,2556.8424,2024,August,8,Q3,Friday,-0.002399999999852298
10953,2024-08-10,1357,Clothing,South,7,284.14,0.15,Card,10,3.0,1690.63,1988.98,298.347,1690.633,2024,August,8,Q3,Saturday,-0.0029999999999290594
10954,2024-08-11,1971,Electronics,North,3,472.73,0.01,Card,5,2.3,1404.01,1418.19,14.1819,1404.0081,2024,August,8,Q3,Sunday,0.0018999999999778083
10955,2024-08-12,1407,Electronics,East,3,195.91,0.12,Wallet,9,1.0,517.2,587.73,70.52759999999999,517.2024,2024,August,8,Q3,Monday,-0.002399999999965985
10956,2024-08-13,1667,Electronics,East,1,391.26,0.24,COD,8,1.7,297.36,391.26,93.9024,297.3576,2024,August,8,Q3,Tuesday,0.0024000000000228283
10957,2024-08-14,1372,Electronics,East,5,531.09,0.03,Card,6,1.9,2575.79,2655.4500000000003,79.6635,2575.7865,2024,August,8,Q3,Wednesday,0.003499999999803549
10958,2024-08-15,1007,Beauty,North,5,250.26,0.31,COD,3,2.2,863.4,1251.3,387.90299999999996,863.3969999999999,2024,August,8,Q3,Thursday,0.0030000000000427463
10959,2024-08-16,1121,Home,West,3,53.97,0.32,COD,7,4.5,110.1,161.91,51.8112,110.0988,2024,August,8,Q3,Friday,0.0011999999999972033
10960,2024-08-17,1347,Beauty,West,4,316.89,0.04,Card,10,2.7,1216.86,1267.56,50.7024,1216.8576,2024,August,8,Q3,Saturday,0.002399999999852298
10961,2024-08-18,1675,Clothing,East,4,217.39,0.35,COD,6,3.7,565.21,869.56,304.34599999999995,565.2139999999999,2024,August,8,Q3,Sunday,-0.0039999999999054126
10962,2024-08-19,1089,Electronics,South,1,408.25,0.1,COD,11,1.1,367.42,408.25,40.825,367.425,2024,August,8,Q3,Monday,-0.0049999999999954525
10963,2024-08-20,1647,Home,North,4,571.35,0.03,COD,8,4.3,2216.84,2285.4,68.562,2216.838,2024,August,8,Q3,Tuesday,0.0019999999999527063
10964,2024-08-21,1697,Electronics,East,4,299.08,0.0,COD,6,2.0,1196.32,1196.32,0.0,1196.32,2024,August,8,Q3,Wednesday,0.0
10965,2024-08-22,1315,Electronics,North,4,287.72,0.14,COD,11,2.2,989.76,1150.88,161.12320000000003,989.7568000000001,2024,August,8,Q3,Thursday,0.0031999999998788553
10966,2024-08-23,1177,Electronics,North,2,397.93,0.22,Card,10,1.2,620.77,795.86,175.0892,620.7708,2024,August,8,Q3,Friday,-0.0008000000000265572
10967,2024-08-24,1539,Electronics,West,1,75.55,0.12,Wallet,4,2.6,66.48,75.55,9.065999999999999,66.484,2024,August,8,Q3,Saturday,-0.003999999999990678
10968,2024-08-25,1731,Electronics,East,3,163.3,0.29,Card,10,4.4,347.83,489.90000000000003,142.071,347.82900000000006,2024,August,8,Q3,Sunday,0.0009999999999195097
10969,2024-08-26,1868,Clothing,West,4,552.6,0.25,Wallet,7,2.5,1657.8,2210.4,552.6,1657.8000000000002,2024,August,8,Q3,Monday,-2.2737367544323206e-13
10970,2024-08-27,1040,Home,East,6,406.92,0.12,Card,7,4.6,2148.54,2441.52,292.9824,2148.5376,2024,August,8,Q3,Tuesday,0.002399999999852298
10971,2024-08-28,1739,Electronics,North,7,22.86,0.26,Card,11,4.5,118.41,160.01999999999998,41.605199999999996,118.41479999999999,2024,August,8,Q3,Wednesday,-0.004799999999988813
10972,2024-08-29,1703,Electronics,West,2,134.71,0.33,COD,8,1.2,180.51,269.42,88.9086,180.5114,2024,August,8,Q3,Thursday,-0.0014000000000180535
10973,2024-08-30,1922,Home,North,4,414.46,0.03,Card,2,2.2,1608.1,1657.84,49.7352,1608.1047999999998,2024,August,8,Q3,Friday,-0.00479999999993197
10974,2024-08-31,1501,Electronics,East,7,462.17,0.11,Wallet,11,4.6,2879.32,3235.19,355.8709,2879.3191,2024,August,8,Q3,Saturday,0.0009000000000014552
10975,2024-09-01,1958,Electronics,South,7,506.32,0.16,Card,6,1.1,2977.16,3544.24,567.0784,2977.1616,2024,September,9,Q3,Sunday,-0.0016000000000531145
10976,2024-09-02,1144,Beauty,West,2,185.92,0.17,COD,3,4.1,308.63,371.84,63.2128,308.62719999999996,2024,September,9,Q3,Monday,0.002800000000036107
10977,2024-09-03,1200,Electronics,West,1,559.65,0.19,Card,8,4.6,453.32,559.65,106.3335,453.31649999999996,2024,September,9,Q3,Tuesday,0.003500000000030923
10978,2024-09-04,1928,Electronics,North,6,338.47,0.11,Card,4,4.1,1807.43,2030.8200000000002,223.39020000000002,1807.4298000000001,2024,September,9,Q3,Wednesday,0.0001999999999497959
10979,2024-09-05,1723,Clothing,North,6,422.48,0.23,Card,4,4.0,1951.86,2534.88,583.0224000000001,1951.8576,2024,September,9,Q3,Thursday,0.002399999999852298
10980,2024-09-06,1460,Electronics,South,6,364.09,0.23,COD,2,4.4,1682.1,2184.54,502.4442,1682.0958,2024,September,9,Q3,Friday,0.0041999999998552084
10981,2024-09-07,1731,Clothing,West,4,86.8,0.2,COD,6,3.7,277.76,347.2,69.44,277.76,2024,September,9,Q3,Saturday,0.0
10982,2024-09-08,1751,Home,East,2,578.42,0.04,COD,6,2.7,1110.57,1156.84,46.273599999999995,1110.5664,2024,September,9,Q3,Sunday,0.0036000000000058208
10983,2024-09-09,1924,Electronics,East,6,86.88,0.17,Wallet,1,1.3,432.66,521.28,88.6176,432.6624,2024,September,9,Q3,Monday,-0.002399999999965985
10984,2024-09-10,1908,Clothing,West,7,164.11,0.12,COD,8,4.2,1010.92,1148.77,137.8524,1010.9176,2024,September,9,Q3,Tuesday,0.002399999999965985
10985,2024-09-11,1557,Clothing,West,7,490.97,0.17,Wallet,3,4.6,2852.54,3436.79,584.2543000000001,2852.5357,2024,September,9,Q3,Wednesday,0.00430000000005748
10986,2024-09-12,1546,Electronics,West,5,376.88,0.32,Card,1,3.0,1281.39,1884.4,603.008,1281.392,2024,September,9,Q3,Thursday,-0.0019999999999527063
10987,2024-09-13,1252,Clothing,South,5,505.32,0.17,Card,10,3.1,2097.08,2526.6,429.522,2097.078,2024,September,9,Q3,Friday,0.0019999999999527063
10988,2024-09-14,1389,Electronics,East,2,316.71,0.0,Card,1,2.6,633.42,633.42,0.0,633.42,2024,September,9,Q3,Saturday,0.0
10989,2024-09-15,1593,Clothing,East,4,235.54,0.15,Card,1,4.4,800.84,942.16,141.32399999999998,800.836,2024,September,9,Q3,Sunday,0.004000000000019099
10990,2024-09-16,1882,Electronics,North,4,554.28,0.29,COD,5,1.1,1574.16,2217.12,642.9648,1574.1552,2024,September,9,Q3,Monday,0.0048000000001593435
10991,2024-09-17,1255,Clothing,North,1,36.21,0.27,COD,5,3.5,26.43,36.21,9.776700000000002,26.4333,2024,September,9,Q3,Tuesday,-0.0032999999999994145
10992,2024-09-18,1708,Electronics,West,1,515.84,0.18,COD,1,4.6,422.99,515.84,92.8512,422.9888,2024,September,9,Q3,Wednesday,0.0011999999999829924
10993,2024-09-19,1814,Home,North,6,150.03,0.09,COD,5,1.4,819.16,900.1800000000001,81.0162,819.1638,2024,September,9,Q3,Thursday,-0.0038000000000693035
10994,2024-09-20,1920,Electronics,South,3,511.51,0.16,Wallet,7,4.8,1289.01,1534.53,245.5248,1289.0052,2024,September,9,Q3,Friday,0.00479999999993197
10995,2024-09-21,1449,Clothing,East,7,96.43,0.2,Wallet,5,4.9,540.01,675.01,135.002,540.008,2024,September,9,Q3,Saturday,0.0019999999999527063
10996,2024-09-22,1009,Clothing,East,1,354.43,0.35,Card,9,4.7,230.38,354.43,124.0505,230.3795,2024,September,9,Q3,Sunday,0.0004999999999881766
10997,2024-09-23,1823,Home,North,4,534.54,0.23,Card,4,2.9,1646.38,2138.16,491.7768,1646.3831999999998,2024,September,9,Q3,Monday,-0.0031999999996514816
10998,2024-09-24,1797,Clothing,West,7,292.02,0.24,Card,9,2.5,1553.55,2044.1399999999999,490.5935999999999,1553.5464,2024,September,9,Q3,Tuesday,0.0036000000000058208
10999,2024-09-25,1241,Home,North,3,451.74,0.17,Card,8,3.8,1124.83,1355.22,230.3874,1124.8326,2024,September,9,Q3,Wednesday,-0.0026000000000294676
11000,2024-09-26,1250,Home,West,1,485.73,0.12,COD,1,2.3,427.44,485.73,58.2876,427.4424,2024,September,9,Q3,Thursday,-0.0024000000000228283
11001,2024-09-27,1876,Beauty,South,2,445.85,0.28,COD,4,1.3,642.02,891.7,249.67600000000004,642.024,2024,September,9,Q3,Friday,-0.004000000000019099
11002,2024-09-28,1004,Electronics,East,5,556.32,0.17,Card,7,4.6,2308.73,2781.6000000000004,472.87200000000007,2308.728,2024,September,9,Q3,Saturday,0.0019999999999527063
11003,2024-09-29,1118,Clothing,South,1,276.4,0.35,COD,1,3.5,179.66,276.4,96.73999999999998,179.66,2024,September,9,Q3,Sunday,0.0
11004,2024-09-30,1800,Home,East,1,116.28,0.16,COD,8,1.8,97.68,116.28,18.6048,97.6752,2024,September,9,Q3,Monday,0.004800000000003024
11005,2024-10-01,1373,Beauty,South,2,42.97,0.02,Card,11,1.1,84.22,85.94,1.7187999999999999,84.2212,2024,October,10,Q4,Tuesday,-0.0011999999999972033
11006,2024-10-02,1064,Beauty,North,4,159.18,0.24,Card,2,3.9,483.91,636.72,152.8128,483.9072,2024,October,10,Q4,Wednesday,0.002800000000036107
11007,2024-10-03,1145,Clothing,South,6,98.77,0.02,Wallet,8,4.4,580.77,592.62,11.852400000000001,580.7676,2024,October,10,Q4,Thursday,0.002399999999965985
11008,2024-10-04,1223,Electronics,South,2,341.4,0.09,COD,11,2.6,621.35,682.8,61.45199999999999,621.348,2024,October,10,Q4,Friday,0.002000000000066393
11009,2024-10-05,1238,Clothing,North,6,123.19,0.12,Card,4,1.3,650.44,739.14,88.6968,650.4431999999999,2024,October,10,Q4,Saturday,-0.0031999999998788553
11010,2024-10-06,1176,Home,East,1,37.78,0.26,Card,8,3.6,27.96,37.78,9.8228,27.9572,2024,October,10,Q4,Sunday,0.00280000000000058
11011,2024-10-07,1778,Clothing,East,4,36.05,0.17,Card,1,2.2,119.69,144.2,24.514,119.68599999999999,2024,October,10,Q4,Monday,0.0040000000000048885
11012,2024-10-08,1852,Clothing,North,3,501.47,0.01,Card,5,1.6,1489.37,1504.41,15.0441,1489.3659,2024,October,10,Q4,Tuesday,0.0040999999998803105
11013,2024-10-09,1281,Home,South,1,361.0,0.22,Wallet,9,3.0,281.58,361.0,79.42,281.58,2024,October,10,Q4,Wednesday,0.0
11014,2024-10-10,1062,Clothing,South,2,224.48,0.14,Card,7,2.9,386.11,448.96,62.854400000000005,386.1056,2024,October,10,Q4,Thursday,0.004400000000032378
11015,2024-10-11,1216,Beauty,South,3,538.12,0.32,Card,3,3.1,1097.76,1614.3600000000001,516.5952000000001,1097.7648,2024,October,10,Q4,Friday,-0.00479999999993197
11016,2024-10-12,1853,Clothing,West,5,56.07,0.17,Card,4,4.3,232.69,280.35,47.65950000000001,232.69050000000001,2024,October,10,Q4,Saturday,-0.0005000000000165983
11017,2024-10-13,1826,Electronics,East,3,588.49,0.25,COD,10,2.9,1324.1,1765.47,441.3675,1324.1025,2024,October,10,Q4,Sunday,-0.0025000000000545697
11018,2024-10-14,1794,Clothing,South,2,375.53,0.08,Card,7,4.6,690.98,751.06,60.084799999999994,690.9752,2024,October,10,Q4,Monday,0.004800000000045657
11019,2024-10-15,1688,Home,East,7,122.33,0.27,Card,6,4.4,625.11,856.31,231.2037,625.1062999999999,2024,October,10,Q4,Tuesday,0.0037000000000944056
11020,2024-10-16,1460,Electronics,South,3,412.26,0.25,COD,4,3.6,927.58,1236.78,309.195,927.585,2024,October,10,Q4,Wednesday,-0.0049999999999954525
11021,2024-10-17,1928,Electronics,North,2,461.58,0.32,Card,3,1.2,627.75,923.16,295.4112,627.7488,2024,October,10,Q4,Thursday,0.0012000000000398359
11022,2024-10-18,1609,Beauty,North,7,266.17,0.01,Card,11,4.5,1844.56,1863.19,18.6319,1844.5581,2024,October,10,Q4,Friday,0.0018999999999778083
11023,2024-10-19,1104,Electronics,East,1,519.06,0.16,Card,2,4.6,436.01,519.06,83.0496,436.01039999999995,2024,October,10,Q4,Saturday,-0.0003999999999564352
11024,2024-10-20,1098,Clothing,East,7,103.18,0.24,COD,10,2.5,548.92,722.26,173.3424,548.9176,2024,October,10,Q4,Sunday,0.002399999999965985
11025,2024-10-21,1510,Clothing,North,4,178.12,0.03,Wallet,9,3.1,691.11,712.48,21.3744,691.1056,2024,October,10,Q4,Monday,0.004400000000032378
11026,2024-10-22,1384,Clothing,West,5,69.69,0.14,Card,3,2.1,299.67,348.45,48.783,299.667,2024,October,10,Q4,Tuesday,0.0030000000000427463
11027,2024-10-23,1404,Clothing,North,7,138.36,0.33,Card,7,1.1,648.91,968.5200000000001,319.61160000000007,648.9084,2024,October,10,Q4,Wednesday,0.0015999999999394277
11028,2024-10-24,1822,Electronics,South,4,154.66,0.15,Card,1,2.9,525.84,618.64,92.79599999999999,525.844,2024,October,10,Q4,Thursday,-0.004000000000019099
11029,2024-10-25,1517,Clothing,West,4,551.82,0.34,COD,8,1.5,1456.8,2207.28,750.4752000000001,1456.8048000000001,2024,October,10,Q4,Friday,-0.0048000000001593435
11030,2024-10-26,1475,Clothing,North,4,60.69,0.02,COD,1,1.7,237.9,242.76,4.8552,237.9048,2024,October,10,Q4,Saturday,-0.004799999999988813
11031,2024-10-27,1976,Home,West,7,265.04,0.25,COD,2,2.9,1391.46,1855.2800000000002,463.82000000000005,1391.46,2024,October,10,Q4,Sunday,0.0
11032,2024-10-28,1708,Electronics,West,2,326.45,0.2,COD,1,4.5,522.32,652.9,130.58,522.3199999999999,2024,October,10,Q4,Monday,1.1368683772161603e-13
11033,2024-10-29,1862,Clothing,West,2,540.74,0.18,Wallet,4,4.4,886.81,1081.48,194.6664,886.8136,2024,October,10,Q4,Tuesday,-0.0036000000000058208
11034,2024-10-30,1644,Electronics,East,5,598.65,0.34,Wallet,2,4.9,1975.54,2993.25,1017.705,1975.545,2024,October,10,Q4,Wednesday,-0.005000000000109139
11035,2024-10-31,1869,Electronics,North,2,455.73,0.05,COD,1,2.9,865.89,911.46,45.57300000000001,865.8870000000001,2024,October,10,Q4,Thursday,0.0029999999999290594
11036,2024-11-01,1770,Electronics,East,6,582.91,0.31,COD,1,3.2,2413.25,3497.46,1084.2126,2413.2474,2024,November,11,Q4,Friday,0.002599999999802094
11037,2024-11-02,1436,Electronics,East,2,475.45,0.24,Card,2,4.3,722.68,950.9,228.21599999999998,722.684,2024,November,11,Q4,Saturday,-0.004000000000019099
11038,2024-11-03,1022,Home,South,2,578.47,0.09,COD,6,3.8,1052.82,1156.94,104.1246,1052.8154,2024,November,11,Q4,Sunday,0.004599999999982174
11039,2024-11-04,1996,Electronics,South,2,428.75,0.32,COD,2,1.7,583.1,857.5,274.40000000000003,583.0999999999999,2024,November,11,Q4,Monday,1.1368683772161603e-13
11040,2024-11-05,1564,Beauty,West,1,61.66,0.15,COD,11,2.6,52.41,61.66,9.248999999999999,52.411,2024,November,11,Q4,Tuesday,-0.0010000000000047748
11041,2024-11-06,1676,Beauty,West,5,250.12,0.28,Card,2,4.7,900.43,1250.6,350.168,900.4319999999999,2024,November,11,Q4,Wednesday,-0.0019999999999527063
11042,2024-11-07,1713,Clothing,South,6,393.26,0.14,COD,8,1.6,2029.22,2359.56,330.33840000000004,2029.2215999999999,2024,November,11,Q4,Thursday,-0.0015999999998257408
11043,2024-11-08,1457,Electronics,South,2,220.17,0.3,COD,5,1.8,308.24,440.34,132.10199999999998,308.238,2024,November,11,Q4,Friday,0.0020000000000095497
11044,2024-11-09,1082,Clothing,North,5,174.93,0.22,COD,8,2.6,682.23,874.6500000000001,192.42300000000003,682.2270000000001,2024,November,11,Q4,Saturday,0.0029999999999290594
11045,2024-11-10,1144,Home,West,3,352.78,0.05,Card,8,4.8,1005.42,1058.34,52.917,1005.4229999999999,2024,November,11,Q4,Sunday,-0.0029999999999290594
11046,2024-11-11,1084,Clothing,West,1,561.1,0.23,Card,2,1.5,432.05,561.1,129.053,432.047,2024,November,11,Q4,Monday,0.002999999999985903
11047,2024-11-12,1077,Electronics,South,7,35.46,0.07,Card,7,3.7,230.84,248.22,17.375400000000003,230.84459999999999,2024,November,11,Q4,Tuesday,-0.004599999999982174
11048,2024-11-13,1456,Clothing,North,2,465.0,0.14,Wallet,9,1.5,799.8,930.0,130.20000000000002,799.8,2024,November,11,Q4,Wednesday,0.0
11049,2024-11-14,1877,Home,South,6,437.8,0.06,COD,8,3.1,2469.19,2626.8,157.608,2469.192,2024,November,11,Q4,Thursday,-0.0019999999999527063
11050,2024-11-15,1000,Home,South,1,578.91,0.01,Card,9,3.1,573.12,578.91,5.7890999999999995,573.1209,2024,November,11,Q4,Friday,-0.0009000000000014552
11051,2024-11-16,1050,Electronics,East,6,559.47,0.07,Card,8,1.2,3121.84,3356.82,234.97740000000005,3121.8426,2024,November,11,Q4,Saturday,-0.002599999999802094
11052,2024-11-17,1684,Home,West,7,460.91,0.19,COD,4,4.8,2613.36,3226.3700000000003,613.0103,2613.3597000000004,2024,November,11,Q4,Sunday,0.00029999999969732016
11053,2024-11-18,1716,Electronics,North,7,319.44,0.17,Card,10,4.2,1855.95,2236.08,380.1336,1855.9463999999998,2024,November,11,Q4,Monday,0.0036000000002331944
11054,2024-11-19,1771,Electronics,East,1,134.5,0.18,Wallet,7,2.2,110.29,134.5,24.21,110.28999999999999,2024,November,11,Q4,Tuesday,1.4210854715202004e-14
11055,2024-11-20,1445,Beauty,West,3,333.96,0.09,COD,9,1.5,911.71,1001.8799999999999,90.16919999999999,911.7107999999998,2024,November,11,Q4,Wednesday,-0.0007999999997991836
11056,2024-11-21,1448,Electronics,South,5,462.73,0.24,Card,9,2.4,1758.37,2313.65,555.276,1758.3740000000003,2024,November,11,Q4,Thursday,-0.00400000000036016
11057,2024-11-22,1880,Electronics,North,1,538.97,0.25,COD,4,4.6,404.23,538.97,134.7425,404.2275,2024,November,11,Q4,Friday,0.0024999999999977263
11058,2024-11-23,1487,Electronics,West,4,476.98,0.13,Card,7,1.5,1659.89,1907.92,248.02960000000002,1659.8904,2024,November,11,Q4,Saturday,-0.0003999999998995918
11059,2024-11-24,1799,Beauty,South,7,129.23,0.31,Wallet,6,2.4,624.18,904.6099999999999,280.42909999999995,624.1809,2024,November,11,Q4,Sunday,-0.0009000000000014552
11060,2024-11-25,1033,Home,East,3,365.82,0.23,Card,3,3.0,845.04,1097.46,252.41580000000002,845.0442,2024,November,11,Q4,Monday,-0.004200000000082582
11061,2024-11-26,1347,Clothing,North,7,209.32,0.25,Wallet,10,1.1,1098.93,1465.24,366.31,1098.93,2024,November,11,Q4,Tuesday,0.0
11062,2024-11-27,1094,Home,West,4,20.39,0.1,COD,6,2.1,73.4,81.56,8.156,73.404,2024,November,11,Q4,Wednesday,-0.003999999999990678
11063,2024-11-28,1071,Electronics,East,3,132.13,0.0,Wallet,8,3.4,396.39,396.39,0.0,396.39,2024,November,11,Q4,Thursday,0.0
11064,2024-11-29,1550,Clothing,South,7,81.23,0.3,Card,2,2.3,398.03,568.61,170.583,398.02700000000004,2024,November,11,Q4,Friday,0.0029999999999290594
11065,2024-11-30,1153,Clothing,South,4,507.99,0.29,Card,3,4.5,1442.69,2031.96,589.2683999999999,1442.6916,2024,November,11,Q4,Saturday,-0.0016000000000531145
11066,2024-12-01,1249,Electronics,West,4,166.23,0.04,COD,8,4.7,638.32,664.92,26.596799999999998,638.3231999999999,2024,December,12,Q4,Sunday,-0.0031999999998788553
11067,2024-12-02,1673,Clothing,South,7,181.55,0.13,COD,4,2.8,1105.64,1270.8500000000001,165.21050000000002,1105.6395000000002,2024,December,12,Q4,Monday,0.0004999999998744897
11068,2024-12-03,1437,Beauty,North,7,576.56,0.23,Card,4,3.1,3107.66,4035.9199999999996,928.2615999999999,3107.6584,2024,December,12,Q4,Tuesday,0.0016000000000531145
11069,2024-12-04,1117,Electronics,West,6,236.77,0.23,Card,2,3.5,1093.88,1420.6200000000001,326.74260000000004,1093.8774,2024,December,12,Q4,Wednesday,0.0026000000000294676
11070,2024-12-05,1770,Electronics,East,1,20.61,0.3,Card,11,3.7,14.43,20.61,6.183,14.427,2024,December,12,Q4,Thursday,0.0030000000000001137
11071,2024-12-06,1890,Electronics,West,1,181.05,0.05,COD,10,1.3,172.0,181.05,9.0525,171.9975,2024,December,12,Q4,Friday,0.0024999999999977263
11072,2024-12-07,1305,Electronics,West,3,84.79,0.15,Card,1,1.2,216.21,254.37,38.155499999999996,216.21450000000002,2024,December,12,Q4,Saturday,-0.004500000000007276
11073,2024-12-08,1267,Beauty,East,5,75.14,0.03,Card,7,4.5,364.43,375.7,11.270999999999999,364.429,2024,December,12,Q4,Sunday,0.0010000000000331966
11074,2024-12-09,1960,Clothing,South,7,60.33,0.14,Card,4,1.9,363.19,422.31,59.123400000000004,363.1866,2024,December,12,Q4,Monday,0.0033999999999991815
11075,2024-12-10,1053,Clothing,East,6,362.06,0.01,Card,6,3.3,2150.64,2172.36,21.7236,2150.6364000000003,2024,December,12,Q4,Tuesday,0.0035999999995510734
11076,2024-12-11,1235,Home,North,1,125.77,0.31,Card,8,3.5,86.78,125.77,38.9887,86.78129999999999,2024,December,12,Q4,Wednesday,-0.001299999999986312
11077,2024-12-12,1388,Electronics,South,1,226.33,0.18,Wallet,11,1.7,185.59,226.33,40.7394,185.5906,2024,December,12,Q4,Thursday,-0.0005999999999914962
11078,2024-12-13,1989,Clothing,West,6,519.28,0.3,Card,7,4.0,2180.98,3115.68,934.704,2180.9759999999997,2024,December,12,Q4,Friday,0.00400000000036016
11079,2024-12-14,1733,Clothing,South,2,263.24,0.02,Wallet,7,4.5,515.95,526.48,10.5296,515.9504000000001,2024,December,12,Q4,Saturday,-0.0004000000000132786
11080,2024-12-15,1762,Clothing,South,6,550.68,0.08,Card,6,2.1,3039.75,3304.08,264.3264,3039.7536,2024,December,12,Q4,Sunday,-0.0036000000000058208
11081,2024-12-16,1824,Beauty,North,1,306.29,0.09,Card,11,4.5,278.72,306.29,27.566100000000002,278.7239,2024,December,12,Q4,Monday,-0.003899999999987358
11082,2024-12-17,1400,Home,South,5,248.32,0.14,Card,4,1.3,1067.78,1241.6,173.824,1067.7759999999998,2024,December,12,Q4,Tuesday,0.004000000000132786
11083,2024-12-18,1623,Clothing,South,2,453.98,0.28,COD,4,4.2,653.73,907.96,254.22880000000004,653.7312,2024,December,12,Q4,Wednesday,-0.001199999999926149
11084,2024-12-19,1766,Home,South,4,57.81,0.14,COD,9,3.6,198.87,231.24,32.3736,198.8664,2024,December,12,Q4,Thursday,0.0036000000000058208
11085,2024-12-20,1302,Electronics,West,6,67.34,0.07,COD,11,3.3,375.76,404.04,28.282800000000005,375.7572,2024,December,12,Q4,Friday,0.0027999999999792635
11086,2024-12-21,1918,Electronics,South,4,396.4,0.02,Card,5,1.9,1553.89,1585.6,31.712,1553.888,2024,December,12,Q4,Saturday,0.00200000000018008
11087,2024-12-22,1206,Electronics,East,2,299.86,0.03,Wallet,9,2.4,581.73,599.72,17.991600000000002,581.7284000000001,2024,December,12,Q4,Sunday,0.0015999999999394277
11088,2024-12-23,1228,Electronics,South,2,477.39,0.27,Wallet,11,4.6,696.99,954.78,257.7906,696.9893999999999,2024,December,12,Q4,Monday,0.0006000000000767614
11089,2024-12-24,1852,Clothing,North,2,551.02,0.16,Card,9,2.9,925.71,1102.04,176.3264,925.7135999999999,2024,December,12,Q4,Tuesday,-0.003599999999892134
11090,2024-12-25,1909,Clothing,South,3,242.19,0.25,COD,4,3.4,544.93,726.5699999999999,181.64249999999998,544.9275,2024,December,12,Q4,Wednesday,0.002499999999940883
11091,2024-12-26,1577,Beauty,South,6,363.9,0.24,COD,2,4.7,1659.38,2183.3999999999996,524.0159999999998,1659.3839999999998,2024,December,12,Q4,Thursday,-0.003999999999678039
11092,2024-12-27,1074,Clothing,West,7,307.91,0.05,Card,2,2.9,2047.6,2155.3700000000003,107.76850000000002,2047.6015000000002,2024,December,12,Q4,Friday,-0.0015000000003055902
11093,2024-12-28,1434,Clothing,East,5,589.24,0.05,Card,9,2.6,2798.89,2946.2,147.31,2798.89,2024,December,12,Q4,Saturday,0.0
11094,2024-12-29,1102,Electronics,South,5,501.18,0.26,COD,9,4.6,1854.37,2505.9,651.534,1854.366,2024,December,12,Q4,Sunday,0.0039999999999054126
11095,2024-12-30,1421,Electronics,East,4,548.37,0.25,Wallet,3,4.6,1645.11,2193.48,548.37,1645.1100000000001,2024,December,12,Q4,Monday,-2.2737367544323206e-13
11096,2024-12-31,1703,Clothing,North,4,163.79,0.13,Card,5,2.4,569.99,655.16,85.1708,569.9892,2024,December,12,Q4,Tuesday,0.0008000000000265572
11097,2025-01-01,1763,Clothing,West,7,466.93,0.03,COD,5,3.4,3170.45,3268.51,98.0553,3170.4547000000002,2025,January,1,Q1,Wednesday,-0.004700000000411819
11098,2025-01-02,1737,Home,East,4,170.3,0.0,Wallet,2,4.9,681.2,681.2,0.0,681.2,2025,January,1,Q1,Thursday,0.0
11099,2025-01-03,1805,Electronics,West,6,137.11,0.1,Card,2,1.2,740.39,822.6600000000001,82.26600000000002,740.394,2025,January,1,Q1,Friday,-0.004000000000019099
11100,2025-01-04,1305,Electronics,South,1,567.4,0.0,Card,10,1.2,567.4,567.4,0.0,567.4,2025,January,1,Q1,Saturday,0.0
11101,2025-01-05,1097,Clothing,North,4,26.29,0.08,COD,1,3.1,96.75,105.16,8.4128,96.74719999999999,2025,January,1,Q1,Sunday,0.0028000000000076852
11102,2025-01-06,1849,Electronics,West,2,579.75,0.15,Card,2,2.2,985.58,1159.5,173.92499999999998,985.575,2025,January,1,Q1,Monday,0.0049999999999954525
11103,2025-01-07,1797,Electronics,South,4,102.32,0.04,Card,11,3.3,392.91,409.28,16.371199999999998,392.9088,2025,January,1,Q1,Tuesday,0.0012000000000398359
11104,2025-01-08,1334,Home,East,2,494.37,0.04,Card,7,3.9,949.19,988.74,39.5496,949.1904,2025,January,1,Q1,Wednesday,-0.0003999999998995918
11105,2025-01-09,1858,Electronics,North,3,176.41,0.31,Card,1,1.3,365.17,529.23,164.06130000000002,365.1687,2025,January,1,Q1,Thursday,0.0013000000000147338
11106,2025-01-10,1434,Clothing,North,1,220.16,0.2,Wallet,1,4.5,176.13,220.16,44.032000000000004,176.128,2025,January,1,Q1,Friday,0.0020000000000095497
11107,2025-01-11,1446,Electronics,East,1,141.8,0.33,COD,9,2.1,95.01,141.8,46.794000000000004,95.006,2025,January,1,Q1,Saturday,0.0040000000000048885
11108,2025-01-12,1993,Electronics,East,7,357.53,0.12,Card,2,2.5,2202.38,2502.71,300.3252,2202.3848,2025,January,1,Q1,Sunday,-0.004799999999704596
11109,2025-01-13,1307,Clothing,North,6,218.64,0.24,COD,11,2.3,997.0,1311.84,314.84159999999997,996.9984,2025,January,1,Q1,Monday,0.0016000000000531145
11110,2025-01-14,1248,Home,West,6,399.57,0.07,Wallet,4,4.4,2229.6,2397.42,167.81940000000003,2229.6006,2025,January,1,Q1,Tuesday,-0.000600000000304135
11111,2025-01-15,1165,Clothing,North,5,24.15,0.22,Card,11,1.7,94.18,120.75,26.565,94.185,2025,January,1,Q1,Wednesday,-0.0049999999999954525
11112,2025-01-16,1480,Home,East,3,52.66,0.05,Card,3,1.1,150.08,157.98,7.899,150.081,2025,January,1,Q1,Thursday,-0.0009999999999763531
11113,2025-01-17,1983,Electronics,West,7,73.3,0.0,Wallet,11,4.9,513.1,513.1,0.0,513.1,2025,January,1,Q1,Friday,0.0
11114,2025-01-18,1334,Home,South,6,260.11,0.33,Wallet,4,4.9,1045.64,1560.66,515.0178000000001,1045.6422,2025,January,1,Q1,Saturday,-0.002199999999902502
11115,2025-01-19,1541,Electronics,North,2,491.66,0.19,Card,11,2.0,796.49,983.32,186.8308,796.4892,2025,January,1,Q1,Sunday,0.0008000000000265572
11116,2025-01-20,1758,Home,East,3,534.58,0.32,Card,11,1.0,1090.54,1603.7400000000002,513.1968,1090.5432,2025,January,1,Q1,Monday,-0.003200000000106229
11117,2025-01-21,1105,Clothing,South,1,158.21,0.12,Card,7,3.6,139.22,158.21,18.9852,139.22480000000002,2025,January,1,Q1,Tuesday,-0.004800000000017235
11118,2025-01-22,1562,Beauty,North,2,351.01,0.11,Card,10,3.6,624.8,702.02,77.2222,624.7977999999999,2025,January,1,Q1,Wednesday,0.002200000000016189
11119,2025-01-23,1080,Clothing,North,7,464.49,0.14,COD,2,4.8,2796.23,3251.4300000000003,455.2002000000001,2796.2298,2025,January,1,Q1,Thursday,0.0001999999999497959
11120,2025-01-24,1132,Electronics,West,7,183.97,0.25,Card,2,2.2,965.84,1287.79,321.9475,965.8425,2025,January,1,Q1,Friday,-0.002499999999940883
11121,2025-01-25,1796,Electronics,East,3,254.27,0.2,Card,9,1.8,610.25,762.8100000000001,152.562,610.248,2025,January,1,Q1,Saturday,0.0019999999999527063
11122,2025-01-26,1899,Home,South,1,321.52,0.32,COD,6,3.5,218.63,321.52,102.8864,218.6336,2025,January,1,Q1,Sunday,-0.0036000000000058208
11123,2025-01-27,1137,Clothing,North,6,93.9,0.01,Wallet,11,3.3,557.77,563.4000000000001,5.634000000000001,557.7660000000001,2025,January,1,Q1,Monday,0.0039999999999054126
11124,2025-01-28,1183,Home,West,2,30.2,0.25,Card,7,3.9,45.3,60.4,15.1,45.3,2025,January,1,Q1,Tuesday,0.0
11125,2025-01-29,1400,Electronics,South,2,104.39,0.12,Card,5,4.5,183.73,208.78,25.0536,183.7264,2025,January,1,Q1,Wednesday,0.003599999999977399
11126,2025-01-30,1329,Electronics,South,1,381.71,0.06,Wallet,5,3.2,358.81,381.71,22.9026,358.8074,2025,January,1,Q1,Thursday,0.0026000000000294676
11127,2025-01-31,1784,Electronics,North,2,58.07,0.18,COD,4,1.6,95.23,116.14,20.9052,95.2348,2025,January,1,Q1,Friday,-0.004800000000003024
11128,2025-02-01,1507,Beauty,South,6,125.97,0.18,Card,8,3.4,619.77,755.8199999999999,136.0476,619.7724,2025,February,2,Q1,Saturday,-0.002399999999965985
11129,2025-02-02,1851,Home,North,6,212.64,0.05,Card,7,2.5,1212.05,1275.84,63.792,1212.048,2025,February,2,Q1,Sunday,0.0019999999999527063
11130,2025-02-03,1983,Beauty,West,6,60.55,0.07,Card,10,2.8,337.87,363.29999999999995,25.431,337.86899999999997,2025,February,2,Q1,Monday,0.0010000000000331966
11131,2025-02-04,1068,Electronics,West,1,127.14,0.14,COD,2,4.8,109.34,127.14,17.7996,109.3404,2025,February,2,Q1,Tuesday,-0.00039999999999906777
11132,2025-02-05,1545,Clothing,South,4,548.09,0.14,Card,2,3.2,1885.43,2192.36,306.9304,1885.4296000000002,2025,February,2,Q1,Wednesday,0.0003999999998995918
11133,2025-02-06,1773,Home,North,4,26.29,0.11,Card,6,1.6,93.59,105.16,11.5676,93.5924,2025,February,2,Q1,Thursday,-0.0023999999999944066
11134,2025-02-07,1052,Electronics,East,7,397.26,0.05,Card,11,2.8,2641.78,2780.8199999999997,139.041,2641.7789999999995,2025,February,2,Q1,Friday,0.0010000000006584742
11135,2025-02-08,1449,Home,West,7,239.88,0.0,Card,1,1.9,1679.16,1679.1599999999999,0.0,1679.1599999999999,2025,February,2,Q1,Saturday,2.2737367544323206e-13
11136,2025-02-09,1204,Beauty,North,2,408.5,0.34,COD,7,1.5,539.22,817.0,277.78000000000003,539.22,2025,February,2,Q1,Sunday,0.0
11137,2025-02-10,1125,Beauty,North,6,359.38,0.33,Card,8,3.8,1444.71,2156.2799999999997,711.5723999999999,1444.7075999999997,2025,February,2,Q1,Monday,0.0024000000003070454
11138,2025-02-11,1746,Home,North,2,145.75,0.17,Card,10,3.5,241.94,291.5,49.55500000000001,241.945,2025,February,2,Q1,Tuesday,-0.0049999999999954525
11139,2025-02-12,1042,Electronics,South,1,510.62,0.35,Wallet,8,3.0,331.9,510.62,178.71699999999998,331.903,2025,February,2,Q1,Wednesday,-0.0030000000000427463
11140,2025-02-13,1751,Electronics,East,2,302.79,0.24,COD,3,2.7,460.24,605.58,145.3392,460.24080000000004,2025,February,2,Q1,Thursday,-0.0008000000000265572
11141,2025-02-14,1970,Beauty,South,5,496.18,0.02,Card,7,2.3,2431.28,2480.9,49.618,2431.282,2025,February,2,Q1,Friday,-0.0019999999999527063
11142,2025-02-15,1882,Electronics,West,4,252.52,0.04,COD,1,1.4,969.68,1010.08,40.403200000000005,969.6768000000001,2025,February,2,Q1,Saturday,0.0031999999998788553
11143,2025-02-16,1110,Home,South,2,591.04,0.32,Card,11,2.2,803.81,1182.08,378.2656,803.8144,2025,February,2,Q1,Sunday,-0.004400000000032378
11144,2025-02-17,1760,Home,North,2,465.74,0.22,COD,3,4.4,726.55,931.48,204.9256,726.5544,2025,February,2,Q1,Monday,-0.004400000000032378
11145,2025-02-18,1662,Clothing,South,3,580.08,0.3,COD,6,4.1,1218.17,1740.2400000000002,522.072,1218.1680000000001,2025,February,2,Q1,Tuesday,0.0019999999999527063
11146,2025-02-19,1182,Beauty,North,2,315.88,0.31,COD,9,4.9,435.91,631.76,195.8456,435.9144,2025,February,2,Q1,Wednesday,-0.004399999999975535
11147,2025-02-20,1847,Electronics,East,5,292.11,0.16,COD,5,3.6,1226.86,1460.5500000000002,233.68800000000005,1226.862,2025,February,2,Q1,Thursday,-0.00200000000018008
11148,2025-02-21,1094,Electronics,South,4,456.94,0.02,Card,5,3.2,1791.2,1827.76,36.5552,1791.2048,2025,February,2,Q1,Friday,-0.00479999999993197
11149,2025-02-22,1970,Electronics,South,3,529.97,0.07,COD,9,2.2,1478.62,1589.91,111.29370000000002,1478.6163000000001,2025,February,2,Q1,Saturday,0.003699999999753345
11150,2025-02-23,1373,Clothing,South,1,579.03,0.02,Card,9,1.3,567.45,579.03,11.5806,567.4494,2025,February,2,Q1,Sunday,0.0006000000000767614
11151,2025-02-24,1911,Electronics,North,7,204.86,0.07,Card,6,3.5,1333.64,1434.02,100.38140000000001,1333.6386,2025,February,2,Q1,Monday,0.0014000000001033186
11152,2025-02-25,1519,Electronics,North,1,482.24,0.14,Wallet,5,3.0,414.73,482.24,67.51360000000001,414.7264,2025,February,2,Q1,Tuesday,0.0036000000000058208
11153,2025-02-26,1899,Home,South,4,138.23,0.04,COD,10,4.0,530.8,552.92,22.116799999999998,530.8032,2025,February,2,Q1,Wednesday,-0.003199999999992542
11154,2025-02-27,1359,Beauty,South,7,334.16,0.06,Wallet,2,2.6,2198.77,2339.1200000000003,140.34720000000002,2198.7728,2025,February,2,Q1,Thursday,-0.002800000000206637
11155,2025-02-28,1899,Electronics,East,1,120.21,0.16,Card,11,4.9,100.98,120.21,19.2336,100.9764,2025,February,2,Q1,Friday,0.0036000000000058208
11156,2025-03-01,1695,Clothing,East,5,218.23,0.12,COD,8,2.6,960.21,1091.1499999999999,130.938,960.2119999999999,2025,March,3,Q1,Saturday,-0.0019999999998390194
11157,2025-03-02,1280,Beauty,West,2,559.84,0.16,Card,8,2.3,940.53,1119.68,179.14880000000002,940.5312,2025,March,3,Q1,Sunday,-0.0012000000000398359
11158,2025-03-03,1194,Electronics,East,4,100.46,0.15,COD,7,4.5,341.56,401.84,60.275999999999996,341.56399999999996,2025,March,3,Q1,Monday,-0.003999999999962256
11159,2025-03-04,1863,Electronics,East,7,384.95,0.23,Card,8,2.6,2074.88,2694.65,619.7695,2074.8805,2025,March,3,Q1,Tuesday,-0.0005000000001018634
11160,2025-03-05,1194,Electronics,East,3,361.88,0.33,Card,3,4.5,727.38,1085.6399999999999,358.2612,727.3788,2025,March,3,Q1,Wednesday,0.0012000000000398359
11161,2025-03-06,1666,Clothing,North,2,85.63,0.04,Card,3,1.1,164.41,171.26,6.8504,164.40959999999998,2025,March,3,Q1,Thursday,0.0004000000000132786
11162,2025-03-07,1092,Electronics,East,1,205.7,0.03,COD,2,3.8,199.53,205.7,6.170999999999999,199.529,2025,March,3,Q1,Friday,0.0010000000000047748
11163,2025-03-08,1671,Beauty,East,1,344.34,0.3,Card,1,1.3,241.04,344.34,103.30199999999999,241.03799999999998,2025,March,3,Q1,Saturday,0.0020000000000095497
11164,2025-03-09,1945,Clothing,South,3,124.5,0.18,Wallet,3,1.6,306.27,373.5,67.23,306.27,2025,March,3,Q1,Sunday,0.0
11165,2025-03-10,1060,Clothing,North,5,483.36,0.27,Card,3,3.8,1764.26,2416.8,652.5360000000001,1764.2640000000001,2025,March,3,Q1,Monday,-0.004000000000132786
11166,2025-03-11,1633,Electronics,West,3,583.71,0.08,Card,7,2.2,1611.04,1751.13,140.09040000000002,1611.0396,2025,March,3,Q1,Tuesday,0.0003999999998995918
11167,2025-03-12,1050,Clothing,West,4,140.63,0.29,Card,10,1.8,399.39,562.52,163.1308,399.38919999999996,2025,March,3,Q1,Wednesday,0.0008000000000265572
11168,2025-03-13,1402,Home,East,3,124.34,0.32,Wallet,9,4.2,253.65,373.02,119.3664,253.65359999999998,2025,March,3,Q1,Thursday,-0.003599999999977399
11169,2025-03-14,1788,Home,West,1,281.14,0.22,Card,1,4.8,219.29,281.14,61.8508,219.2892,2025,March,3,Q1,Friday,0.0007999999999981355
11170,2025-03-15,1004,Home,West,5,452.44,0.04,Card,8,1.9,2171.71,2262.2,90.488,2171.712,2025,March,3,Q1,Saturday,-0.0019999999999527063
11171,2025-03-16,1465,Clothing,West,5,179.74,0.31,COD,1,2.3,620.1,898.7,278.59700000000004,620.1030000000001,2025,March,3,Q1,Sunday,-0.0030000000000427463
11172,2025-03-17,1603,Beauty,East,6,26.63,0.28,Card,3,3.9,115.04,159.78,44.738400000000006,115.04159999999999,2025,March,3,Q1,Monday,-0.0015999999999820602
11173,2025-03-18,1681,Home,West,3,331.61,0.26,COD,4,4.3,736.17,994.83,258.6558,736.1742,2025,March,3,Q1,Tuesday,-0.004200000000082582
11174,2025-03-19,1828,Home,East,4,574.61,0.01,Card,11,5.0,2275.46,2298.44,22.9844,2275.4556000000002,2025,March,3,Q1,Wednesday,0.004399999999805004
11175,2025-03-20,1533,Electronics,South,1,243.9,0.28,COD,8,2.1,175.61,243.9,68.292,175.608,2025,March,3,Q1,Thursday,0.0020000000000095497
11176,2025-03-21,1404,Electronics,South,2,260.78,0.05,Card,1,3.2,495.48,521.56,26.078,495.48199999999997,2025,March,3,Q1,Friday,-0.0019999999999527063
11177,2025-03-22,1837,Electronics,West,5,581.81,0.08,COD,2,1.5,2676.33,2909.0499999999997,232.724,2676.3259999999996,2025,March,3,Q1,Saturday,0.00400000000036016
11178,2025-03-23,1512,Home,South,3,421.35,0.2,COD,11,2.3,1011.24,1264.0500000000002,252.81000000000006,1011.2400000000001,2025,March,3,Q1,Sunday,-1.1368683772161603e-13
11179,2025-03-24,1644,Clothing,East,6,435.72,0.09,COD,5,1.2,2379.03,2614.32,235.2888,2379.0312000000004,2025,March,3,Q1,Monday,-0.0012000000001535227
11180,2025-03-25,1232,Clothing,South,4,344.18,0.23,COD,6,1.8,1060.07,1376.72,316.6456,1060.0744,2025,March,3,Q1,Tuesday,-0.004400000000032378
11181,2025-03-26,1523,Beauty,West,4,585.15,0.21,Wallet,5,3.0,1849.07,2340.6,491.52599999999995,1849.074,2025,March,3,Q1,Wednesday,-0.004000000000132786
11182,2025-03-27,1345,Beauty,East,7,417.99,0.04,Card,3,1.7,2808.89,2925.9300000000003,117.03720000000001,2808.8928,2025,March,3,Q1,Thursday,-0.002800000000206637
11183,2025-03-28,1045,Beauty,North,1,538.59,0.23,Card,10,4.6,414.71,538.59,123.87570000000001,414.71430000000004,2025,March,3,Q1,Friday,-0.00430000000005748
11184,2025-03-29,1545,Electronics,East,5,424.14,0.32,COD,7,3.8,1442.08,2120.7,678.6239999999999,1442.076,2025,March,3,Q1,Saturday,0.0039999999999054126
11185,2025-03-30,1944,Home,South,1,445.04,0.06,COD,1,1.1,418.34,445.04,26.7024,418.3376,2025,March,3,Q1,Sunday,0.002399999999965985
11186,2025-03-31,1077,Electronics,North,6,184.89,0.21,Card,2,4.5,876.38,1109.34,232.96139999999997,876.3786,2025,March,3,Q1,Monday,0.0013999999999896318
11187,2025-04-01,1729,Electronics,East,2,192.54,0.12,COD,11,4.9,338.87,385.08,46.209599999999995,338.8704,2025,April,4,Q2,Tuesday,-0.0004000000000132786
11188,2025-04-02,1812,Electronics,North,2,473.05,0.16,Card,9,3.0,794.72,946.1,151.376,794.724,2025,April,4,Q2,Wednesday,-0.004000000000019099
11189,2025-04-03,1922,Electronics,North,2,188.57,0.1,COD,4,2.3,339.43,377.14,37.714,339.426,2025,April,4,Q2,Thursday,0.004000000000019099
11190,2025-04-04,1072,Clothing,North,4,344.22,0.12,Wallet,8,2.1,1211.65,1376.88,165.22560000000001,1211.6544000000001,2025,April,4,Q2,Friday,-0.004400000000032378
11191,2025-04-05,1793,Home,East,5,160.87,0.01,COD,9,1.3,796.31,804.35,8.0435,796.3065,2025,April,4,Q2,Saturday,0.003499999999917236
11192,2025-04-06,1248,Electronics,South,1,492.94,0.34,Card,7,3.0,325.34,492.94,167.5996,325.3404,2025,April,4,Q2,Sunday,-0.0004000000000132786
11193,2025-04-07,1046,Home,East,1,79.64,0.22,COD,1,1.2,62.12,79.64,17.5208,62.1192,2025,April,4,Q2,Monday,0.0007999999999981355
11194,2025-04-08,1120,Clothing,South,6,500.23,0.18,COD,5,3.0,2461.13,3001.38,540.2484,2461.1316,2025,April,4,Q2,Tuesday,-0.0016000000000531145
11195,2025-04-09,1213,Electronics,East,2,367.6,0.13,Card,6,2.0,639.62,735.2,95.57600000000001,639.624,2025,April,4,Q2,Wednesday,-0.004000000000019099
11196,2025-04-10,1238,Clothing,East,5,124.34,0.19,COD,11,2.9,503.58,621.7,118.123,503.57700000000006,2025,April,4,Q2,Thursday,0.0029999999999290594
11197,2025-04-11,1055,Electronics,East,5,332.09,0.13,Wallet,8,2.7,1444.59,1660.4499999999998,215.8585,1444.5914999999998,2025,April,4,Q2,Friday,-0.0014999999998508429
11198,2025-04-12,1349,Clothing,South,6,180.26,0.13,Card,10,2.2,940.96,1081.56,140.6028,940.9572,2025,April,4,Q2,Saturday,0.0028000000000929504
11199,2025-04-13,1106,Clothing,East,3,204.23,0.16,Card,8,2.8,514.66,612.6899999999999,98.03039999999999,514.6596,2025,April,4,Q2,Sunday,0.0004000000000132786
11200,2025-04-14,1830,Electronics,North,5,220.64,0.1,Card,9,2.9,992.88,1103.1999999999998,110.32,992.8799999999999,2025,April,4,Q2,Monday,1.1368683772161603e-13
11201,2025-04-15,1047,Electronics,East,5,52.04,0.06,COD,9,4.3,244.59,260.2,15.611999999999998,244.588,2025,April,4,Q2,Tuesday,0.0020000000000095497
11202,2025-04-16,1572,Clothing,North,1,591.79,0.19,Wallet,4,3.7,479.35,591.79,112.4401,479.34989999999993,2025,April,4,Q2,Wednesday,0.00010000000008858478
11203,2025-04-17,1336,Beauty,West,6,33.45,0.29,COD,6,2.7,142.5,200.70000000000002,58.203,142.497,2025,April,4,Q2,Thursday,0.002999999999985903
11204,2025-04-18,1025,Electronics,West,5,402.56,0.05,Card,3,4.6,1912.16,2012.8,100.64,1912.1599999999999,2025,April,4,Q2,Friday,2.2737367544323206e-13
11205,2025-04-19,1803,Home,South,5,232.17,0.01,COD,1,4.0,1149.24,1160.85,11.6085,1149.2414999999999,2025,April,4,Q2,Saturday,-0.0014999999998508429
11206,2025-04-20,1256,Home,South,1,392.92,0.09,COD,6,1.3,357.56,392.92,35.3628,357.5572,2025,April,4,Q2,Sunday,0.0027999999999792635
11207,2025-04-21,1007,Beauty,West,5,223.41,0.34,COD,1,1.6,737.25,1117.05,379.797,737.2529999999999,2025,April,4,Q2,Monday,-0.0029999999999290594
11208,2025-04-22,1624,Home,East,1,409.14,0.29,Card,9,1.3,290.49,409.14,118.65059999999998,290.4894,2025,April,4,Q2,Tuesday,0.0006000000000199179
11209,2025-04-23,1866,Clothing,East,3,441.6,0.21,COD,11,2.3,1046.59,1324.8000000000002,278.208,1046.592,2025,April,4,Q2,Wednesday,-0.00200000000018008
11210,2025-04-24,1252,Home,East,4,418.97,0.33,Card,6,2.7,1122.84,1675.88,553.0404000000001,1122.8396,2025,April,4,Q2,Thursday,0.0003999999998995918
11211,2025-04-25,1691,Beauty,West,7,81.67,0.16,Card,1,3.0,480.22,571.69,91.47040000000001,480.2196,2025,April,4,Q2,Friday,0.0004000000000132786
11212,2025-04-26,1718,Clothing,North,1,399.28,0.34,COD,11,4.4,263.52,399.28,135.7552,263.52479999999997,2025,April,4,Q2,Saturday,-0.004799999999988813
11213,2025-04-27,1302,Electronics,South,1,178.79,0.1,Wallet,3,1.1,160.91,178.79,17.879,160.911,2025,April,4,Q2,Sunday,-0.0010000000000047748
11214,2025-04-28,1638,Electronics,North,5,31.85,0.08,Card,1,2.7,146.51,159.25,12.74,146.51,2025,April,4,Q2,Monday,0.0
11215,2025-04-29,1055,Home,West,1,257.68,0.22,Wallet,2,2.6,200.99,257.68,56.6896,200.99040000000002,2025,April,4,Q2,Tuesday,-0.0004000000000132786
11216,2025-04-30,1725,Home,North,6,268.62,0.13,Card,6,4.8,1402.2,1611.72,209.52360000000002,1402.1964,2025,April,4,Q2,Wednesday,0.0036000000000058208
11217,2025-05-01,1525,Electronics,East,2,288.3,0.22,COD,7,2.0,449.75,576.6,126.852,449.74800000000005,2025,May,5,Q2,Thursday,0.0019999999999527063
11218,2025-05-02,1473,Clothing,East,2,427.32,0.11,Card,1,1.5,760.63,854.64,94.0104,760.6296,2025,May,5,Q2,Friday,0.0004000000000132786
11219,2025-05-03,1027,Clothing,North,3,195.67,0.22,Card,10,1.6,457.87,587.01,129.1422,457.8678,2025,May,5,Q2,Saturday,0.002200000000016189
11220,2025-05-04,1982,Electronics,West,1,199.44,0.1,COD,5,3.1,179.5,199.44,19.944000000000003,179.49599999999998,2025,May,5,Q2,Sunday,0.004000000000019099
11221,2025-05-05,1077,Beauty,North,6,50.42,0.02,COD,6,2.6,296.47,302.52,6.0504,296.46959999999996,2025,May,5,Q2,Monday,0.00040000000007012204
11222,2025-05-06,1215,Electronics,East,5,416.79,0.32,COD,4,4.0,1417.09,2083.9500000000003,666.8640000000001,1417.0860000000002,2025,May,5,Q2,Tuesday,0.003999999999678039
11223,2025-05-07,1385,Electronics,East,5,347.18,0.31,COD,6,2.3,1197.77,1735.9,538.129,1197.7710000000002,2025,May,5,Q2,Wednesday,-0.0010000000002037268
11224,2025-05-08,1364,Clothing,West,7,219.41,0.34,COD,5,1.5,1013.67,1535.87,522.1958,1013.6741999999999,2025,May,5,Q2,Thursday,-0.004199999999968895
11225,2025-05-09,1665,Home,North,4,427.54,0.25,Wallet,11,2.5,1282.62,1710.16,427.54,1282.6200000000001,2025,May,5,Q2,Friday,-2.2737367544323206e-13
11226,2025-05-10,1525,Electronics,East,3,329.35,0.24,COD,7,4.5,750.92,988.0500000000001,237.132,750.9180000000001,2025,May,5,Q2,Saturday,0.0019999999998390194
11227,2025-05-11,1698,Home,East,6,289.51,0.2,Card,4,2.6,1389.65,1737.06,347.41200000000003,1389.648,2025,May,5,Q2,Sunday,0.00200000000018008
11228,2025-05-12,1311,Clothing,North,6,314.12,0.04,Card,1,4.3,1809.33,1884.72,75.3888,1809.3312,2025,May,5,Q2,Monday,-0.0012000000001535227
11229,2025-05-13,1882,Electronics,North,7,387.26,0.07,Card,2,2.5,2521.06,2710.8199999999997,189.7574,2521.0625999999997,2025,May,5,Q2,Tuesday,-0.002599999999802094
11230,2025-05-14,1006,Electronics,South,7,401.1,0.1,COD,6,2.1,2526.93,2807.7000000000003,280.77000000000004,2526.9300000000003,2025,May,5,Q2,Wednesday,-4.547473508864641e-13
11231,2025-05-15,1002,Clothing,West,5,184.04,0.31,Card,10,4.1,634.94,920.1999999999999,285.262,634.9379999999999,2025,May,5,Q2,Thursday,0.00200000000018008
11232,2025-05-16,1622,Electronics,West,4,97.33,0.06,Card,11,1.8,365.96,389.32,23.359199999999998,365.9608,2025,May,5,Q2,Friday,-0.0008000000000265572
11233,2025-05-17,1918,Beauty,North,5,106.63,0.32,Card,2,1.9,362.54,533.15,170.608,362.542,2025,May,5,Q2,Saturday,-0.0019999999999527063
11234,2025-05-18,1749,Home,West,4,389.04,0.18,COD,5,1.2,1276.05,1556.16,280.10880000000003,1276.0512,2025,May,5,Q2,Sunday,-0.0012000000001535227
11235,2025-05-19,1362,Beauty,East,2,525.63,0.25,Card,4,1.8,788.44,1051.26,262.815,788.4449999999999,2025,May,5,Q2,Monday,-0.004999999999881766
11236,2025-05-20,1750,Electronics,North,6,254.56,0.04,Card,7,2.5,1466.27,1527.3600000000001,61.09440000000001,1466.2656000000002,2025,May,5,Q2,Tuesday,0.004399999999805004
11237,2025-05-21,1507,Beauty,North,7,114.17,0.09,COD,4,2.6,727.26,799.19,71.9271,727.2629000000001,2025,May,5,Q2,Wednesday,-0.0029000000000678483
11238,2025-05-22,1273,Clothing,North,2,457.61,0.34,COD,7,2.7,604.05,915.22,311.1748,604.0452,2025,May,5,Q2,Thursday,0.00479999999993197
11239,2025-05-23,1505,Electronics,South,5,502.01,0.09,Card,11,2.9,2284.15,2510.05,225.9045,2284.1455,2025,May,5,Q2,Friday,0.004500000000007276
11240,2025-05-24,1805,Electronics,West,3,530.14,0.1,COD,8,3.3,1431.38,1590.42,159.04200000000003,1431.3780000000002,2025,May,5,Q2,Saturday,0.0019999999999527063
11241,2025-05-25,1738,Electronics,South,1,370.0,0.07,Card,7,1.8,344.1,370.0,25.900000000000002,344.1,2025,May,5,Q2,Sunday,0.0
11242,2025-05-26,1882,Home,East,3,518.53,0.05,Wallet,2,3.5,1477.81,1555.59,77.7795,1477.8104999999998,2025,May,5,Q2,Monday,-0.0004999999998744897
11243,2025-05-27,1014,Clothing,West,3,24.02,0.08,Card,11,2.3,66.3,72.06,5.7648,66.29520000000001,2025,May,5,Q2,Tuesday,0.004799999999988813
11244,2025-05-28,1191,Electronics,South,1,77.73,0.22,Wallet,1,3.9,60.63,77.73,17.1006,60.629400000000004,2025,May,5,Q2,Wednesday,0.0005999999999986017
11245,2025-05-29,1984,Clothing,North,6,69.16,0.16,Wallet,5,3.2,348.57,414.96,66.39359999999999,348.5664,2025,May,5,Q2,Thursday,0.0036000000000058208
11246,2025-05-30,1630,Electronics,South,2,431.87,0.19,COD,7,3.2,699.63,863.74,164.1106,699.6294,2025,May,5,Q2,Friday,0.0005999999999630745
11247,2025-05-31,1484,Clothing,North,2,55.71,0.04,Card,1,3.7,106.96,111.42,4.4568,106.9632,2025,May,5,Q2,Saturday,-0.003200000000006753
11248,2025-06-01,1027,Clothing,South,6,305.37,0.28,COD,11,2.3,1319.2,1832.22,513.0216,1319.1984,2025,June,6,Q2,Sunday,0.0016000000000531145
11249,2025-06-02,1713,Home,South,1,291.53,0.27,Card,8,2.7,212.82,291.53,78.7131,212.81689999999998,2025,June,6,Q2,Monday,0.003100000000017644
11250,2025-06-03,1038,Home,South,4,196.76,0.01,Wallet,3,3.3,779.17,787.04,7.8704,779.1696,2025,June,6,Q2,Tuesday,0.0004000000000132786
11251,2025-06-04,1952,Clothing,North,3,524.19,0.13,COD,7,2.7,1368.14,1572.5700000000002,204.43410000000003,1368.1359000000002,2025,June,6,Q2,Wednesday,0.0040999999998803105
11252,2025-06-05,1272,Clothing,South,5,114.7,0.02,Wallet,3,2.8,562.03,573.5,11.47,562.03,2025,June,6,Q2,Thursday,0.0
11253,2025-06-06,1230,Clothing,West,2,221.19,0.28,COD,4,2.1,318.51,442.38,123.86640000000001,318.5136,2025,June,6,Q2,Friday,-0.0036000000000058208
11254,2025-06-07,1085,Home,West,6,467.89,0.26,COD,8,2.1,2077.43,2807.34,729.9084,2077.4316,2025,June,6,Q2,Saturday,-0.0016000000000531145
11255,2025-06-08,1473,Electronics,West,5,32.8,0.32,COD,2,3.8,111.52,164.0,52.480000000000004,111.52,2025,June,6,Q2,Sunday,0.0
11256,2025-06-09,1125,Electronics,North,7,408.68,0.08,Card,6,1.0,2631.9,2860.76,228.8608,2631.8992000000003,2025,June,6,Q2,Monday,0.0007999999997991836
11257,2025-06-10,1811,Electronics,North,1,492.59,0.16,COD,10,1.4,413.78,492.59,78.81439999999999,413.7756,2025,June,6,Q2,Tuesday,0.004399999999975535
11258,2025-06-11,1536,Clothing,West,5,560.38,0.06,COD,9,4.8,2633.79,2801.9,168.114,2633.786,2025,June,6,Q2,Wednesday,0.0039999999999054126
11259,2025-06-12,1144,Clothing,West,5,527.63,0.13,Wallet,10,1.7,2295.19,2638.15,342.95950000000005,2295.1905,2025,June,6,Q2,Thursday,-0.0005000000001018634
11260,2025-06-13,1524,Home,West,3,201.84,0.18,COD,9,2.7,496.53,605.52,108.99359999999999,496.52639999999997,2025,June,6,Q2,Friday,0.0036000000000058208
11261,2025-06-14,1211,Electronics,East,1,358.02,0.02,Wallet,5,4.4,350.86,358.02,7.1604,350.8596,2025,June,6,Q2,Saturday,0.0004000000000132786
11262,2025-06-15,1024,Clothing,West,5,60.22,0.25,Wallet,3,1.0,225.82,301.1,75.275,225.82500000000002,2025,June,6,Q2,Sunday,-0.005000000000023874
11263,2025-06-16,1579,Home,South,2,165.85,0.19,COD,6,4.7,268.68,331.7,63.022999999999996,268.677,2025,June,6,Q2,Monday,0.002999999999985903
11264,2025-06-17,1393,Home,East,1,70.12,0.29,Card,9,1.2,49.79,70.12,20.3348,49.7852,2025,June,6,Q2,Tuesday,0.004799999999995919
11265,2025-06-18,1066,Clothing,East,2,199.38,0.1,COD,6,1.7,358.88,398.76,39.876000000000005,358.884,2025,June,6,Q2,Wednesday,-0.004000000000019099
11266,2025-06-19,1232,Clothing,North,6,526.98,0.32,Card,4,1.1,2150.08,3161.88,1011.8016,2150.0784000000003,2025,June,6,Q2,Thursday,0.0015999999995983671
11267,2025-06-20,1108,Electronics,South,6,218.09,0.35,Card,11,3.1,850.55,1308.54,457.989,850.5509999999999,2025,June,6,Q2,Friday,-0.0009999999999763531
11268,2025-06-21,1145,Beauty,North,7,343.71,0.32,Card,5,4.8,1636.06,2405.97,769.9104,1636.0595999999998,2025,June,6,Q2,Saturday,0.00040000000012696546
11269,2025-06-22,1110,Electronics,North,4,268.53,0.27,Wallet,7,4.4,784.11,1074.12,290.0124,784.1075999999998,2025,June,6,Q2,Sunday,0.0024000000001933586
11270,2025-06-23,1227,Beauty,South,6,283.47,0.28,Card,10,3.6,1224.59,1700.8200000000002,476.2296000000001,1224.5904,2025,June,6,Q2,Monday,-0.00040000000012696546
11271,2025-06-24,1110,Home,North,5,582.2,0.2,COD,3,1.7,2328.8,2911.0,582.2,2328.8,2025,June,6,Q2,Tuesday,0.0
11272,2025-06-25,1469,Clothing,South,1,188.25,0.07,Wallet,9,4.5,175.07,188.25,13.177500000000002,175.0725,2025,June,6,Q2,Wednesday,-0.0024999999999977263
11273,2025-06-26,1033,Electronics,South,6,381.98,0.24,COD,1,4.0,1741.83,2291.88,550.0512,1741.8288000000002,2025,June,6,Q2,Thursday,0.0011999999996987754
11274,2025-06-27,1622,Clothing,North,2,260.74,0.25,COD,8,2.1,391.11,521.48,130.37,391.11,2025,June,6,Q2,Friday,0.0
11275,2025-06-28,1775,Clothing,West,5,50.77,0.34,COD,5,4.2,167.54,253.85000000000002,86.30900000000001,167.541,2025,June,6,Q2,Saturday,-0.0010000000000047748
11276,2025-06-29,1935,Electronics,North,6,301.26,0.19,Card,10,4.5,1464.12,1807.56,343.4364,1464.1236,2025,June,6,Q2,Sunday,-0.0036000000000058208
11277,2025-06-30,1368,Home,East,3,490.81,0.09,Card,9,3.8,1339.91,1472.43,132.5187,1339.9113,2025,June,6,Q2,Monday,-0.001299999999901047
11278,2025-07-01,1747,Beauty,North,2,72.77,0.24,Wallet,2,1.4,110.61,145.54,34.92959999999999,110.6104,2025,July,7,Q3,Tuesday,-0.00039999999999906777
11279,2025-07-02,1594,Clothing,South,7,55.71,0.34,Card,1,4.9,257.38,389.97,132.58980000000003,257.3802,2025,July,7,Q3,Wednesday,-0.0002000000000066393
11280,2025-07-03,1553,Home,East,7,104.87,0.06,COD,10,1.3,690.04,734.09,44.0454,690.0446000000001,2025,July,7,Q3,Thursday,-0.004600000000095861
11281,2025-07-04,1424,Electronics,South,7,462.17,0.11,COD,7,3.6,2879.32,3235.19,355.8709,2879.3191,2025,July,7,Q3,Friday,0.0009000000000014552
11282,2025-07-05,1612,Clothing,West,2,438.54,0.19,Card,10,1.4,710.43,877.08,166.64520000000002,710.4348,2025,July,7,Q3,Saturday,-0.004800000000045657
11283,2025-07-06,1517,Electronics,West,7,345.54,0.06,Wallet,11,4.6,2273.65,2418.78,145.1268,2273.6532,2025,July,7,Q3,Sunday,-0.003200000000106229
11284,2025-07-07,1691,Clothing,East,4,288.91,0.01,COD,9,2.4,1144.08,1155.64,11.556400000000002,1144.0836000000002,2025,July,7,Q3,Monday,-0.0036000000002331944
11285,2025-07-08,1281,Beauty,West,3,534.67,0.12,Card,5,3.0,1411.53,1604.0099999999998,192.48119999999997,1411.5287999999998,2025,July,7,Q3,Tuesday,0.0012000000001535227
11286,2025-07-09,1319,Home,West,4,463.52,0.3,Wallet,11,1.7,1297.86,1854.08,556.2239999999999,1297.856,2025,July,7,Q3,Wednesday,0.0039999999999054126
11287,2025-07-10,1737,Electronics,North,6,489.99,0.02,COD,4,3.2,2881.14,2939.94,58.7988,2881.1412,2025,July,7,Q3,Thursday,-0.0012000000001535227
11288,2025-07-11,1442,Clothing,North,3,490.76,0.15,COD,4,4.8,1251.44,1472.28,220.84199999999998,1251.438,2025,July,7,Q3,Friday,0.0019999999999527063
11289,2025-07-12,1951,Clothing,West,2,390.99,0.27,COD,8,4.6,570.85,781.98,211.1346,570.8454,2025,July,7,Q3,Saturday,0.004599999999982174
11290,2025-07-13,1314,Clothing,West,4,282.94,0.33,Card,1,1.3,758.28,1131.76,373.4808,758.2792,2025,July,7,Q3,Sunday,0.0008000000000265572
11291,2025-07-14,1876,Home,North,5,520.84,0.34,COD,1,2.5,1718.77,2604.2000000000003,885.4280000000001,1718.7720000000002,2025,July,7,Q3,Monday,-0.00200000000018008
11292,2025-07-15,1965,Home,West,3,556.71,0.15,Card,8,2.1,1419.61,1670.13,250.5195,1419.6105000000002,2025,July,7,Q3,Tuesday,-0.0005000000003292371
11293,2025-07-16,1740,Clothing,West,2,28.93,0.33,COD,2,2.9,38.77,57.86,19.0938,38.7662,2025,July,7,Q3,Wednesday,0.0038000000000053547
11294,2025-07-17,1376,Clothing,South,1,45.16,0.01,COD,10,4.3,44.71,45.16,0.4516,44.7084,2025,July,7,Q3,Thursday,0.0016000000000033765
11295,2025-07-18,1288,Electronics,West,3,575.86,0.26,Wallet,6,4.0,1278.41,1727.58,449.1708,1278.4092,2025,July,7,Q3,Friday,0.0008000000000265572
11296,2025-07-19,1436,Electronics,East,3,177.14,0.22,COD,2,2.4,414.51,531.42,116.91239999999999,414.50759999999997,2025,July,7,Q3,Saturday,0.0024000000000228283
11297,2025-07-20,1661,Clothing,South,6,525.92,0.09,Card,5,2.5,2871.52,3155.5199999999995,283.99679999999995,2871.5231999999996,2025,July,7,Q3,Sunday,-0.0031999999996514816
11298,2025-07-21,1276,Clothing,East,5,242.45,0.18,Wallet,3,3.6,994.04,1212.25,218.20499999999998,994.0450000000001,2025,July,7,Q3,Monday,-0.005000000000109139
11299,2025-07-22,1709,Home,West,6,84.67,0.05,COD,7,1.8,482.62,508.02,25.401,482.61899999999997,2025,July,7,Q3,Tuesday,0.0010000000000331966
11300,2025-07-23,1581,Home,North,7,62.06,0.31,COD,9,1.4,299.75,434.42,134.6702,299.74980000000005,2025,July,7,Q3,Wednesday,0.0001999999999497959
11301,2025-07-24,1502,Electronics,South,3,106.56,0.13,Card,2,2.0,278.12,319.68,41.5584,278.1216,2025,July,7,Q3,Thursday,-0.001599999999996271
11302,2025-07-25,1623,Clothing,North,3,161.19,0.22,Wallet,7,1.5,377.18,483.57,106.3854,377.1846,2025,July,7,Q3,Friday,-0.004599999999982174
11303,2025-07-26,1515,Electronics,South,7,300.78,0.06,Wallet,8,2.4,1979.13,2105.46,126.3276,1979.1324,2025,July,7,Q3,Saturday,-0.002399999999852298
11304,2025-07-27,1349,Electronics,North,5,425.38,0.07,COD,10,4.8,1978.02,2126.9,148.883,1978.017,2025,July,7,Q3,Sunday,0.0029999999999290594
11305,2025-07-28,1842,Home,South,5,592.04,0.35,Wallet,8,1.5,1924.13,2960.2,1036.07,1924.1299999999999,2025,July,7,Q3,Monday,2.2737367544323206e-13
11306,2025-07-29,1445,Electronics,South,4,273.28,0.26,Card,7,4.3,808.91,1093.12,284.21119999999996,808.9087999999999,2025,July,7,Q3,Tuesday,0.0012000000000398359
11307,2025-07-30,1829,Clothing,East,2,318.14,0.34,Wallet,4,3.1,419.94,636.28,216.33520000000001,419.9448,2025,July,7,Q3,Wednesday,-0.004799999999988813
11308,2025-07-31,1349,Electronics,North,2,320.26,0.1,COD,4,3.5,576.47,640.52,64.052,576.468,2025,July,7,Q3,Thursday,0.002000000000066393
11309,2025-08-01,1606,Beauty,East,4,330.57,0.06,Card,10,1.7,1242.94,1322.28,79.3368,1242.9432,2025,August,8,Q3,Friday,-0.0031999999998788553
11310,2025-08-02,1663,Clothing,East,2,317.88,0.18,COD,9,1.6,521.32,635.76,114.43679999999999,521.3232,2025,August,8,Q3,Saturday,-0.003199999999992542
11311,2025-08-03,1822,Electronics,North,3,20.13,0.17,COD,10,1.7,50.12,60.39,10.266300000000001,50.1237,2025,August,8,Q3,Sunday,-0.003700000000002035
11312,2025-08-04,1136,Clothing,South,4,16.01,0.06,Card,9,3.7,60.2,64.04,3.8424,60.19760000000001,2025,August,8,Q3,Monday,0.0023999999999944066
11313,2025-08-05,1758,Home,East,4,72.13,0.26,Card,5,4.0,213.5,288.52,75.0152,213.5048,2025,August,8,Q3,Tuesday,-0.004799999999988813
11314,2025-08-06,1898,Beauty,North,2,74.41,0.13,Card,7,4.7,129.47,148.82,19.3466,129.4734,2025,August,8,Q3,Wednesday,-0.0033999999999991815
11315,2025-08-07,1242,Electronics,South,1,427.36,0.07,Card,7,2.6,397.44,427.36,29.915200000000002,397.4448,2025,August,8,Q3,Thursday,-0.004799999999988813
11316,2025-08-08,1542,Beauty,East,2,134.88,0.12,Card,9,2.8,237.39,269.76,32.371199999999995,237.3888,2025,August,8,Q3,Friday,0.0011999999999829924
11317,2025-08-09,1039,Beauty,East,6,538.41,0.2,Card,7,2.9,2584.37,3230.46,646.0920000000001,2584.368,2025,August,8,Q3,Saturday,0.0019999999999527063
11318,2025-08-10,1228,Beauty,East,1,558.23,0.25,Card,8,2.1,418.67,558.23,139.5575,418.6725,2025,August,8,Q3,Sunday,-0.0024999999999977263
11319,2025-08-11,1547,Clothing,South,4,585.9,0.17,Wallet,7,2.3,1945.19,2343.6,398.41200000000003,1945.1879999999999,2025,August,8,Q3,Monday,0.00200000000018008
11320,2025-08-12,1919,Clothing,East,1,564.36,0.18,COD,11,4.4,462.78,564.36,101.5848,462.77520000000004,2025,August,8,Q3,Tuesday,0.00479999999993197
11321,2025-08-13,1222,Clothing,South,3,174.05,0.05,Card,4,2.4,496.04,522.1500000000001,26.107500000000005,496.0425000000001,2025,August,8,Q3,Wednesday,-0.0025000000000545697
11322,2025-08-14,1005,Home,West,5,313.22,0.32,Wallet,2,4.5,1064.95,1566.1000000000001,501.15200000000004,1064.948,2025,August,8,Q3,Thursday,0.0019999999999527063
11323,2025-08-15,1321,Clothing,East,1,117.64,0.33,COD,3,2.2,78.82,117.64,38.821200000000005,78.8188,2025,August,8,Q3,Friday,0.0011999999999972033
11324,2025-08-16,1467,Home,West,6,486.63,0.24,COD,7,2.4,2219.03,2919.7799999999997,700.7471999999999,2219.0328,2025,August,8,Q3,Saturday,-0.00279999999975189
11325,2025-08-17,1731,Clothing,North,5,534.73,0.01,COD,11,3.2,2646.91,2673.65,26.736500000000003,2646.9135,2025,August,8,Q3,Sunday,-0.0035000000002582965
11326,2025-08-18,1074,Home,East,3,513.0,0.19,Card,11,1.4,1246.59,1539.0,292.41,1246.59,2025,August,8,Q3,Monday,0.0
11327,2025-08-19,1003,Home,North,6,268.52,0.22,Card,9,4.7,1256.67,1611.12,354.4464,1256.6735999999999,2025,August,8,Q3,Tuesday,-0.003599999999778447
11328,2025-08-20,1846,Electronics,North,7,458.82,0.35,Card,11,4.3,2087.63,3211.74,1124.109,2087.631,2025,August,8,Q3,Wednesday,-0.0009999999997489795
11329,2025-08-21,1645,Home,North,5,72.08,0.35,COD,2,3.7,234.26,360.4,126.13999999999999,234.26,2025,August,8,Q3,Thursday,0.0
11330,2025-08-22,1117,Clothing,West,7,38.54,0.3,COD,7,5.0,188.85,269.78,80.93399999999998,188.846,2025,August,8,Q3,Friday,0.003999999999990678
11331,2025-08-23,1880,Home,South,3,455.64,0.02,COD,4,1.1,1339.58,1366.92,27.338400000000004,1339.5816,2025,August,8,Q3,Saturday,-0.0016000000000531145
11332,2025-08-24,1605,Clothing,West,5,263.83,0.33,Card,7,2.6,883.83,1319.1499999999999,435.31949999999995,883.8304999999999,2025,August,8,Q3,Sunday,-0.0004999999998744897
11333,2025-08-25,1503,Clothing,West,5,597.4,0.21,COD,5,4.4,2359.73,2987.0,627.27,2359.73,2025,August,8,Q3,Monday,0.0
11334,2025-08-26,1997,Beauty,North,2,71.89,0.28,COD,7,2.7,103.52,143.78,40.2584,103.5216,2025,August,8,Q3,Tuesday,-0.001600000000010482
11335,2025-08-27,1946,Electronics,East,6,515.54,0.14,Wallet,6,1.0,2660.19,3093.24,433.0536,2660.1863999999996,2025,August,8,Q3,Wednesday,0.003600000000460568
11336,2025-08-28,1573,Home,South,6,295.79,0.11,Card,2,1.6,1579.52,1774.7400000000002,195.22140000000002,1579.5186000000003,2025,August,8,Q3,Thursday,0.0013999999996485712
11337,2025-08-29,1440,Clothing,North,1,498.88,0.16,Wallet,7,2.7,419.06,498.88,79.8208,419.0592,2025,August,8,Q3,Friday,0.0008000000000265572
11338,2025-08-30,1193,Clothing,South,7,493.02,0.05,Wallet,5,3.7,3278.58,3451.14,172.55700000000002,3278.5829999999996,2025,August,8,Q3,Saturday,-0.0029999999997016857
11339,2025-08-31,1846,Electronics,West,7,550.86,0.12,COD,9,1.7,3393.3,3856.02,462.7224,3393.2976,2025,August,8,Q3,Sunday,0.0024000000003070454
11340,2025-09-01,1714,Clothing,South,6,189.24,0.3,COD,11,2.8,794.81,1135.44,340.632,794.808,2025,September,9,Q3,Monday,0.0019999999999527063
11341,2025-09-02,1391,Electronics,South,6,570.63,0.01,Card,1,1.1,3389.54,3423.7799999999997,34.2378,3389.5422,2025,September,9,Q3,Tuesday,-0.002199999999902502
11342,2025-09-03,1025,Electronics,East,5,103.73,0.05,Wallet,1,2.9,492.72,518.65,25.9325,492.7175,2025,September,9,Q3,Wednesday,0.0025000000000545697
11343,2025-09-04,1434,Electronics,North,7,62.95,0.04,Card,2,4.6,423.02,440.65000000000003,17.626,423.02400000000006,2025,September,9,Q3,Thursday,-0.004000000000075943
11344,2025-09-05,1172,Electronics,South,4,267.5,0.14,COD,8,3.4,920.2,1070.0,149.8,920.2,2025,September,9,Q3,Friday,0.0
11345,2025-09-06,1299,Beauty,South,2,499.57,0.35,Card,11,2.8,649.44,999.14,349.69899999999996,649.441,2025,September,9,Q3,Saturday,-0.0009999999999763531
11346,2025-09-07,1644,Beauty,West,1,291.95,0.06,Card,9,1.6,274.43,291.95,17.517,274.433,2025,September,9,Q3,Sunday,-0.002999999999985903
11347,2025-09-08,1325,Clothing,West,2,500.13,0.05,COD,11,1.8,950.25,1000.26,50.013000000000005,950.247,2025,September,9,Q3,Monday,0.0030000000000427463
11348,2025-09-09,1409,Home,South,1,441.87,0.32,Wallet,11,1.3,300.47,441.87,141.3984,300.47159999999997,2025,September,9,Q3,Tuesday,-0.0015999999999394277
11349,2025-09-10,1117,Electronics,North,3,137.52,0.31,COD,7,4.0,284.67,412.56000000000006,127.89360000000002,284.66640000000007,2025,September,9,Q3,Wednesday,0.0035999999999489773
11350,2025-09-11,1835,Home,South,5,570.1,0.01,Wallet,1,1.3,2822.0,2850.5,28.505,2821.995,2025,September,9,Q3,Thursday,0.005000000000109139
11351,2025-09-12,1786,Home,South,6,50.56,0.26,COD,7,2.5,224.49,303.36,78.87360000000001,224.4864,2025,September,9,Q3,Friday,0.0036000000000058208
11352,2025-09-13,1723,Beauty,East,6,540.49,0.23,Card,8,4.0,2497.06,3242.94,745.8762,2497.0638,2025,September,9,Q3,Saturday,-0.0037999999999556167
11353,2025-09-14,1224,Clothing,North,4,193.1,0.27,Card,7,3.9,563.85,772.4,208.548,563.852,2025,September,9,Q3,Sunday,-0.0019999999999527063
11354,2025-09-15,1531,Home,East,7,307.59,0.17,COD,5,3.3,1787.1,2153.1299999999997,366.03209999999996,1787.0978999999998,2025,September,9,Q3,Monday,0.002100000000154978
11355,2025-09-16,1112,Electronics,North,7,262.08,0.35,Card,7,3.3,1192.46,1834.56,642.0959999999999,1192.464,2025,September,9,Q3,Tuesday,-0.0039999999999054126
11356,2025-09-17,1139,Beauty,North,2,115.52,0.02,COD,10,1.4,226.42,231.04,4.6208,226.4192,2025,September,9,Q3,Wednesday,0.0007999999999981355
11357,2025-09-18,1558,Electronics,North,2,224.52,0.08,Card,11,1.7,413.12,449.04,35.9232,413.1168,2025,September,9,Q3,Thursday,0.003199999999992542
11358,2025-09-19,1000,Clothing,East,2,127.87,0.14,Card,2,3.1,219.94,255.74,35.8036,219.9364,2025,September,9,Q3,Friday,0.0036000000000058208
11359,2025-09-20,1089,Home,East,7,134.27,0.16,COD,9,2.4,789.51,939.8900000000001,150.38240000000002,789.5076000000001,2025,September,9,Q3,Saturday,0.002399999999852298
11360,2025-09-21,1653,Home,East,6,124.43,0.32,COD,2,1.1,507.67,746.58,238.90560000000002,507.6744,2025,September,9,Q3,Sunday,-0.004399999999975535
11361,2025-09-22,1319,Electronics,West,7,301.08,0.2,Card,2,4.2,1686.05,2107.56,421.512,1686.048,2025,September,9,Q3,Monday,0.0019999999999527063
11362,2025-09-23,1549,Beauty,East,2,481.79,0.02,Card,5,3.6,944.31,963.58,19.271600000000003,944.3084,2025,September,9,Q3,Tuesday,0.0015999999999394277
11363,2025-09-24,1804,Electronics,West,5,347.85,0.14,Card,8,2.3,1495.76,1739.25,243.49500000000003,1495.7549999999999,2025,September,9,Q3,Wednesday,0.005000000000109139
11364,2025-09-25,1893,Clothing,West,1,537.53,0.15,Card,6,1.4,456.9,537.53,80.6295,456.90049999999997,2025,September,9,Q3,Thursday,-0.0004999999999881766
11365,2025-09-26,1138,Electronics,West,6,387.38,0.34,COD,9,3.4,1534.02,2324.2799999999997,790.2552,1534.0247999999997,2025,September,9,Q3,Friday,-0.004799999999704596
11366,2025-09-27,1510,Electronics,South,5,418.26,0.21,COD,6,2.4,1652.13,2091.3,439.173,1652.1270000000002,2025,September,9,Q3,Saturday,0.0029999999999290594
11367,2025-09-28,1867,Clothing,South,3,405.55,0.22,Card,5,2.0,948.99,1216.65,267.663,948.9870000000001,2025,September,9,Q3,Sunday,0.0029999999999290594
11368,2025-09-29,1844,Clothing,South,5,277.93,0.25,Card,1,3.9,1042.24,1389.65,347.4125,1042.2375000000002,2025,September,9,Q3,Monday,0.002499999999827196
11369,2025-09-30,1258,Electronics,West,5,418.26,0.27,Card,8,2.3,1526.65,2091.3,564.6510000000001,1526.6490000000001,2025,September,9,Q3,Tuesday,0.0009999999999763531
11370,2025-10-01,1672,Electronics,West,3,55.78,0.22,Card,3,1.5,130.53,167.34,36.8148,130.5252,2025,October,10,Q4,Wednesday,0.004799999999988813
11371,2025-10-02,1901,Clothing,North,5,518.01,0.08,COD,2,2.9,2382.85,2590.05,207.204,2382.846,2025,October,10,Q4,Thursday,0.0039999999999054126
11372,2025-10-03,1689,Home,West,1,470.02,0.31,Card,7,4.3,324.31,470.02,145.7062,324.3138,2025,October,10,Q4,Friday,-0.00380000000001246
11373,2025-10-04,1009,Beauty,South,6,158.46,0.26,Card,11,4.4,703.56,950.76,247.1976,703.5624,2025,October,10,Q4,Saturday,-0.0024000000000796717
11374,2025-10-05,1260,Electronics,West,4,464.3,0.26,COD,2,4.4,1374.33,1857.2,482.872,1374.328,2025,October,10,Q4,Sunday,0.0019999999999527063
11375,2025-10-06,1918,Clothing,West,7,22.4,0.35,Card,1,2.7,101.92,156.79999999999998,54.87999999999999,101.91999999999999,2025,October,10,Q4,Monday,1.4210854715202004e-14
11376,2025-10-07,1649,Electronics,North,3,142.09,0.28,COD,11,4.2,306.91,426.27,119.35560000000001,306.9144,2025,October,10,Q4,Tuesday,-0.004399999999975535
11377,2025-10-08,1171,Electronics,West,6,53.11,0.29,COD,2,4.4,226.25,318.65999999999997,92.41139999999999,226.24859999999998,2025,October,10,Q4,Wednesday,0.0014000000000180535
11378,2025-10-09,1897,Home,East,2,471.43,0.33,Card,6,2.8,631.72,942.86,311.1438,631.7162000000001,2025,October,10,Q4,Thursday,0.0037999999999556167
11379,2025-10-10,1012,Clothing,North,1,457.19,0.05,COD,2,2.3,434.33,457.19,22.8595,434.3305,2025,October,10,Q4,Friday,-0.0004999999999881766
11380,2025-10-11,1167,Electronics,West,4,490.98,0.17,COD,1,3.8,1630.05,1963.92,333.86640000000006,1630.0536,2025,October,10,Q4,Saturday,-0.0036000000000058208
11381,2025-10-12,1641,Electronics,West,1,17.62,0.2,COD,1,4.6,14.1,17.62,3.5240000000000005,14.096,2025,October,10,Q4,Sunday,0.0039999999999995595
11382,2025-10-13,1595,Electronics,North,1,308.22,0.12,COD,4,4.9,271.23,308.22,36.9864,271.2336,2025,October,10,Q4,Monday,-0.0036000000000058208
11383,2025-10-14,1320,Home,West,2,427.33,0.29,Wallet,8,2.2,606.81,854.66,247.85139999999998,606.8086,2025,October,10,Q4,Tuesday,0.0013999999999896318
11384,2025-10-15,1318,Beauty,South,4,105.91,0.27,Wallet,6,4.8,309.26,423.64,114.3828,309.2572,2025,October,10,Q4,Wednesday,0.0027999999999792635
11385,2025-10-16,1612,Electronics,East,7,395.13,0.25,COD,4,3.0,2074.43,2765.91,691.4775,2074.4325,2025,October,10,Q4,Thursday,-0.0025000000000545697
11386,2025-10-17,1328,Electronics,East,1,64.2,0.35,Wallet,6,2.2,41.73,64.2,22.47,41.730000000000004,2025,October,10,Q4,Friday,-7.105427357601002e-15
11387,2025-10-18,1784,Beauty,South,2,121.08,0.09,Card,6,5.0,220.37,242.16,21.7944,220.3656,2025,October,10,Q4,Saturday,0.004400000000003956
11388,2025-10-19,1776,Beauty,West,3,293.34,0.26,COD,9,4.5,651.21,880.02,228.8052,651.2148,2025,October,10,Q4,Sunday,-0.00479999999993197
11389,2025-10-20,1970,Clothing,West,2,397.34,0.19,Card,4,3.8,643.69,794.68,150.98919999999998,643.6908,2025,October,10,Q4,Monday,-0.0007999999999128704
11390,2025-10-21,1910,Electronics,East,5,100.33,0.11,Card,6,4.6,446.47,501.65,55.1815,446.46849999999995,2025,October,10,Q4,Tuesday,0.0015000000000782165
11391,2025-10-22,1919,Electronics,West,6,123.36,0.06,COD,10,3.7,695.75,740.16,44.4096,695.7504,2025,October,10,Q4,Wednesday,-0.0004000000000132786
11392,2025-10-23,1549,Clothing,East,2,134.6,0.31,COD,1,2.8,185.75,269.2,83.452,185.748,2025,October,10,Q4,Thursday,0.0020000000000095497
11393,2025-10-24,1418,Clothing,East,2,154.64,0.21,Card,7,4.8,244.33,309.28,64.94879999999999,244.33119999999997,2025,October,10,Q4,Friday,-0.0011999999999545707
11394,2025-10-25,1605,Electronics,South,2,147.53,0.29,COD,7,4.9,209.49,295.06,85.56739999999999,209.4926,2025,October,10,Q4,Saturday,-0.002600000000001046
11395,2025-10-26,1094,Clothing,East,7,246.16,0.19,COD,11,2.3,1395.73,1723.12,327.39279999999997,1395.7271999999998,2025,October,10,Q4,Sunday,0.002800000000206637
11396,2025-10-27,1816,Electronics,West,1,397.47,0.08,Card,1,2.4,365.67,397.47,31.797600000000003,365.67240000000004,2025,October,10,Q4,Monday,-0.0024000000000228283
11397,2025-10-28,1580,Home,West,7,271.25,0.12,Card,8,2.5,1670.9,1898.75,227.85,1670.9,2025,October,10,Q4,Tuesday,0.0
11398,2025-10-29,1317,Electronics,North,4,468.94,0.13,Card,5,4.3,1631.91,1875.76,243.8488,1631.9112,2025,October,10,Q4,Wednesday,-0.001199999999926149
11399,2025-10-30,1955,Electronics,West,2,435.77,0.34,Card,9,4.2,575.22,871.54,296.3236,575.2164,2025,October,10,Q4,Thursday,0.0036000000000058208
11400,2025-10-31,1235,Clothing,North,2,89.02,0.0,COD,8,4.9,178.04,178.04,0.0,178.04,2025,October,10,Q4,Friday,0.0
11401,2025-11-01,1945,Clothing,East,5,43.57,0.34,Card,3,2.9,143.78,217.85,74.069,143.781,2025,November,11,Q4,Saturday,-0.0010000000000047748
11402,2025-11-02,1333,Beauty,West,5,528.6,0.34,Card,1,3.9,1744.38,2643.0,898.6200000000001,1744.3799999999999,2025,November,11,Q4,Sunday,2.2737367544323206e-13
11403,2025-11-03,1884,Clothing,South,3,61.7,0.35,COD,3,4.4,120.32,185.10000000000002,64.78500000000001,120.31500000000001,2025,November,11,Q4,Monday,0.004999999999981242
11404,2025-11-04,1375,Electronics,South,3,101.78,0.17,COD,2,1.9,253.43,305.34000000000003,51.90780000000001,253.43220000000002,2025,November,11,Q4,Tuesday,-0.002200000000016189
11405,2025-11-05,1458,Home,South,5,27.95,0.34,Card,2,3.5,92.23,139.75,47.515,92.235,2025,November,11,Q4,Wednesday,-0.0049999999999954525
11406,2025-11-06,1136,Electronics,East,4,382.58,0.14,Card,11,3.2,1316.08,1530.32,214.2448,1316.0752,2025,November,11,Q4,Thursday,0.00479999999993197
11407,2025-11-07,1929,Beauty,East,3,355.69,0.01,Card,4,4.0,1056.4,1067.07,10.6707,1056.3993,2025,November,11,Q4,Friday,0.0007000000000516593
11408,2025-11-08,1587,Clothing,North,6,592.34,0.08,COD,2,3.8,3269.72,3554.04,284.3232,3269.7168,2025,November,11,Q4,Saturday,0.0031999999996514816
11409,2025-11-09,1994,Clothing,South,6,533.86,0.33,Wallet,8,4.3,2146.12,3203.16,1057.0428,2146.1171999999997,2025,November,11,Q4,Sunday,0.002800000000206637
11410,2025-11-10,1546,Electronics,North,4,255.34,0.0,COD,5,2.2,1021.36,1021.36,0.0,1021.36,2025,November,11,Q4,Monday,0.0
11411,2025-11-11,1512,Clothing,North,5,232.38,0.19,Card,1,1.9,941.14,1161.9,220.76100000000002,941.1390000000001,2025,November,11,Q4,Tuesday,0.0009999999998626663
11412,2025-11-12,1295,Home,West,3,188.66,0.03,COD,6,4.2,549.0,565.98,16.9794,549.0006000000001,2025,November,11,Q4,Wednesday,-0.0006000000000767614
11413,2025-11-13,1319,Home,West,2,104.16,0.1,Card,7,2.4,187.49,208.32,20.832,187.488,2025,November,11,Q4,Thursday,0.0020000000000095497
11414,2025-11-14,1917,Electronics,South,5,95.78,0.03,Card,1,2.2,464.53,478.9,14.366999999999999,464.53299999999996,2025,November,11,Q4,Friday,-0.002999999999985903
11415,2025-11-15,1571,Electronics,East,3,92.39,0.3,Card,3,2.3,194.02,277.17,83.151,194.019,2025,November,11,Q4,Saturday,0.0010000000000047748
11416,2025-11-16,1831,Home,West,4,81.76,0.21,COD,9,1.3,258.36,327.04,68.6784,258.3616,2025,November,11,Q4,Sunday,-0.001599999999996271
11417,2025-11-17,1348,Beauty,East,6,155.7,0.32,COD,7,4.1,635.26,934.1999999999999,298.94399999999996,635.256,2025,November,11,Q4,Monday,0.004000000000019099
11418,2025-11-18,1839,Electronics,North,4,194.4,0.24,COD,4,3.9,590.98,777.6,186.624,590.976,2025,November,11,Q4,Tuesday,0.004000000000019099
11419,2025-11-19,1778,Clothing,North,3,577.52,0.34,COD,6,3.2,1143.49,1732.56,589.0704000000001,1143.4895999999999,2025,November,11,Q4,Wednesday,0.00040000000012696546
11420,2025-11-20,1872,Electronics,North,4,353.41,0.18,Card,6,3.9,1159.18,1413.64,254.45520000000002,1159.1848,2025,November,11,Q4,Thursday,-0.00479999999993197
11421,2025-11-21,1228,Beauty,North,3,592.74,0.22,Card,3,2.5,1387.01,1778.22,391.2084,1387.0116,2025,November,11,Q4,Friday,-0.0016000000000531145
11422,2025-11-22,1269,Electronics,South,3,232.89,0.2,COD,2,2.2,558.94,698.67,139.734,558.9359999999999,2025,November,11,Q4,Saturday,0.004000000000132786
11423,2025-11-23,1827,Electronics,North,4,282.71,0.17,COD,5,4.4,938.6,1130.84,192.2428,938.5971999999999,2025,November,11,Q4,Sunday,0.0028000000000929504
11424,2025-11-24,1797,Home,West,1,204.88,0.3,COD,8,2.7,143.42,204.88,61.464,143.416,2025,November,11,Q4,Monday,0.003999999999990678
11425,2025-11-25,1290,Electronics,North,2,121.99,0.23,Card,3,1.8,187.86,243.98,56.1154,187.8646,2025,November,11,Q4,Tuesday,-0.004599999999982174
11426,2025-11-26,1724,Clothing,East,5,98.75,0.28,COD,5,4.0,355.5,493.75,138.25,355.5,2025,November,11,Q4,Wednesday,0.0
11427,2025-11-27,1164,Clothing,West,6,567.87,0.28,Card,3,2.3,2453.2,3407.2200000000003,954.0216000000001,2453.1984,2025,November,11,Q4,Thursday,0.0015999999995983671
11428,2025-11-28,1004,Electronics,East,2,592.28,0.07,COD,7,1.8,1101.64,1184.56,82.9192,1101.6408,2025,November,11,Q4,Friday,-0.0007999999997991836
11429,2025-11-29,1850,Clothing,East,5,41.27,0.23,COD,6,1.1,158.89,206.35000000000002,47.46050000000001,158.8895,2025,November,11,Q4,Saturday,0.0004999999999881766
11430,2025-11-30,1378,Clothing,South,5,102.95,0.07,Wallet,6,4.9,478.72,514.75,36.032500000000006,478.7175,2025,November,11,Q4,Sunday,0.0025000000000545697
11431,2025-12-01,1077,Electronics,South,6,262.76,0.2,Card,1,2.9,1261.25,1576.56,315.312,1261.248,2025,December,12,Q4,Monday,0.0019999999999527063
11432,2025-12-02,1409,Clothing,East,2,124.01,0.24,COD,2,1.6,188.5,248.02,59.5248,188.4952,2025,December,12,Q4,Tuesday,0.004799999999988813
11433,2025-12-03,1573,Home,East,6,227.87,0.35,COD,6,4.0,888.69,1367.22,478.527,888.693,2025,December,12,Q4,Wednesday,-0.0029999999999290594
11434,2025-12-04,1131,Home,North,3,90.52,0.01,Card,8,4.6,268.84,271.56,2.7156000000000002,268.8444,2025,December,12,Q4,Thursday,-0.004400000000032378
11435,2025-12-05,1600,Electronics,West,6,282.06,0.03,Card,5,3.1,1641.59,1692.3600000000001,50.7708,1641.5892000000001,2025,December,12,Q4,Friday,0.0007999999997991836
11436,2025-12-06,1748,Electronics,North,4,173.94,0.03,COD,2,1.1,674.89,695.76,20.872799999999998,674.8872,2025,December,12,Q4,Saturday,0.0027999999999792635
11437,2025-12-07,1041,Electronics,South,1,220.86,0.14,Card,5,2.5,189.94,220.86,30.920400000000004,189.9396,2025,December,12,Q4,Sunday,0.0003999999999848569
11438,2025-12-08,1088,Clothing,South,1,70.17,0.29,Card,9,2.0,49.82,70.17,20.3493,49.8207,2025,December,12,Q4,Monday,-0.0007000000000019213
11439,2025-12-09,1401,Clothing,North,1,265.45,0.3,Wallet,6,3.5,185.81,265.45,79.63499999999999,185.815,2025,December,12,Q4,Tuesday,-0.0049999999999954525
11440,2025-12-10,1295,Home,West,2,590.21,0.26,COD,5,3.1,873.51,1180.42,306.90920000000006,873.5108,2025,December,12,Q4,Wednesday,-0.0008000000000265572
11441,2025-12-11,1839,Electronics,East,2,207.37,0.31,Card,10,2.4,286.17,414.74,128.5694,286.17060000000004,2025,December,12,Q4,Thursday,-0.0006000000000199179
11442,2025-12-12,1294,Electronics,North,3,527.71,0.11,COD,6,3.6,1408.99,1583.13,174.14430000000002,1408.9857000000002,2025,December,12,Q4,Friday,0.004299999999830106
11443,2025-12-13,1615,Clothing,South,7,508.27,0.03,COD,11,3.3,3451.15,3557.89,106.7367,3451.1533,2025,December,12,Q4,Saturday,-0.0032999999998537533
11444,2025-12-14,1525,Home,West,1,571.95,0.02,Wallet,9,4.6,560.51,571.95,11.439000000000002,560.5110000000001,2025,December,12,Q4,Sunday,-0.00100000000009004
11445,2025-12-15,1799,Electronics,South,3,477.21,0.3,COD,7,3.4,1002.14,1431.6299999999999,429.489,1002.1409999999998,2025,December,12,Q4,Monday,-0.0009999999998626663
11446,2025-12-16,1690,Clothing,West,7,400.86,0.26,Wallet,10,3.0,2076.45,2806.02,729.5652,2076.4548,2025,December,12,Q4,Tuesday,-0.0048000000001593435
11447,2025-12-17,1636,Electronics,West,1,516.1,0.24,Card,3,4.3,392.24,516.1,123.864,392.236,2025,December,12,Q4,Wednesday,0.004000000000019099
11448,2025-12-18,1421,Beauty,West,2,59.25,0.12,COD,10,1.8,104.28,118.5,14.219999999999999,104.28,2025,December,12,Q4,Thursday,0.0
11449,2025-12-19,1864,Beauty,North,7,285.76,0.13,Card,10,2.0,1740.28,2000.32,260.0416,1740.2784,2025,December,12,Q4,Friday,0.0016000000000531145
11450,2025-12-20,1022,Electronics,North,4,593.71,0.34,Card,5,4.1,1567.39,2374.84,807.4456000000001,1567.3944000000001,2025,December,12,Q4,Saturday,-0.004400000000032378
11451,2025-12-21,1574,Electronics,North,4,465.22,0.02,COD,4,2.8,1823.66,1860.88,37.217600000000004,1823.6624000000002,2025,December,12,Q4,Sunday,-0.0024000000000796717
11452,2025-12-22,1142,Clothing,West,4,577.81,0.27,Card,11,2.6,1687.21,2311.24,624.0348,1687.2051999999999,2025,December,12,Q4,Monday,0.0048000000001593435
11453,2025-12-23,1992,Electronics,West,6,471.09,0.11,COD,5,4.5,2515.62,2826.54,310.9194,2515.6206,2025,December,12,Q4,Tuesday,-0.000600000000304135
11454,2025-12-24,1664,Home,South,4,526.81,0.01,Wallet,8,3.4,2086.17,2107.24,21.0724,2086.1675999999998,2025,December,12,Q4,Wednesday,0.0024000000003070454
11455,2025-12-25,1144,Home,East,5,428.32,0.26,Card,11,4.2,1584.78,2141.6,556.816,1584.7839999999999,2025,December,12,Q4,Thursday,-0.0039999999999054126
11456,2025-12-26,1224,Home,North,1,459.89,0.12,Card,6,4.2,404.7,459.89,55.1868,404.7032,2025,December,12,Q4,Friday,-0.003199999999992542
11457,2025-12-27,1502,Home,West,4,321.06,0.25,COD,4,1.5,963.18,1284.24,321.06,963.1800000000001,2025,December,12,Q4,Saturday,-1.1368683772161603e-13
11458,2025-12-28,1961,Clothing,South,7,555.68,0.25,Wallet,5,3.6,2917.32,3889.7599999999998,972.4399999999999,2917.3199999999997,2025,December,12,Q4,Sunday,4.547473508864641e-13
11459,2025-12-29,1973,Electronics,South,5,497.65,0.19,COD,11,4.8,2015.48,2488.25,472.7675,2015.4825,2025,December,12,Q4,Monday,-0.0025000000000545697
11460,2025-12-30,1820,Home,South,5,508.67,0.27,COD,7,2.9,1856.65,2543.35,686.7045,1856.6454999999999,2025,December,12,Q4,Tuesday,0.00450000000023465
11461,2025-12-31,1615,Clothing,North,5,408.71,0.2,Card,8,3.9,1634.84,2043.55,408.71000000000004,1634.84,2025,December,12,Q4,Wednesday,0.0
11462,2026-01-01,1103,Home,North,3,193.18,0.1,Card,5,3.3,521.59,579.54,57.954,521.586,2026,January,1,Q1,Thursday,0.004000000000019099
11463,2026-01-02,1946,Electronics,East,7,35.84,0.26,COD,2,1.8,185.65,250.88000000000002,65.2288,185.65120000000002,2026,January,1,Q1,Friday,-0.0012000000000114142
11464,2026-01-03,1038,Electronics,South,3,562.36,0.21,Card,6,1.8,1332.79,1687.08,354.28679999999997,1332.7932,2026,January,1,Q1,Saturday,-0.003200000000106229
11465,2026-01-04,1946,Beauty,North,5,357.88,0.0,Wallet,9,2.7,1789.4,1789.4,0.0,1789.4,2026,January,1,Q1,Sunday,0.0
11466,2026-01-05,1197,Electronics,South,6,189.41,0.32,COD,3,2.9,772.79,1136.46,363.66720000000004,772.7927999999999,2026,January,1,Q1,Monday,-0.0027999999999792635
11467,2026-01-06,1645,Beauty,West,4,102.24,0.19,COD,7,3.0,331.26,408.96,77.7024,331.25759999999997,2026,January,1,Q1,Tuesday,0.0024000000000228283
11468,2026-01-07,1578,Beauty,South,1,500.27,0.3,COD,8,4.8,350.19,500.27,150.081,350.18899999999996,2026,January,1,Q1,Wednesday,0.0010000000000331966
11469,2026-01-08,1390,Home,East,7,504.36,0.31,COD,6,1.4,2436.06,3530.52,1094.4612,2436.0588,2026,January,1,Q1,Thursday,0.0012000000001535227
11470,2026-01-09,1178,Home,North,6,491.49,0.16,COD,3,2.5,2477.11,2948.94,471.8304,2477.1096000000002,2026,January,1,Q1,Friday,0.0003999999998995918
11471,2026-01-10,1967,Clothing,West,2,392.37,0.18,Wallet,1,3.1,643.49,784.74,141.2532,643.4868,2026,January,1,Q1,Saturday,0.003199999999992542
11472,2026-01-11,1553,Beauty,North,3,229.12,0.15,Wallet,3,4.9,584.26,687.36,103.104,584.256,2026,January,1,Q1,Sunday,0.004000000000019099
11473,2026-01-12,1447,Electronics,West,4,192.88,0.16,Wallet,11,3.0,648.08,771.52,123.4432,648.0767999999999,2026,January,1,Q1,Monday,0.003200000000106229
11474,2026-01-13,1499,Clothing,South,4,20.0,0.31,Wallet,6,4.1,55.2,80.0,24.8,55.2,2026,January,1,Q1,Tuesday,0.0
11475,2026-01-14,1014,Clothing,South,2,502.66,0.28,COD,11,4.0,723.83,1005.32,281.48960000000005,723.8304,2026,January,1,Q1,Wednesday,-0.0004000000000132786
11476,2026-01-15,1622,Clothing,East,2,66.15,0.04,COD,4,3.3,127.01,132.3,5.292000000000001,127.00800000000001,2026,January,1,Q1,Thursday,0.001999999999995339
11477,2026-01-16,1668,Clothing,East,7,383.99,0.21,Card,1,1.5,2123.46,2687.9300000000003,564.4653000000001,2123.4647000000004,2026,January,1,Q1,Friday,-0.004700000000411819
11478,2026-01-17,1288,Electronics,West,4,309.88,0.35,Card,6,1.9,805.69,1239.52,433.832,805.688,2026,January,1,Q1,Saturday,0.002000000000066393
11479,2026-01-18,1477,Clothing,East,2,323.11,0.21,Card,1,2.0,510.51,646.22,135.7062,510.51380000000006,2026,January,1,Q1,Sunday,-0.0038000000000693035
11480,2026-01-19,1230,Beauty,East,4,557.13,0.28,Card,8,1.2,1604.53,2228.52,623.9856000000001,1604.5344,2026,January,1,Q1,Monday,-0.004400000000032378
11481,2026-01-20,1922,Electronics,East,6,33.49,0.27,Card,3,2.5,146.69,200.94,54.253800000000005,146.68619999999999,2026,January,1,Q1,Tuesday,0.00380000000001246
11482,2026-01-21,1419,Beauty,East,7,467.43,0.12,Card,3,3.4,2879.37,3272.01,392.6412,2879.3688,2026,January,1,Q1,Wednesday,0.0011999999996987754
11483,2026-01-22,1156,Home,South,2,45.45,0.13,Wallet,1,1.6,79.08,90.9,11.817000000000002,79.083,2026,January,1,Q1,Thursday,-0.0030000000000001137
11484,2026-01-23,1549,Home,East,6,37.32,0.25,Wallet,3,1.7,167.94,223.92000000000002,55.980000000000004,167.94,2026,January,1,Q1,Friday,0.0
11485,2026-01-24,1440,Clothing,South,6,266.44,0.17,Card,7,3.8,1326.87,1598.6399999999999,271.7688,1326.8711999999998,2026,January,1,Q1,Saturday,-0.001199999999926149
11486,2026-01-25,1096,Home,South,2,51.9,0.2,Card,10,1.7,83.04,103.8,20.76,83.03999999999999,2026,January,1,Q1,Sunday,1.4210854715202004e-14
11487,2026-01-26,1996,Electronics,North,7,476.65,0.25,Wallet,8,1.5,2502.41,3336.5499999999997,834.1374999999999,2502.4125,2026,January,1,Q1,Monday,-0.0025000000000545697
11488,2026-01-27,1410,Home,South,4,324.79,0.27,Wallet,11,4.9,948.39,1299.16,350.77320000000003,948.3868,2026,January,1,Q1,Tuesday,0.003199999999992542
11489,2026-01-28,1950,Electronics,South,5,31.99,0.1,Wallet,8,1.1,143.95,159.95,15.995,143.95499999999998,2026,January,1,Q1,Wednesday,-0.0049999999999954525
11490,2026-01-29,1288,Beauty,East,4,38.69,0.05,Wallet,3,2.3,147.02,154.76,7.7379999999999995,147.022,2026,January,1,Q1,Thursday,-0.001999999999981128
11491,2026-01-30,1253,Beauty,South,1,373.41,0.1,Wallet,5,1.1,336.07,373.41,37.341,336.069,2026,January,1,Q1,Friday,0.0009999999999763531
11492,2026-01-31,1195,Electronics,West,2,486.58,0.18,Card,1,4.4,797.99,973.16,175.16879999999998,797.9911999999999,2026,January,1,Q1,Saturday,-0.001199999999926149
11493,2026-02-01,1597,Electronics,East,3,271.11,0.12,Card,9,3.3,715.73,813.33,97.5996,715.7304,2026,February,2,Q1,Sunday,-0.0004000000000132786
11494,2026-02-02,1833,Home,East,7,339.43,0.2,COD,8,1.2,1900.81,2376.01,475.20200000000006,1900.8080000000002,2026,February,2,Q1,Monday,0.0019999999997253326
11495,2026-02-03,1521,Electronics,East,2,482.9,0.02,Card,10,3.5,946.48,965.8,19.316,946.4839999999999,2026,February,2,Q1,Tuesday,-0.0039999999999054126
11496,2026-02-04,1516,Beauty,North,1,372.15,0.18,Wallet,2,1.5,305.16,372.15,66.987,305.163,2026,February,2,Q1,Wednesday,-0.002999999999985903
11497,2026-02-05,1634,Electronics,East,6,146.48,0.13,COD,10,3.0,764.63,878.8799999999999,114.25439999999999,764.6255999999998,2026,February,2,Q1,Thursday,0.004400000000146065
11498,2026-02-06,1841,Electronics,South,3,373.64,0.19,COD,1,3.7,907.95,1120.92,212.97480000000002,907.9452000000001,2026,February,2,Q1,Friday,0.00479999999993197
11499,2026-02-07,1864,Beauty,West,3,382.54,0.15,Card,4,1.6,975.48,1147.6200000000001,172.143,975.4770000000001,2026,February,2,Q1,Saturday,0.0029999999999290594
11500,2026-02-08,1117,Home,East,4,444.45,0.1,COD,9,3.0,1600.02,1777.8,177.78,1600.02,2026,February,2,Q1,Sunday,0.0
11501,2026-02-09,1805,Home,East,5,378.21,0.32,COD,8,2.8,1285.91,1891.05,605.136,1285.914,2026,February,2,Q1,Monday,-0.0039999999999054126
11502,2026-02-10,1908,Electronics,West,4,582.01,0.06,Wallet,3,4.7,2188.36,2328.04,139.6824,2188.3576,2026,February,2,Q1,Tuesday,0.0024000000003070454
11503,2026-02-11,1158,Home,East,7,130.41,0.24,Card,10,5.0,693.78,912.87,219.0888,693.7812,2026,February,2,Q1,Wednesday,-0.0012000000000398359
11504,2026-02-12,1814,Clothing,North,3,571.39,0.32,Wallet,6,3.6,1165.64,1714.17,548.5344,1165.6356,2026,February,2,Q1,Thursday,0.004400000000032378
11505,2026-02-13,1227,Clothing,South,3,329.93,0.19,Wallet,9,4.4,801.73,989.79,188.0601,801.7298999999999,2026,February,2,Q1,Friday,0.00010000000008858478
11506,2026-02-14,1876,Home,West,5,408.09,0.31,COD,10,3.6,1407.91,2040.4499999999998,632.5395,1407.9105,2026,February,2,Q1,Saturday,-0.0004999999998744897
11507,2026-02-15,1215,Clothing,West,7,73.19,0.04,COD,8,4.5,491.84,512.3299999999999,20.493199999999998,491.8367999999999,2026,February,2,Q1,Sunday,0.0032000000000493856
11508,2026-02-16,1947,Clothing,North,2,237.64,0.17,COD,10,2.7,394.48,475.28,80.7976,394.4824,2026,February,2,Q1,Monday,-0.002399999999965985
11509,2026-02-17,1695,Electronics,South,5,465.09,0.16,Card,5,3.4,1953.38,2325.45,372.072,1953.3779999999997,2026,February,2,Q1,Tuesday,0.0020000000004074536
11510,2026-02-18,1014,Home,North,6,428.54,0.0,Card,9,4.4,2571.24,2571.2400000000002,0.0,2571.2400000000002,2026,February,2,Q1,Wednesday,-4.547473508864641e-13
11511,2026-02-19,1156,Electronics,South,4,38.48,0.16,Wallet,9,4.7,129.29,153.92,24.6272,129.2928,2026,February,2,Q1,Thursday,-0.0028000000000076852
11512,2026-02-20,1647,Home,North,2,334.76,0.13,COD,3,1.1,582.48,669.52,87.0376,582.4824,2026,February,2,Q1,Friday,-0.002399999999965985
11513,2026-02-21,1260,Electronics,East,4,66.64,0.23,Card,8,1.4,205.25,266.56,61.308800000000005,205.25119999999998,2026,February,2,Q1,Saturday,-0.0011999999999829924
11514,2026-02-22,1156,Clothing,North,5,597.58,0.33,COD,4,4.7,2001.89,2987.9,986.0070000000001,2001.893,2026,February,2,Q1,Sunday,-0.0029999999999290594
11515,2026-02-23,1046,Home,West,2,539.92,0.03,Card,10,3.3,1047.44,1079.84,32.395199999999996,1047.4448,2026,February,2,Q1,Monday,-0.00479999999993197
11516,2026-02-24,1323,Electronics,West,5,27.33,0.11,Card,7,5.0,121.62,136.64999999999998,15.031499999999998,121.61849999999998,2026,February,2,Q1,Tuesday,0.0015000000000213731
11517,2026-02-25,1843,Electronics,West,6,517.31,0.16,COD,10,4.2,2607.24,3103.8599999999997,496.6176,2607.2423999999996,2026,February,2,Q1,Wednesday,-0.002399999999852298
11518,2026-02-26,1684,Electronics,North,1,552.87,0.16,Card,8,4.3,464.41,552.87,88.4592,464.4108,2026,February,2,Q1,Thursday,-0.0007999999999697138
11519,2026-02-27,1129,Clothing,West,3,221.83,0.27,Card,7,2.5,485.81,665.49,179.68230000000003,485.80769999999995,2026,February,2,Q1,Friday,0.0023000000000479304
11520,2026-02-28,1410,Home,West,7,435.91,0.16,COD,5,2.0,2563.15,3051.3700000000003,488.21920000000006,2563.1508000000003,2026,February,2,Q1,Saturday,-0.0008000000002539309
11521,2026-03-01,1094,Electronics,East,2,273.63,0.01,COD,11,3.4,541.79,547.26,5.4726,541.7873999999999,2026,March,3,Q1,Sunday,0.0026000000000294676
11522,2026-03-02,1626,Home,East,3,398.31,0.25,Card,1,4.5,896.2,1194.93,298.7325,896.1975,2026,March,3,Q1,Monday,0.0025000000000545697
11523,2026-03-03,1754,Electronics,South,1,214.09,0.31,Card,8,3.9,147.72,214.09,66.3679,147.7221,2026,March,3,Q1,Tuesday,-0.0021000000000128694
11524,2026-03-04,1931,Clothing,South,2,203.7,0.18,Card,5,2.9,334.07,407.4,73.332,334.068,2026,March,3,Q1,Wednesday,0.0020000000000095497
11525,2026-03-05,1291,Beauty,South,3,263.29,0.2,Card,3,4.0,631.9,789.8700000000001,157.97400000000005,631.8960000000001,2026,March,3,Q1,Thursday,0.0039999999999054126
11526,2026-03-06,1793,Electronics,North,3,100.16,0.06,Card,2,3.8,282.45,300.48,18.0288,282.45120000000003,2026,March,3,Q1,Friday,-0.0012000000000398359
11527,2026-03-07,1810,Clothing,South,2,501.22,0.08,Card,3,4.7,922.24,1002.44,80.1952,922.2448,2026,March,3,Q1,Saturday,-0.004800000000045657
11528,2026-03-08,1282,Electronics,North,3,218.99,0.08,Card,9,2.1,604.41,656.97,52.5576,604.4124,2026,March,3,Q1,Sunday,-0.0024000000000796717
11529,2026-03-09,1068,Electronics,North,3,249.09,0.15,Wallet,2,1.5,635.18,747.27,112.09049999999999,635.1795,2026,March,3,Q1,Monday,0.0004999999999881766
11530,2026-03-10,1659,Electronics,South,2,538.02,0.32,Card,10,2.9,731.71,1076.04,344.3328,731.7072,2026,March,3,Q1,Tuesday,0.0028000000000929504
11531,2026-03-11,1010,Electronics,South,7,305.52,0.18,Card,1,2.4,1753.68,2138.64,384.9552,1753.6848,2026,March,3,Q1,Wednesday,-0.00479999999993197
11532,2026-03-12,1253,Clothing,North,3,333.39,0.07,Card,2,4.9,930.16,1000.17,70.0119,930.1581,2026,March,3,Q1,Thursday,0.0018999999999778083
11533,2026-03-13,1841,Clothing,East,3,574.55,0.09,Card,2,1.0,1568.52,1723.6499999999999,155.12849999999997,1568.5214999999998,2026,March,3,Q1,Friday,-0.0014999999998508429
11534,2026-03-14,1871,Clothing,West,7,533.73,0.13,COD,11,4.7,3250.42,3736.11,485.69430000000006,3250.4157,2026,March,3,Q1,Saturday,0.00430000000005748
11535,2026-03-15,1549,Electronics,West,4,114.14,0.22,Card,5,4.8,356.12,456.56,100.4432,356.1168,2026,March,3,Q1,Sunday,0.003199999999992542
11536,2026-03-16,1133,Electronics,West,6,291.83,0.15,Card,1,1.2,1488.33,1750.98,262.647,1488.333,2026,March,3,Q1,Monday,-0.003000000000156433
11537,2026-03-17,1711,Home,East,4,583.21,0.14,Card,10,4.6,2006.24,2332.84,326.59760000000006,2006.2424,2026,March,3,Q1,Tuesday,-0.0024000000000796717
11538,2026-03-18,1022,Beauty,North,1,232.83,0.2,COD,8,2.9,186.26,232.83,46.566,186.264,2026,March,3,Q1,Wednesday,-0.004000000000019099
11539,2026-03-19,1814,Electronics,South,4,232.37,0.08,Card,2,4.1,855.12,929.48,74.3584,855.1216000000001,2026,March,3,Q1,Thursday,-0.0016000000000531145
11540,2026-03-20,1345,Beauty,North,4,129.09,0.03,COD,6,1.3,500.87,516.36,15.4908,500.86920000000003,2026,March,3,Q1,Friday,0.0007999999999697138
11541,2026-03-21,1301,Clothing,North,1,81.88,0.01,Card,5,4.8,81.06,81.88,0.8188,81.0612,2026,March,3,Q1,Saturday,-0.0011999999999972033
11542,2026-03-22,1362,Clothing,South,3,448.08,0.09,Card,2,3.4,1223.26,1344.24,120.9816,1223.2584,2026,March,3,Q1,Sunday,0.0016000000000531145
11543,2026-03-23,1395,Clothing,East,3,465.47,0.03,COD,10,4.6,1354.52,1396.41,41.8923,1354.5177,2026,March,3,Q1,Monday,0.0022999999998774
11544,2026-03-24,1217,Electronics,West,4,581.87,0.12,COD,1,3.7,2048.18,2327.48,279.2976,2048.1824,2026,March,3,Q1,Tuesday,-0.0024000000003070454
11545,2026-03-25,1140,Electronics,West,1,467.45,0.27,COD,6,3.1,341.24,467.45,126.2115,341.2385,2026,March,3,Q1,Wednesday,0.0015000000000213731
11546,2026-03-26,1615,Clothing,North,3,157.36,0.25,Card,6,1.7,354.06,472.08000000000004,118.02000000000001,354.06000000000006,2026,March,3,Q1,Thursday,-5.684341886080802e-14
11547,2026-03-27,1957,Electronics,East,5,38.47,0.21,COD,3,1.7,151.96,192.35,40.393499999999996,151.9565,2026,March,3,Q1,Friday,0.003500000000002501
11548,2026-03-28,1209,Beauty,West,2,591.48,0.3,Card,8,2.9,828.07,1182.96,354.888,828.0720000000001,2026,March,3,Q1,Saturday,-0.002000000000066393
11549,2026-03-29,1984,Clothing,East,2,214.16,0.1,COD,9,4.5,385.49,428.32,42.832,385.488,2026,March,3,Q1,Sunday,0.0020000000000095497
11550,2026-03-30,1992,Electronics,South,6,197.5,0.31,COD,3,1.5,817.65,1185.0,367.35,817.65,2026,March,3,Q1,Monday,0.0
11551,2026-03-31,1622,Home,North,2,544.98,0.14,Card,9,5.0,937.37,1089.96,152.5944,937.3656000000001,2026,March,3,Q1,Tuesday,0.004399999999918691
11552,2026-04-01,1615,Electronics,North,4,357.28,0.14,COD,8,4.5,1229.04,1429.12,200.0768,1229.0431999999998,2026,April,4,Q2,Wednesday,-0.0031999999998788553
11553,2026-04-02,1827,Clothing,East,2,140.7,0.14,COD,5,2.6,242.0,281.4,39.396,242.00399999999996,2026,April,4,Q2,Thursday,-0.003999999999962256
11554,2026-04-03,1682,Home,West,2,535.12,0.03,Card,6,2.0,1038.13,1070.24,32.1072,1038.1328,2026,April,4,Q2,Friday,-0.0027999999999792635
11555,2026-04-04,1459,Beauty,East,5,596.12,0.34,Wallet,1,4.7,1967.2,2980.6,1013.404,1967.196,2026,April,4,Q2,Saturday,0.004000000000132786
11556,2026-04-05,1355,Home,South,3,65.71,0.05,Wallet,5,1.5,187.27,197.13,9.8565,187.27349999999998,2026,April,4,Q2,Sunday,-0.0034999999999740794
11557,2026-04-06,1323,Home,West,5,519.42,0.12,Card,10,2.4,2285.45,2597.1,311.652,2285.448,2026,April,4,Q2,Monday,0.0019999999999527063
11558,2026-04-07,1132,Home,West,4,243.45,0.11,Wallet,10,1.3,866.68,973.8,107.118,866.682,2026,April,4,Q2,Tuesday,-0.002000000000066393
11559,2026-04-08,1887,Beauty,East,2,321.58,0.03,Card,7,4.8,623.87,643.16,19.2948,623.8652,2026,April,4,Q2,Wednesday,0.004800000000045657
11560,2026-04-09,1804,Electronics,South,7,550.17,0.05,COD,1,3.5,3658.63,3851.1899999999996,192.55949999999999,3658.6304999999998,2026,April,4,Q2,Thursday,-0.0004999999996471161
11561,2026-04-10,1839,Electronics,West,3,584.43,0.02,Wallet,10,2.3,1718.22,1753.29,35.0658,1718.2241999999999,2026,April,4,Q2,Friday,-0.0041999999998552084
11562,2026-04-11,1126,Electronics,North,6,168.37,0.1,COD,9,2.1,909.2,1010.22,101.022,909.198,2026,April,4,Q2,Saturday,0.002000000000066393
11563,2026-04-12,1105,Electronics,South,6,139.52,0.3,Card,7,2.8,585.98,837.1200000000001,251.13600000000002,585.9840000000002,2026,April,4,Q2,Sunday,-0.004000000000132786
11564,2026-04-13,1603,Home,West,2,62.1,0.12,Wallet,4,1.4,109.3,124.2,14.904,109.296,2026,April,4,Q2,Monday,0.003999999999990678
11565,2026-04-14,1798,Clothing,East,2,343.65,0.04,Card,11,4.6,659.81,687.3,27.491999999999997,659.808,2026,April,4,Q2,Tuesday,0.0019999999999527063
11566,2026-04-15,1377,Clothing,West,6,22.96,0.23,Card,4,3.0,106.08,137.76,31.6848,106.0752,2026,April,4,Q2,Wednesday,0.004800000000003024
11567,2026-04-16,1904,Electronics,North,6,255.96,0.35,Card,11,3.9,998.24,1535.76,537.516,998.244,2026,April,4,Q2,Thursday,-0.004000000000019099
11568,2026-04-17,1050,Home,South,7,57.93,0.08,Wallet,10,1.9,373.07,405.51,32.4408,373.06919999999997,2026,April,4,Q2,Friday,0.0008000000000265572
11569,2026-04-18,1028,Electronics,West,4,252.06,0.1,Wallet,7,3.0,907.42,1008.24,100.82400000000001,907.4159999999999,2026,April,4,Q2,Saturday,0.004000000000019099
11570,2026-04-19,1461,Home,North,2,38.36,0.34,Card,6,1.8,50.64,76.72,26.0848,50.6352,2026,April,4,Q2,Sunday,0.004800000000003024
11571,2026-04-20,1295,Clothing,West,6,503.6,0.06,Wallet,3,4.3,2840.3,3021.6000000000004,181.29600000000002,2840.3040000000005,2026,April,4,Q2,Monday,-0.00400000000036016
11572,2026-04-21,1296,Electronics,West,7,137.7,0.18,Card,9,4.1,790.4,963.8999999999999,173.50199999999998,790.3979999999999,2026,April,4,Q2,Tuesday,0.002000000000066393
11573,2026-04-22,1725,Electronics,South,1,207.06,0.08,Wallet,6,1.6,190.5,207.06,16.5648,190.4952,2026,April,4,Q2,Wednesday,0.004799999999988813
11574,2026-04-23,1778,Electronics,East,6,523.98,0.33,COD,11,1.3,2106.4,3143.88,1037.4804000000001,2106.3995999999997,2026,April,4,Q2,Thursday,0.00040000000035433914
11575,2026-04-24,1406,Home,East,3,451.57,0.34,Card,2,4.3,894.11,1354.71,460.60140000000007,894.1086,2026,April,4,Q2,Friday,0.0013999999999896318
11576,2026-04-25,1768,Beauty,North,3,143.14,0.29,Card,10,1.4,304.89,429.41999999999996,124.53179999999998,304.8882,2026,April,4,Q2,Saturday,0.0018000000000029104
11577,2026-04-26,1813,Clothing,North,1,57.06,0.11,Card,2,3.2,50.78,57.06,6.2766,50.7834,2026,April,4,Q2,Sunday,-0.0033999999999991815
11578,2026-04-27,1612,Electronics,North,4,433.67,0.14,Card,1,3.1,1491.82,1734.68,242.85520000000002,1491.8248,2026,April,4,Q2,Monday,-0.0048000000001593435
11579,2026-04-28,1404,Clothing,South,2,243.56,0.08,COD,11,1.8,448.15,487.12,38.9696,448.1504,2026,April,4,Q2,Tuesday,-0.0004000000000132786
11580,2026-04-29,1345,Home,East,2,463.16,0.31,Card,5,3.4,639.16,926.32,287.1592,639.1608000000001,2026,April,4,Q2,Wednesday,-0.0008000000001402441
11581,2026-04-30,1621,Home,North,6,275.5,0.32,Wallet,10,3.0,1124.04,1653.0,528.96,1124.04,2026,April,4,Q2,Thursday,0.0
11582,2026-05-01,1419,Electronics,North,3,217.41,0.15,COD,6,3.0,554.4,652.23,97.8345,554.3955,2026,May,5,Q2,Friday,0.004500000000007276
11583,2026-05-02,1181,Electronics,West,4,278.96,0.23,COD,3,2.4,859.2,1115.84,256.6432,859.1967999999999,2026,May,5,Q2,Saturday,0.003200000000106229
11584,2026-05-03,1982,Home,West,4,452.91,0.06,Card,4,4.4,1702.94,1811.64,108.6984,1702.9416,2026,May,5,Q2,Sunday,-0.0016000000000531145
11585,2026-05-04,1824,Clothing,North,4,542.8,0.15,Wallet,5,1.3,1845.52,2171.2,325.67999999999995,1845.52,2026,May,5,Q2,Monday,0.0
11586,2026-05-05,1000,Electronics,West,6,44.11,0.22,COD,4,2.8,206.43,264.65999999999997,58.225199999999994,206.43479999999997,2026,May,5,Q2,Tuesday,-0.0047999999999603915
11587,2026-05-06,1830,Electronics,West,2,321.61,0.13,Wallet,9,2.0,559.6,643.22,83.6186,559.6014,2026,May,5,Q2,Wednesday,-0.0013999999999896318
11588,2026-05-07,1949,Clothing,West,4,34.21,0.13,Wallet,3,4.4,119.05,136.84,17.7892,119.05080000000001,2026,May,5,Q2,Thursday,-0.0008000000000123464
11589,2026-05-08,1566,Beauty,South,6,289.02,0.0,Card,5,1.9,1734.12,1734.12,0.0,1734.12,2026,May,5,Q2,Friday,0.0
11590,2026-05-09,1370,Beauty,North,6,532.89,0.28,Card,7,4.1,2302.08,3197.34,895.2552000000002,2302.0848,2026,May,5,Q2,Saturday,-0.0048000000001593435
11591,2026-05-10,1935,Clothing,North,1,226.53,0.31,Wallet,7,3.4,156.31,226.53,70.2243,156.3057,2026,May,5,Q2,Sunday,0.004300000000000637
11592,2026-05-11,1910,Clothing,West,5,560.48,0.34,Wallet,6,4.5,1849.58,2802.4,952.8160000000001,1849.5839999999998,2026,May,5,Q2,Monday,-0.0039999999999054126
11593,2026-05-12,1660,Electronics,South,4,383.91,0.25,COD,9,3.4,1151.73,1535.64,383.91,1151.73,2026,May,5,Q2,Tuesday,0.0
11594,2026-05-13,1430,Clothing,West,5,561.48,0.19,Card,7,3.2,2273.99,2807.4,533.4060000000001,2273.994,2026,May,5,Q2,Wednesday,-0.00400000000036016
11595,2026-05-14,1968,Clothing,South,2,457.94,0.09,COD,11,4.2,833.45,915.88,82.4292,833.4508,2026,May,5,Q2,Thursday,-0.0007999999999128704
11596,2026-05-15,1308,Clothing,North,6,75.51,0.35,Card,4,3.2,294.49,453.06000000000006,158.571,294.48900000000003,2026,May,5,Q2,Friday,0.0009999999999763531
11597,2026-05-16,1136,Clothing,West,7,150.22,0.21,Card,11,4.4,830.72,1051.54,220.8234,830.7166,2026,May,5,Q2,Saturday,0.003400000000056025
11598,2026-05-17,1201,Electronics,North,4,245.59,0.24,COD,10,1.2,746.59,982.36,235.7664,746.5936,2026,May,5,Q2,Sunday,-0.0036000000000058208
11599,2026-05-18,1435,Electronics,South,7,114.51,0.24,Card,9,3.0,609.19,801.57,192.3768,609.1932,2026,May,5,Q2,Monday,-0.003199999999992542
11600,2026-05-19,1312,Electronics,East,3,304.52,0.3,COD,6,4.3,639.49,913.56,274.068,639.492,2026,May,5,Q2,Tuesday,-0.0019999999999527063
11601,2026-05-20,1116,Electronics,South,2,290.75,0.0,Wallet,1,4.4,581.5,581.5,0.0,581.5,2026,May,5,Q2,Wednesday,0.0
11602,2026-05-21,1665,Electronics,East,1,574.41,0.08,Wallet,9,4.3,528.46,574.41,45.952799999999996,528.4572,2026,May,5,Q2,Thursday,0.0028000000000929504
11603,2026-05-22,1936,Beauty,North,1,268.73,0.23,Wallet,11,3.4,206.92,268.73,61.807900000000004,206.9221,2026,May,5,Q2,Friday,-0.0021000000000128694
11604,2026-05-23,1802,Clothing,North,5,474.59,0.31,Wallet,7,5.0,1637.34,2372.95,735.6144999999999,1637.3355,2026,May,5,Q2,Saturday,0.004500000000007276
11605,2026-05-24,1574,Clothing,West,6,566.02,0.24,Card,6,1.7,2581.05,3396.12,815.0687999999999,2581.0512,2026,May,5,Q2,Sunday,-0.0011999999996987754
11606,2026-05-25,1243,Beauty,East,5,528.04,0.14,Wallet,6,1.7,2270.57,2640.2,369.628,2270.5719999999997,2026,May,5,Q2,Monday,-0.001999999999497959
11607,2026-05-26,1536,Beauty,South,3,137.07,0.13,Wallet,4,1.1,357.75,411.21,53.4573,357.7527,2026,May,5,Q2,Tuesday,-0.0027000000000043656
11608,2026-05-27,1601,Clothing,North,3,305.18,0.26,Wallet,4,5.0,677.5,915.54,238.0404,677.4996,2026,May,5,Q2,Wednesday,0.0004000000000132786
11609,2026-05-28,1074,Home,East,1,218.43,0.26,COD,11,2.4,161.64,218.43,56.7918,161.6382,2026,May,5,Q2,Thursday,0.0017999999999744887
11610,2026-05-29,1805,Electronics,South,7,248.92,0.21,Card,3,4.0,1376.53,1742.4399999999998,365.91239999999993,1376.5276,2026,May,5,Q2,Friday,0.0024000000000796717
11611,2026-05-30,1385,Electronics,East,4,226.07,0.1,Card,8,1.2,813.85,904.28,90.428,813.852,2026,May,5,Q2,Saturday,-0.0019999999999527063
11612,2026-05-31,1902,Clothing,South,1,498.42,0.32,Card,8,2.2,338.93,498.42,159.4944,338.92560000000003,2026,May,5,Q2,Sunday,0.004399999999975535
11613,2026-06-01,1209,Home,South,1,279.5,0.19,Wallet,2,3.5,226.4,279.5,53.105000000000004,226.39499999999998,2026,June,6,Q2,Monday,0.005000000000023874
11614,2026-06-02,1474,Home,South,7,321.36,0.28,COD,5,3.1,1619.65,2249.52,629.8656000000001,1619.6544,2026,June,6,Q2,Tuesday,-0.004399999999805004
11615,2026-06-03,1417,Electronics,South,7,589.73,0.08,Wallet,9,1.8,3797.86,4128.110000000001,330.2488000000001,3797.8612000000003,2026,June,6,Q2,Wednesday,-0.0012000000001535227
11616,2026-06-04,1346,Electronics,East,3,50.09,0.12,COD,9,2.8,132.24,150.27,18.0324,132.23760000000001,2026,June,6,Q2,Thursday,0.0023999999999944066
11617,2026-06-05,1528,Clothing,East,7,300.46,0.31,COD,7,1.4,1451.22,2103.22,651.9981999999999,1451.2217999999998,2026,June,6,Q2,Friday,-0.0017999999997755367
11618,2026-06-06,1639,Electronics,West,5,467.83,0.02,Card,4,3.2,2292.37,2339.15,46.783,2292.367,2026,June,6,Q2,Saturday,0.0029999999997016857
11619,2026-06-07,1938,Clothing,East,3,103.43,0.18,Card,4,1.4,254.44,310.29,55.8522,254.4378,2026,June,6,Q2,Sunday,0.0021999999999877673
11620,2026-06-08,1954,Home,East,7,372.75,0.17,Card,10,3.5,2165.68,2609.25,443.57250000000005,2165.6775,2026,June,6,Q2,Monday,0.0025000000000545697
11621,2026-06-09,1875,Home,West,6,155.09,0.26,COD,11,1.6,688.6,930.54,241.9404,688.5996,2026,June,6,Q2,Tuesday,0.0004000000000132786
11622,2026-06-10,1762,Home,East,3,522.43,0.1,Card,7,3.2,1410.56,1567.29,156.729,1410.561,2026,June,6,Q2,Wednesday,-0.0009999999999763531
11623,2026-06-11,1178,Beauty,South,3,206.35,0.08,COD,3,1.5,569.53,619.05,49.524,569.526,2026,June,6,Q2,Thursday,0.004000000000019099
11624,2026-06-12,1181,Clothing,North,1,207.5,0.32,Card,3,2.6,141.1,207.5,66.4,141.1,2026,June,6,Q2,Friday,0.0
11625,2026-06-13,1663,Home,North,4,364.94,0.2,Wallet,5,2.4,1167.81,1459.76,291.952,1167.808,2026,June,6,Q2,Saturday,0.0019999999999527063
11626,2026-06-14,1024,Clothing,West,1,122.38,0.04,Card,11,4.0,117.48,122.38,4.8952,117.48479999999999,2026,June,6,Q2,Sunday,-0.004799999999988813
11627,2026-06-15,1966,Electronics,East,2,181.66,0.07,COD,6,3.6,337.89,363.32,25.4324,337.8876,2026,June,6,Q2,Monday,0.002399999999965985
11628,2026-06-16,1179,Electronics,East,3,258.73,0.35,Card,8,4.7,504.52,776.19,271.6665,504.52350000000007,2026,June,6,Q2,Tuesday,-0.0035000000000877662
11629,2026-06-17,1709,Electronics,West,7,221.88,0.07,COD,1,4.7,1444.44,1553.1599999999999,108.7212,1444.4388,2026,June,6,Q2,Wednesday,0.0012000000001535227
11630,2026-06-18,1500,Clothing,North,7,322.05,0.21,Card,7,3.9,1780.94,2254.35,473.41349999999994,1780.9365,2026,June,6,Q2,Thursday,0.003500000000030923
11631,2026-06-19,1855,Clothing,South,7,365.79,0.15,COD,8,4.1,2176.45,2560.53,384.0795,2176.4505000000004,2026,June,6,Q2,Friday,-0.0005000000005566108
11632,2026-06-20,1160,Home,East,3,346.5,0.31,Wallet,5,3.5,717.26,1039.5,322.245,717.255,2026,June,6,Q2,Saturday,0.0049999999999954525
11633,2026-06-21,1176,Electronics,West,7,397.69,0.26,Card,10,3.8,2060.03,2783.83,723.7958,2060.0342,2026,June,6,Q2,Sunday,-0.0041999999998552084
11634,2026-06-22,1284,Electronics,South,2,195.03,0.21,Card,2,3.5,308.15,390.06,81.9126,308.1474,2026,June,6,Q2,Monday,0.002599999999972624
11635,2026-06-23,1062,Beauty,West,3,88.96,0.0,COD,4,2.2,266.88,266.88,0.0,266.88,2026,June,6,Q2,Tuesday,0.0
11636,2026-06-24,1661,Electronics,West,7,460.07,0.31,COD,6,2.4,2222.14,3220.49,998.3518999999999,2222.1381,2026,June,6,Q2,Wednesday,0.0018999999997504347
11637,2026-06-25,1665,Clothing,West,3,512.71,0.16,Card,9,3.3,1292.03,1538.13,246.10080000000002,1292.0292000000002,2026,June,6,Q2,Thursday,0.0007999999997991836
11638,2026-06-26,1155,Clothing,North,6,165.35,0.33,COD,2,3.9,664.71,992.0999999999999,327.393,664.7069999999999,2026,June,6,Q2,Friday,0.003000000000156433
11639,2026-06-27,1881,Clothing,North,3,253.15,0.17,Card,4,2.6,630.34,759.45,129.1065,630.3435000000001,2026,June,6,Q2,Saturday,-0.003500000000030923
11640,2026-06-28,1468,Electronics,West,2,306.66,0.24,Card,10,1.6,466.12,613.32,147.1968,466.12320000000005,2026,June,6,Q2,Sunday,-0.0032000000000493856
11641,2026-06-29,1048,Electronics,East,1,327.0,0.02,Card,5,2.8,320.46,327.0,6.54,320.46,2026,June,6,Q2,Monday,0.0
11642,2026-06-30,1966,Electronics,South,3,400.8,0.26,Wallet,8,4.9,889.78,1202.4,312.624,889.7760000000001,2026,June,6,Q2,Tuesday,0.0039999999999054126
11643,2026-07-01,1848,Clothing,East,4,39.34,0.12,COD,8,1.9,138.48,157.36,18.883200000000002,138.47680000000003,2026,July,7,Q3,Wednesday,0.0031999999999641204
11644,2026-07-02,1083,Clothing,North,2,437.06,0.12,COD,2,3.6,769.23,874.12,104.89439999999999,769.2256,2026,July,7,Q3,Thursday,0.004400000000032378
11645,2026-07-03,1360,Electronics,South,5,51.25,0.04,Wallet,6,4.9,246.0,256.25,10.25,246.0,2026,July,7,Q3,Friday,0.0
11646,2026-07-04,1688,Clothing,West,6,288.95,0.05,Card,6,2.5,1647.01,1733.6999999999998,86.685,1647.0149999999999,2026,July,7,Q3,Saturday,-0.004999999999881766
11647,2026-07-05,1147,Home,East,2,499.19,0.07,COD,5,4.6,928.49,998.38,69.8866,928.4934,2026,July,7,Q3,Sunday,-0.003399999999942338
11648,2026-07-06,1629,Electronics,East,1,278.96,0.11,Wallet,8,4.5,248.27,278.96,30.685599999999997,248.27439999999999,2026,July,7,Q3,Monday,-0.004399999999975535
11649,2026-07-07,1341,Clothing,West,7,102.22,0.31,Card,10,2.4,493.72,715.54,221.8174,493.72259999999994,2026,July,7,Q3,Tuesday,-0.002599999999915781
11650,2026-07-08,1475,Home,East,7,591.24,0.13,Card,2,1.4,3600.65,4138.68,538.0284,3600.6516,2026,July,7,Q3,Wednesday,-0.0016000000000531145
11651,2026-07-09,1062,Electronics,North,2,535.23,0.25,Wallet,2,1.7,802.84,1070.46,267.615,802.845,2026,July,7,Q3,Thursday,-0.0049999999999954525
11652,2026-07-10,1700,Electronics,West,5,466.22,0.03,Wallet,7,2.5,2261.17,2331.1000000000004,69.933,2261.1670000000004,2026,July,7,Q3,Friday,0.0029999999997016857
11653,2026-07-11,1359,Clothing,East,7,255.73,0.21,Card,9,4.8,1414.19,1790.11,375.9231,1414.1869,2026,July,7,Q3,Saturday,0.003100000000131331
11654,2026-07-12,1560,Beauty,West,6,122.55,0.17,Card,3,2.1,610.3,735.3,125.001,610.299,2026,July,7,Q3,Sunday,0.0009999999999763531
11655,2026-07-13,1326,Home,South,4,565.73,0.34,Card,7,4.7,1493.53,2262.92,769.3928000000001,1493.5272,2026,July,7,Q3,Monday,0.0027999999999792635
11656,2026-07-14,1768,Clothing,West,5,326.43,0.3,Card,3,1.7,1142.5,1632.15,489.645,1142.505,2026,July,7,Q3,Tuesday,-0.005000000000109139
11657,2026-07-15,1735,Home,East,2,513.63,0.16,Card,6,4.9,862.9,1027.26,164.3616,862.8984,2026,July,7,Q3,Wednesday,0.0015999999999394277
11658,2026-07-16,1140,Clothing,North,5,215.13,0.27,COD,3,2.2,785.22,1075.65,290.42550000000006,785.2245,2026,July,7,Q3,Thursday,-0.004500000000007276
11659,2026-07-17,1989,Clothing,West,7,211.14,0.07,Wallet,1,3.5,1374.52,1477.98,103.4586,1374.5214,2026,July,7,Q3,Friday,-0.0014000000001033186
11660,2026-07-18,1214,Clothing,West,7,591.54,0.2,Card,6,1.3,3312.62,4140.78,828.156,3312.624,2026,July,7,Q3,Saturday,-0.0039999999999054126
11661,2026-07-19,1434,Electronics,East,2,320.27,0.03,Wallet,11,2.2,621.32,640.54,19.216199999999997,621.3238,2026,July,7,Q3,Sunday,-0.0037999999999556167
11662,2026-07-20,1890,Home,North,7,97.31,0.12,Card,3,1.8,599.43,681.1700000000001,81.74040000000001,599.4296,2026,July,7,Q3,Monday,0.0003999999998995918
11663,2026-07-21,1951,Clothing,North,7,143.51,0.08,Card,1,1.0,924.2,1004.5699999999999,80.3656,924.2044,2026,July,7,Q3,Tuesday,-0.004399999999918691
11664,2026-07-22,1722,Clothing,South,4,296.94,0.25,COD,5,1.6,890.82,1187.76,296.94,890.8199999999999,2026,July,7,Q3,Wednesday,1.1368683772161603e-13
11665,2026-07-23,1317,Beauty,South,4,39.85,0.17,Card,8,3.4,132.3,159.4,27.098000000000003,132.302,2026,July,7,Q3,Thursday,-0.001999999999981128
11666,2026-07-24,1031,Electronics,East,1,285.58,0.26,Card,8,2.6,211.33,285.58,74.2508,211.3292,2026,July,7,Q3,Friday,0.0008000000000265572
11667,2026-07-25,1669,Electronics,North,4,260.08,0.18,Wallet,8,3.9,853.06,1040.32,187.25759999999997,853.0624,2026,July,7,Q3,Saturday,-0.0024000000000796717
11668,2026-07-26,1284,Electronics,North,3,470.91,0.03,Card,3,3.7,1370.35,1412.73,42.3819,1370.3481,2026,July,7,Q3,Sunday,0.0018999999999778083
11669,2026-07-27,1304,Home,South,5,222.64,0.26,COD,8,4.2,823.77,1113.1999999999998,289.43199999999996,823.7679999999998,2026,July,7,Q3,Monday,0.00200000000018008
11670,2026-07-28,1428,Home,South,5,589.79,0.29,Card,4,4.5,2093.75,2948.95,855.1954999999999,2093.7545,2026,July,7,Q3,Tuesday,-0.004500000000007276
11671,2026-07-29,1476,Electronics,East,2,120.75,0.32,Card,8,4.3,164.22,241.5,77.28,164.22,2026,July,7,Q3,Wednesday,0.0
11672,2026-07-30,1285,Home,North,4,360.73,0.2,COD,3,2.8,1154.34,1442.92,288.584,1154.336,2026,July,7,Q3,Thursday,0.0039999999999054126
11673,2026-07-31,1143,Clothing,West,1,67.47,0.26,Wallet,3,2.2,49.93,67.47,17.5422,49.9278,2026,July,7,Q3,Friday,0.002200000000001978
11674,2026-08-01,1423,Home,South,7,444.31,0.26,Card,1,3.0,2301.53,3110.17,808.6442000000001,2301.5258,2026,August,8,Q3,Saturday,0.004200000000309956
11675,2026-08-02,1018,Clothing,East,1,596.93,0.05,COD,8,3.1,567.08,596.93,29.8465,567.0835,2026,August,8,Q3,Sunday,-0.003499999999917236
11676,2026-08-03,1017,Clothing,North,1,494.2,0.06,Wallet,8,2.3,464.55,494.2,29.651999999999997,464.548,2026,August,8,Q3,Monday,0.0020000000000095497
11677,2026-08-04,1768,Beauty,North,6,340.09,0.02,COD,9,3.2,1999.73,2040.54,40.8108,1999.7292,2026,August,8,Q3,Tuesday,0.0008000000000265572
11678,2026-08-05,1589,Electronics,South,7,298.57,0.11,Card,6,1.4,1860.09,2089.99,229.89889999999997,1860.0910999999999,2026,August,8,Q3,Wednesday,-0.001099999999951251
11679,2026-08-06,1370,Electronics,East,3,503.49,0.17,COD,2,1.9,1253.69,1510.47,256.7799,1253.6901,2026,August,8,Q3,Thursday,-9.999999997489795e-05
11680,2026-08-07,1174,Clothing,West,4,562.54,0.35,COD,1,4.0,1462.6,2250.16,787.5559999999999,1462.6039999999998,2026,August,8,Q3,Friday,-0.0039999999999054126
11681,2026-08-08,1193,Beauty,South,7,593.69,0.15,COD,8,1.7,3532.46,4155.83,623.3745,3532.4555,2026,August,8,Q3,Saturday,0.004500000000007276
11682,2026-08-09,1501,Clothing,East,1,246.98,0.25,COD,10,1.6,185.24,246.98,61.745,185.23499999999999,2026,August,8,Q3,Sunday,0.005000000000023874
11683,2026-08-10,1987,Electronics,North,7,594.69,0.24,Card,4,2.1,3163.75,4162.83,999.0791999999999,3163.7508,2026,August,8,Q3,Monday,-0.0007999999997991836
11684,2026-08-11,1112,Electronics,West,3,106.22,0.07,COD,11,2.5,296.35,318.65999999999997,22.3062,296.3538,2026,August,8,Q3,Tuesday,-0.0037999999999556167
11685,2026-08-12,1113,Clothing,East,5,163.33,0.02,COD,11,2.3,800.32,816.6500000000001,16.333000000000002,800.3170000000001,2026,August,8,Q3,Wednesday,0.0029999999999290594
11686,2026-08-13,1221,Electronics,West,2,67.07,0.19,COD,7,2.5,108.65,134.14,25.4866,108.65339999999999,2026,August,8,Q3,Thursday,-0.0033999999999849706
11687,2026-08-14,1677,Home,East,4,173.97,0.25,Wallet,10,1.6,521.91,695.88,173.97,521.91,2026,August,8,Q3,Friday,0.0
11688,2026-08-15,1946,Beauty,East,4,464.24,0.35,Wallet,4,1.7,1207.02,1856.96,649.9359999999999,1207.0240000000001,2026,August,8,Q3,Saturday,-0.004000000000132786
11689,2026-08-16,1830,Clothing,East,6,513.96,0.13,COD,1,1.9,2682.87,3083.76,400.88880000000006,2682.8712,2026,August,8,Q3,Sunday,-0.0012000000001535227
11690,2026-08-17,1643,Clothing,East,5,470.65,0.31,COD,8,2.6,1623.74,2353.25,729.5075,1623.7424999999998,2026,August,8,Q3,Monday,-0.002499999999827196
11691,2026-08-18,1896,Clothing,West,4,384.17,0.13,COD,10,2.3,1336.91,1536.68,199.7684,1336.9116000000001,2026,August,8,Q3,Tuesday,-0.0016000000000531145
11692,2026-08-19,1263,Electronics,South,6,315.67,0.24,COD,9,4.2,1439.46,1894.02,454.5648,1439.4551999999999,2026,August,8,Q3,Wednesday,0.0048000000001593435
11693,2026-08-20,1924,Beauty,West,6,429.59,0.21,Wallet,10,3.1,2036.26,2577.54,541.2834,2036.2566,2026,August,8,Q3,Thursday,0.003400000000056025
11694,2026-08-21,1054,Clothing,East,6,243.64,0.02,COD,9,3.3,1432.6,1461.84,29.2368,1432.6032,2026,August,8,Q3,Friday,-0.003200000000106229
11695,2026-08-22,1870,Clothing,West,4,507.17,0.03,Card,9,3.2,1967.82,2028.68,60.8604,1967.8196,2026,August,8,Q3,Saturday,0.0003999999998995918
11696,2026-08-23,1642,Home,West,4,411.16,0.01,COD,11,2.6,1628.19,1644.64,16.4464,1628.1936,2026,August,8,Q3,Sunday,-0.0036000000000058208
11697,2026-08-24,1799,Clothing,West,4,423.22,0.13,COD,11,4.9,1472.81,1692.88,220.07440000000003,1472.8056000000001,2026,August,8,Q3,Monday,0.004399999999805004
11698,2026-08-25,1777,Clothing,East,3,328.52,0.26,COD,4,1.1,729.31,985.56,256.24559999999997,729.3144,2026,August,8,Q3,Tuesday,-0.004400000000032378
11699,2026-08-26,1457,Electronics,West,6,532.86,0.06,COD,9,1.9,3005.33,3197.16,191.82959999999997,3005.3304,2026,August,8,Q3,Wednesday,-0.0003999999998995918
11700,2026-08-27,1978,Home,North,3,162.43,0.21,Card,11,2.1,384.96,487.29,102.3309,384.95910000000003,2026,August,8,Q3,Thursday,0.0008999999999446118
11701,2026-08-28,1877,Beauty,East,2,237.97,0.1,Card,4,4.5,428.35,475.94,47.594,428.346,2026,August,8,Q3,Friday,0.004000000000019099
11702,2026-08-29,1161,Clothing,West,4,469.92,0.28,Card,2,4.7,1353.37,1879.68,526.3104000000001,1353.3696,2026,August,8,Q3,Saturday,0.0003999999998995918
11703,2026-08-30,1379,Beauty,North,7,303.26,0.28,Card,10,4.4,1528.43,2122.8199999999997,594.3896,1528.4303999999997,2026,August,8,Q3,Sunday,-0.0003999999996722181
11704,2026-08-31,1992,Electronics,West,5,535.19,0.27,Card,3,2.7,1953.44,2675.9500000000003,722.5065000000001,1953.4435000000003,2026,August,8,Q3,Monday,-0.0035000000002582965
11705,2026-09-01,1086,Clothing,South,1,217.64,0.18,Wallet,2,4.7,178.46,217.64,39.1752,178.4648,2026,September,9,Q3,Tuesday,-0.004799999999988813
11706,2026-09-02,1054,Clothing,West,2,231.06,0.1,Card,1,1.4,415.91,462.12,46.212,415.908,2026,September,9,Q3,Wednesday,0.0020000000000095497
11707,2026-09-03,1475,Clothing,West,7,534.91,0.28,Wallet,11,3.6,2695.95,3744.37,1048.4236,2695.9464,2026,September,9,Q3,Thursday,0.0036000000000058208
11708,2026-09-04,1799,Clothing,South,1,286.66,0.07,Card,6,4.7,266.59,286.66,20.066200000000002,266.59380000000004,2026,September,9,Q3,Friday,-0.0038000000000693035
11709,2026-09-05,1177,Electronics,East,1,316.93,0.1,Card,4,4.0,285.24,316.93,31.693,285.237,2026,September,9,Q3,Saturday,0.002999999999985903
11710,2026-09-06,1390,Electronics,South,4,209.67,0.06,COD,7,2.1,788.36,838.68,50.3208,788.3592,2026,September,9,Q3,Sunday,0.0008000000000265572
11711,2026-09-07,1348,Clothing,East,5,176.85,0.24,Card,7,3.9,672.03,884.25,212.22,672.03,2026,September,9,Q3,Monday,0.0
11712,2026-09-08,1007,Electronics,South,1,398.73,0.24,Wallet,10,2.2,303.03,398.73,95.6952,303.0348,2026,September,9,Q3,Tuesday,-0.004800000000045657
11713,2026-09-09,1832,Home,West,6,85.11,0.23,Card,1,1.4,393.21,510.65999999999997,117.45179999999999,393.2082,2026,September,9,Q3,Wednesday,0.0018000000000029104
11714,2026-09-10,1312,Electronics,West,7,529.37,0.15,Card,9,3.9,3149.75,3705.59,555.8385,3149.7515000000003,2026,September,9,Q3,Thursday,-0.0015000000003055902
11715,2026-09-11,1758,Electronics,East,1,470.83,0.04,Wallet,8,1.7,452.0,470.83,18.8332,451.9968,2026,September,9,Q3,Friday,0.003199999999992542
11716,2026-09-12,1834,Clothing,East,2,126.59,0.32,Card,10,1.4,172.16,253.18,81.0176,172.1624,2026,September,9,Q3,Saturday,-0.0023999999999944066
11717,2026-09-13,1983,Clothing,North,5,421.0,0.18,Card,1,3.2,1726.1,2105.0,378.9,1726.1,2026,September,9,Q3,Sunday,0.0
11718,2026-09-14,1982,Beauty,North,5,367.54,0.14,Card,8,3.5,1580.42,1837.7,257.278,1580.422,2026,September,9,Q3,Monday,-0.0019999999999527063
11719,2026-09-15,1442,Clothing,West,1,122.95,0.21,COD,5,1.2,97.13,122.95,25.819499999999998,97.13050000000001,2026,September,9,Q3,Tuesday,-0.0005000000000165983
11720,2026-09-16,1766,Electronics,West,5,174.82,0.07,Card,1,1.0,812.91,874.0999999999999,61.187,812.9129999999999,2026,September,9,Q3,Wednesday,-0.0029999999999290594
11721,2026-09-17,1327,Home,North,2,254.26,0.05,COD,4,4.5,483.09,508.52,25.426000000000002,483.094,2026,September,9,Q3,Thursday,-0.004000000000019099
11722,2026-09-18,1053,Clothing,North,7,424.06,0.14,Wallet,7,1.5,2552.84,2968.42,415.57880000000006,2552.8412,2026,September,9,Q3,Friday,-0.0011999999996987754
11723,2026-09-19,1760,Electronics,East,2,388.65,0.08,Wallet,5,3.3,715.12,777.3,62.184,715.116,2026,September,9,Q3,Saturday,0.004000000000019099
11724,2026-09-20,1238,Clothing,South,2,326.36,0.09,Card,11,4.8,593.98,652.72,58.7448,593.9752000000001,2026,September,9,Q3,Sunday,0.00479999999993197
11725,2026-09-21,1228,Beauty,East,6,464.52,0.31,Card,3,3.0,1923.11,2787.12,864.0072,1923.1127999999999,2026,September,9,Q3,Monday,-0.0027999999999792635
11726,2026-09-22,1578,Clothing,North,4,458.39,0.19,Card,11,1.6,1485.18,1833.56,348.3764,1485.1835999999998,2026,September,9,Q3,Tuesday,-0.003599999999778447
11727,2026-09-23,1050,Electronics,West,1,376.45,0.17,COD,4,2.6,312.45,376.45,63.996500000000005,312.45349999999996,2026,September,9,Q3,Wednesday,-0.0034999999999740794
11728,2026-09-24,1608,Electronics,North,7,475.39,0.24,Card,2,3.5,2529.07,3327.73,798.6551999999999,2529.0748000000003,2026,September,9,Q3,Thursday,-0.0048000000001593435
11729,2026-09-25,1603,Electronics,West,5,210.54,0.33,Wallet,8,4.1,705.31,1052.7,347.391,705.309,2026,September,9,Q3,Friday,0.0009999999999763531
11730,2026-09-26,1263,Clothing,West,2,530.53,0.04,COD,2,3.4,1018.62,1061.06,42.4424,1018.6175999999999,2026,September,9,Q3,Saturday,0.0024000000000796717
11731,2026-09-27,1417,Clothing,West,1,374.72,0.29,Card,11,1.1,266.05,374.72,108.6688,266.0512,2026,September,9,Q3,Sunday,-0.0011999999999829924
11732,2026-09-28,1802,Electronics,West,7,496.08,0.2,COD,6,1.6,2778.05,3472.56,694.5120000000001,2778.048,2026,September,9,Q3,Monday,0.0020000000004074536
11733,2026-09-29,1095,Beauty,South,7,334.57,0.05,Card,7,2.5,2224.89,2341.99,117.09949999999999,2224.8905,2026,September,9,Q3,Tuesday,-0.0005000000001018634
11734,2026-09-30,1087,Home,North,1,142.79,0.1,Card,7,3.8,128.51,142.79,14.279,128.511,2026,September,9,Q3,Wednesday,-0.0010000000000047748
11735,2026-10-01,1077,Clothing,East,4,332.31,0.17,Card,1,3.3,1103.27,1329.24,225.97080000000003,1103.2692,2026,October,10,Q4,Thursday,0.0008000000000265572
11736,2026-10-02,1287,Home,West,6,232.1,0.24,Card,8,1.2,1058.38,1392.6,334.224,1058.376,2026,October,10,Q4,Friday,0.004000000000132786
11737,2026-10-03,1119,Electronics,West,5,423.04,0.08,COD,9,4.2,1945.98,2115.2000000000003,169.21600000000004,1945.9840000000002,2026,October,10,Q4,Saturday,-0.004000000000132786
11738,2026-10-04,1813,Clothing,East,6,293.34,0.19,COD,7,3.4,1425.63,1760.04,334.4076,1425.6324,2026,October,10,Q4,Sunday,-0.002399999999852298
11739,2026-10-05,1490,Clothing,East,7,504.13,0.24,Card,8,4.5,2681.97,3528.91,846.9383999999999,2681.9716,2026,October,10,Q4,Monday,-0.0016000000000531145
11740,2026-10-06,1911,Home,West,5,411.67,0.16,Wallet,4,2.7,1729.01,2058.35,329.336,1729.014,2026,October,10,Q4,Tuesday,-0.0039999999999054126
11741,2026-10-07,1451,Home,East,7,415.46,0.3,Card,8,3.0,2035.75,2908.22,872.4659999999999,2035.754,2026,October,10,Q4,Wednesday,-0.0039999999999054126
11742,2026-10-08,1499,Electronics,East,2,142.04,0.3,Card,3,2.6,198.86,284.08,85.22399999999999,198.856,2026,October,10,Q4,Thursday,0.004000000000019099
11743,2026-10-09,1164,Beauty,South,2,590.79,0.16,Card,1,3.9,992.53,1181.58,189.0528,992.5272,2026,October,10,Q4,Friday,0.0027999999999792635
11744,2026-10-10,1181,Electronics,East,1,507.38,0.34,COD,8,4.0,334.87,507.38,172.50920000000002,334.8708,2026,October,10,Q4,Saturday,-0.0007999999999697138
11745,2026-10-11,1468,Beauty,North,5,476.57,0.03,Wallet,11,3.9,2311.36,2382.85,71.48549999999999,2311.3645,2026,October,10,Q4,Sunday,-0.004500000000007276
11746,2026-10-12,1909,Beauty,North,5,208.18,0.0,COD,6,2.2,1040.9,1040.9,0.0,1040.9,2026,October,10,Q4,Monday,0.0
11747,2026-10-13,1734,Electronics,North,7,328.34,0.13,Wallet,9,3.5,1999.59,2298.3799999999997,298.78939999999994,1999.5905999999998,2026,October,10,Q4,Tuesday,-0.0005999999998493877
11748,2026-10-14,1822,Home,West,6,95.21,0.21,Card,3,2.4,451.3,571.26,119.96459999999999,451.2954,2026,October,10,Q4,Wednesday,0.004600000000039017
11749,2026-10-15,1943,Electronics,North,2,330.01,0.22,Card,8,4.3,514.82,660.02,145.2044,514.8156,2026,October,10,Q4,Thursday,0.004400000000032378
11750,2026-10-16,1977,Clothing,South,3,100.35,0.17,COD,9,1.2,249.87,301.04999999999995,51.17849999999999,249.87149999999997,2026,October,10,Q4,Friday,-0.0014999999999645297
11751,2026-10-17,1006,Clothing,North,1,338.53,0.04,COD,9,1.2,324.99,338.53,13.5412,324.98879999999997,2026,October,10,Q4,Saturday,0.0012000000000398359
11752,2026-10-18,1329,Clothing,West,5,394.5,0.06,Card,7,1.4,1854.15,1972.5,118.35,1854.15,2026,October,10,Q4,Sunday,0.0
11753,2026-10-19,1774,Beauty,South,4,243.26,0.3,Wallet,11,1.8,681.13,973.04,291.912,681.1279999999999,2026,October,10,Q4,Monday,0.002000000000066393
11754,2026-10-20,1672,Home,North,4,306.65,0.3,Card,10,1.2,858.62,1226.6,367.97999999999996,858.6199999999999,2026,October,10,Q4,Tuesday,1.1368683772161603e-13
11755,2026-10-21,1150,Clothing,South,3,527.26,0.24,Card,3,1.3,1202.15,1581.78,379.62719999999996,1202.1528,2026,October,10,Q4,Wednesday,-0.0027999999999792635
11756,2026-10-22,1084,Home,South,2,78.51,0.23,COD,3,2.2,120.91,157.02,36.1146,120.90540000000001,2026,October,10,Q4,Thursday,0.004599999999982174
11757,2026-10-23,1146,Beauty,West,2,478.16,0.21,COD,2,1.4,755.49,956.32,200.8272,755.4928,2026,October,10,Q4,Friday,-0.0027999999999792635
11758,2026-10-24,1623,Electronics,West,2,114.89,0.07,Card,1,4.2,213.7,229.78,16.084600000000002,213.6954,2026,October,10,Q4,Saturday,0.004599999999982174
11759,2026-10-25,1380,Beauty,South,6,36.47,0.15,Card,2,1.2,186.0,218.82,32.823,185.99699999999999,2026,October,10,Q4,Sunday,0.0030000000000143245
11760,2026-10-26,1914,Electronics,North,7,123.56,0.24,COD,5,4.6,657.34,864.9200000000001,207.5808,657.3392000000001,2026,October,10,Q4,Monday,0.0007999999999128704
11761,2026-10-27,1547,Home,West,4,462.55,0.19,COD,1,4.5,1498.66,1850.2,351.538,1498.662,2026,October,10,Q4,Tuesday,-0.0019999999999527063
11762,2026-10-28,1284,Electronics,South,2,252.0,0.01,COD,10,1.8,498.96,504.0,5.04,498.96,2026,October,10,Q4,Wednesday,0.0
11763,2026-10-29,1699,Electronics,East,4,525.42,0.33,COD,4,1.3,1408.13,2101.68,693.5544,1408.1255999999998,2026,October,10,Q4,Thursday,0.004400000000259752
11764,2026-10-30,1081,Clothing,East,3,321.95,0.3,Card,11,1.4,676.09,965.8499999999999,289.75499999999994,676.095,2026,October,10,Q4,Friday,-0.0049999999999954525
11765,2026-10-31,1513,Clothing,West,1,28.02,0.09,Wallet,10,3.2,25.5,28.02,2.5218,25.4982,2026,October,10,Q4,Saturday,0.0017999999999993577
11766,2026-11-01,1896,Clothing,North,7,434.28,0.22,Wallet,10,3.4,2371.17,3039.96,668.7912,2371.1688,2026,November,11,Q4,Sunday,0.0012000000001535227
11767,2026-11-02,1814,Electronics,East,6,79.49,0.32,Card,1,2.3,324.32,476.93999999999994,152.62079999999997,324.31919999999997,2026,November,11,Q4,Monday,0.0008000000000265572
11768,2026-11-03,1708,Clothing,East,5,476.79,0.03,Card,10,2.2,2312.43,2383.9500000000003,71.5185,2312.4315,2026,November,11,Q4,Tuesday,-0.0015000000003055902
11769,2026-11-04,1915,Beauty,East,3,113.34,0.18,Card,8,3.1,278.82,340.02,61.203599999999994,278.8164,2026,November,11,Q4,Wednesday,0.0036000000000058208
11770,2026-11-05,1522,Clothing,North,7,217.09,0.16,COD,5,2.2,1276.49,1519.63,243.1408,1276.4892,2026,November,11,Q4,Thursday,0.0008000000000265572
11771,2026-11-06,1745,Electronics,North,4,460.34,0.14,Wallet,10,4.7,1583.57,1841.36,257.79040000000003,1583.5695999999998,2026,November,11,Q4,Friday,0.00040000000012696546
11772,2026-11-07,1385,Clothing,West,3,573.23,0.29,COD,4,2.5,1220.98,1719.69,498.71009999999995,1220.9799,2026,November,11,Q4,Saturday,9.999999997489795e-05
11773,2026-11-08,1706,Electronics,West,5,232.29,0.13,Wallet,3,1.9,1010.46,1161.45,150.98850000000002,1010.4615,2026,November,11,Q4,Sunday,-0.0014999999999645297
11774,2026-11-09,1470,Home,East,7,500.2,0.02,Card,9,1.6,3431.37,3501.4,70.028,3431.3720000000003,2026,November,11,Q4,Monday,-0.0020000000004074536
11775,2026-11-10,1118,Home,North,6,126.61,0.02,COD,6,3.5,744.47,759.66,15.1932,744.4667999999999,2026,November,11,Q4,Tuesday,0.003200000000106229
11776,2026-11-11,1395,Clothing,South,1,487.2,0.01,Card,1,2.3,482.33,487.2,4.872,482.328,2026,November,11,Q4,Wednesday,0.0020000000000095497
11777,2026-11-12,1531,Clothing,East,5,399.63,0.14,Card,8,1.8,1718.41,1998.15,279.74100000000004,1718.409,2026,November,11,Q4,Thursday,0.0009999999999763531
11778,2026-11-13,1260,Home,West,7,127.75,0.25,COD,10,2.1,670.69,894.25,223.5625,670.6875,2026,November,11,Q4,Friday,0.0025000000000545697
11779,2026-11-14,1804,Clothing,North,6,191.96,0.07,Card,2,2.2,1071.14,1151.76,80.62320000000001,1071.1368,2026,November,11,Q4,Saturday,0.003200000000106229
11780,2026-11-15,1933,Home,West,4,92.09,0.23,COD,9,3.5,283.64,368.36,84.7228,283.6372,2026,November,11,Q4,Sunday,0.0027999999999792635
11781,2026-11-16,1255,Clothing,West,5,239.04,0.24,COD,11,1.7,908.35,1195.2,286.848,908.3520000000001,2026,November,11,Q4,Monday,-0.002000000000066393
11782,2026-11-17,1733,Home,North,3,134.13,0.09,Wallet,7,3.9,366.17,402.39,36.2151,366.1749,2026,November,11,Q4,Tuesday,-0.004899999999963711
11783,2026-11-18,1904,Clothing,East,2,391.74,0.21,Card,3,2.2,618.95,783.48,164.5308,618.9492,2026,November,11,Q4,Wednesday,0.0008000000000265572
11784,2026-11-19,1225,Clothing,North,3,596.79,0.24,COD,4,3.0,1360.68,1790.37,429.68879999999996,1360.6812,2026,November,11,Q4,Thursday,-0.001199999999926149
11785,2026-11-20,1052,Beauty,East,4,22.03,0.16,Wallet,3,3.6,74.02,88.12,14.099200000000002,74.02080000000001,2026,November,11,Q4,Friday,-0.0008000000000123464
11786,2026-11-21,1939,Clothing,West,7,331.44,0.12,Wallet,6,3.2,2041.67,2320.08,278.40959999999995,2041.6704,2026,November,11,Q4,Saturday,-0.0003999999998995918
11787,2026-11-22,1866,Clothing,North,1,350.59,0.22,COD,9,3.6,273.46,350.59,77.12979999999999,273.4602,2026,November,11,Q4,Sunday,-0.0002000000000066393
11788,2026-11-23,1499,Electronics,South,5,549.81,0.34,COD,10,2.3,1814.37,2749.0499999999997,934.677,1814.3729999999996,2026,November,11,Q4,Monday,-0.0029999999997016857
11789,2026-11-24,1505,Clothing,East,7,311.01,0.15,Card,9,4.9,1850.51,2177.0699999999997,326.56049999999993,1850.5094999999997,2026,November,11,Q4,Tuesday,0.0005000000003292371
11790,2026-11-25,1853,Clothing,South,1,333.07,0.14,COD,1,2.8,286.44,333.07,46.6298,286.4402,2026,November,11,Q4,Wednesday,-0.0002000000000066393
11791,2026-11-26,1363,Electronics,East,4,290.92,0.16,COD,10,2.3,977.49,1163.68,186.18880000000001,977.4912,2026,November,11,Q4,Thursday,-0.0012000000000398359
11792,2026-11-27,1279,Electronics,North,5,172.31,0.03,COD,6,2.2,835.7,861.55,25.8465,835.7035,2026,November,11,Q4,Friday,-0.003499999999917236
11793,2026-11-28,1592,Clothing,South,6,47.78,0.19,COD,1,1.2,232.21,286.68,54.4692,232.2108,2026,November,11,Q4,Saturday,-0.0007999999999981355
11794,2026-11-29,1713,Home,North,6,254.06,0.12,Card,11,3.7,1341.44,1524.3600000000001,182.9232,1341.4368000000002,2026,November,11,Q4,Sunday,0.0031999999998788553
11795,2026-11-30,1157,Clothing,East,7,45.77,0.04,Card,4,2.1,307.57,320.39000000000004,12.815600000000002,307.5744,2026,November,11,Q4,Monday,-0.004400000000032378
11796,2026-12-01,1631,Electronics,East,3,337.04,0.16,COD,7,4.8,849.34,1011.1200000000001,161.77920000000003,849.3408000000001,2026,December,12,Q4,Tuesday,-0.0008000000000265572
11797,2026-12-02,1058,Home,East,7,194.77,0.0,Card,4,1.8,1363.39,1363.39,0.0,1363.39,2026,December,12,Q4,Wednesday,0.0
11798,2026-12-03,1726,Electronics,East,3,327.16,0.14,Card,9,3.1,844.07,981.48,137.40720000000002,844.0728,2026,December,12,Q4,Thursday,-0.0027999999999792635
11799,2026-12-04,1127,Clothing,West,4,93.56,0.04,Card,10,3.9,359.27,374.24,14.9696,359.2704,2026,December,12,Q4,Friday,-0.0004000000000132786
11800,2026-12-05,1735,Electronics,East,6,560.59,0.01,Card,5,4.5,3329.9,3363.54,33.6354,3329.9046,2026,December,12,Q4,Saturday,-0.0045999999997548
11801,2026-12-06,1720,Electronics,South,5,538.29,0.29,Wallet,9,1.6,1910.93,2691.45,780.5204999999999,1910.9295,2026,December,12,Q4,Sunday,0.0005000000001018634
11802,2026-12-07,1881,Electronics,East,6,126.15,0.32,COD,1,4.9,514.69,756.9000000000001,242.20800000000003,514.692,2026,December,12,Q4,Monday,-0.0019999999999527063
11803,2026-12-08,1114,Clothing,North,3,215.91,0.07,Card,4,4.6,602.39,647.73,45.341100000000004,602.3889,2026,December,12,Q4,Tuesday,0.001099999999951251
11804,2026-12-09,1208,Electronics,West,7,373.89,0.19,COD,7,4.9,2119.96,2617.23,497.2737,2119.9563,2026,December,12,Q4,Wednesday,0.0037000000002080924
11805,2026-12-10,1525,Clothing,South,4,70.98,0.1,Card,2,4.4,255.53,283.92,28.392000000000003,255.52800000000002,2026,December,12,Q4,Thursday,0.001999999999981128
11806,2026-12-11,1520,Clothing,West,6,222.42,0.17,COD,9,4.5,1107.65,1334.52,226.8684,1107.6516,2026,December,12,Q4,Friday,-0.0015999999998257408
11807,2026-12-12,1551,Clothing,West,4,161.9,0.15,Card,3,3.4,550.46,647.6,97.14,550.46,2026,December,12,Q4,Saturday,0.0
11808,2026-12-13,1961,Clothing,West,6,550.58,0.09,Wallet,4,4.4,3006.17,3303.4800000000005,297.31320000000005,3006.1668000000004,2026,December,12,Q4,Sunday,0.0031999999996514816
11809,2026-12-14,1236,Home,North,7,513.72,0.25,Card,4,3.1,2697.03,3596.04,899.01,2697.0299999999997,2026,December,12,Q4,Monday,4.547473508864641e-13
11810,2026-12-15,1280,Electronics,West,1,354.2,0.04,COD,8,3.2,340.03,354.2,14.168,340.032,2026,December,12,Q4,Tuesday,-0.0020000000000095497
11811,2026-12-16,1358,Clothing,West,7,319.4,0.02,Wallet,2,3.3,2191.08,2235.7999999999997,44.715999999999994,2191.084,2026,December,12,Q4,Wednesday,-0.0039999999999054126
11812,2026-12-17,1200,Electronics,East,6,559.47,0.27,Wallet,5,5.0,2450.48,3356.82,906.3414000000001,2450.4786,2026,December,12,Q4,Thursday,0.0014000000001033186
11813,2026-12-18,1757,Electronics,North,3,560.47,0.23,Card,2,1.4,1294.69,1681.41,386.7243,1294.6857,2026,December,12,Q4,Friday,0.00430000000005748
11814,2026-12-19,1277,Clothing,South,7,582.06,0.17,COD,6,4.2,3381.77,4074.4199999999996,692.6514,3381.7685999999994,2026,December,12,Q4,Saturday,0.001400000000558066
11815,2026-12-20,1234,Clothing,South,5,88.35,0.16,Card,9,2.1,371.07,441.75,70.68,371.07,2026,December,12,Q4,Sunday,0.0
11816,2026-12-21,1493,Beauty,South,3,108.93,0.17,COD,9,2.4,271.24,326.79,55.554300000000005,271.2357,2026,December,12,Q4,Monday,0.004300000000000637
11817,2026-12-22,1003,Clothing,North,3,410.89,0.15,Card,1,1.3,1047.77,1232.67,184.9005,1047.7695,2026,December,12,Q4,Tuesday,0.0004999999998744897
11818,2026-12-23,1665,Beauty,South,3,331.74,0.14,Wallet,4,2.4,855.89,995.22,139.3308,855.8892000000001,2026,December,12,Q4,Wednesday,0.0007999999999128704
11819,2026-12-24,1441,Electronics,North,4,25.8,0.17,Card,4,5.0,85.66,103.2,17.544,85.656,2026,December,12,Q4,Thursday,0.003999999999990678
11820,2026-12-25,1028,Electronics,East,2,51.26,0.18,COD,1,2.6,84.07,102.52,18.453599999999998,84.0664,2026,December,12,Q4,Friday,0.00359999999999161
11821,2026-12-26,1108,Electronics,East,2,534.53,0.24,COD,10,3.7,812.49,1069.06,256.57439999999997,812.4856,2026,December,12,Q4,Saturday,0.004400000000032378
11822,2026-12-27,1609,Electronics,North,1,523.29,0.25,Wallet,2,1.5,392.47,523.29,130.8225,392.4675,2026,December,12,Q4,Sunday,0.0025000000000545697
11823,2026-12-28,1726,Clothing,South,3,224.0,0.13,COD,6,4.7,584.64,672.0,87.36,584.64,2026,December,12,Q4,Monday,0.0
11824,2026-12-29,1804,Clothing,North,2,536.26,0.14,Card,10,4.3,922.37,1072.52,150.1528,922.3671999999999,2026,December,12,Q4,Tuesday,0.0028000000000929504
11825,2026-12-30,1074,Electronics,North,1,362.3,0.13,Card,3,2.5,315.2,362.3,47.099000000000004,315.201,2026,December,12,Q4,Wednesday,-0.0010000000000331966
11826,2026-12-31,1837,Beauty,West,4,486.45,0.19,Card,9,2.4,1576.1,1945.8,369.702,1576.098,2026,December,12,Q4,Thursday,0.0019999999999527063
11827,2027-01-01,1145,Home,North,3,265.05,0.16,COD,3,2.7,667.93,795.1500000000001,127.22400000000002,667.926,2027,January,1,Q1,Friday,0.0039999999999054126
11828,2027-01-02,1127,Electronics,West,5,81.34,0.31,COD,3,2.6,280.62,406.70000000000005,126.07700000000001,280.62300000000005,2027,January,1,Q1,Saturday,-0.0030000000000427463
11829,2027-01-03,1852,Electronics,East,4,268.73,0.24,COD,9,2.0,816.94,1074.92,257.9808,816.9392,2027,January,1,Q1,Sunday,0.0008000000000265572
11830,2027-01-04,1041,Electronics,West,1,282.52,0.31,Card,3,5.0,194.94,282.52,87.5812,194.9388,2027,January,1,Q1,Monday,0.0012000000000114142
11831,2027-01-05,1355,Electronics,North,4,337.3,0.25,COD,6,4.2,1011.9,1349.2,337.3,1011.9000000000001,2027,January,1,Q1,Tuesday,-1.1368683772161603e-13
11832,2027-01-06,1040,Electronics,East,5,76.77,0.34,COD,6,2.1,253.34,383.84999999999997,130.509,253.34099999999998,2027,January,1,Q1,Wednesday,-0.0009999999999763531
11833,2027-01-07,1933,Clothing,West,4,594.97,0.22,Wallet,1,4.9,1856.31,2379.88,523.5736,1856.3064,2027,January,1,Q1,Thursday,0.0036000000000058208
11834,2027-01-08,1033,Electronics,North,1,157.82,0.34,COD,7,1.1,104.16,157.82,53.6588,104.1612,2027,January,1,Q1,Friday,-0.0011999999999972033
11835,2027-01-09,1016,Clothing,East,5,131.15,0.06,Card,9,2.8,616.4,655.75,39.345,616.405,2027,January,1,Q1,Saturday,-0.0049999999999954525
11836,2027-01-10,1676,Beauty,West,5,323.18,0.02,Card,9,3.3,1583.58,1615.9,32.318000000000005,1583.582,2027,January,1,Q1,Sunday,-0.00200000000018008
11837,2027-01-11,1152,Home,North,4,329.27,0.2,Card,9,1.2,1053.66,1317.08,263.416,1053.664,2027,January,1,Q1,Monday,-0.0039999999999054126
11838,2027-01-12,1997,Beauty,North,5,272.3,0.34,COD,2,1.6,898.59,1361.5,462.91,898.5899999999999,2027,January,1,Q1,Tuesday,1.1368683772161603e-13
11839,2027-01-13,1377,Electronics,South,7,466.56,0.15,COD,1,2.0,2776.03,3265.92,489.888,2776.032,2027,January,1,Q1,Wednesday,-0.0019999999999527063
11840,2027-01-14,1587,Clothing,South,4,317.24,0.07,Card,6,3.9,1180.13,1268.96,88.8272,1180.1328,2027,January,1,Q1,Thursday,-0.0027999999999792635
11841,2027-01-15,1598,Clothing,West,3,371.67,0.18,Card,6,4.8,914.31,1115.01,200.7018,914.3081999999999,2027,January,1,Q1,Friday,0.0018000000000029104
11842,2027-01-16,1628,Electronics,West,5,438.39,0.23,Card,4,3.5,1687.8,2191.95,504.14849999999996,1687.8014999999998,2027,January,1,Q1,Saturday,-0.0014999999998508429
11843,2027-01-17,1873,Electronics,West,4,29.64,0.11,Wallet,8,3.3,105.52,118.56,13.0416,105.5184,2027,January,1,Q1,Sunday,0.001599999999996271
11844,2027-01-18,1341,Home,North,3,348.83,0.25,Card,5,3.1,784.87,1046.49,261.6225,784.8675000000001,2027,January,1,Q1,Monday,0.002499999999940883
11845,2027-01-19,1980,Clothing,West,5,532.25,0.34,Card,7,2.4,1756.42,2661.25,904.825,1756.425,2027,January,1,Q1,Tuesday,-0.004999999999881766
11846,2027-01-20,1026,Clothing,North,3,25.17,0.31,Card,9,4.3,52.1,75.51,23.4081,52.1019,2027,January,1,Q1,Wednesday,-0.0018999999999991246
11847,2027-01-21,1824,Clothing,West,6,252.03,0.1,Card,1,3.2,1360.96,1512.18,151.21800000000002,1360.962,2027,January,1,Q1,Thursday,-0.0019999999999527063
11848,2027-01-22,1286,Clothing,North,5,556.84,0.11,COD,9,1.9,2477.94,2784.2000000000003,306.26200000000006,2477.938,2027,January,1,Q1,Friday,0.0019999999999527063
11849,2027-01-23,1645,Electronics,North,6,221.6,0.13,Wallet,4,1.5,1156.75,1329.6,172.84799999999998,1156.752,2027,January,1,Q1,Saturday,-0.0019999999999527063
11850,2027-01-24,1730,Electronics,South,1,283.36,0.14,Card,7,4.9,243.69,283.36,39.67040000000001,243.6896,2027,January,1,Q1,Sunday,0.0003999999999848569
11851,2027-01-25,1167,Electronics,East,1,589.2,0.04,COD,11,1.1,565.63,589.2,23.568,565.6320000000001,2027,January,1,Q1,Monday,-0.002000000000066393
11852,2027-01-26,1609,Electronics,North,4,131.6,0.27,Card,4,4.7,384.27,526.4,142.12800000000001,384.27199999999993,2027,January,1,Q1,Tuesday,-0.0019999999999527063
11853,2027-01-27,1267,Beauty,West,2,53.17,0.13,Wallet,4,1.9,92.52,106.34,13.824200000000001,92.5158,2027,January,1,Q1,Wednesday,0.004199999999997317
11854,2027-01-28,1748,Clothing,South,6,517.76,0.31,Card,4,3.6,2143.53,3106.56,963.0336,2143.5263999999997,2027,January,1,Q1,Thursday,0.003600000000460568
11855,2027-01-29,1820,Home,West,6,523.05,0.32,Card,6,2.2,2134.04,3138.2999999999997,1004.256,2134.044,2027,January,1,Q1,Friday,-0.0039999999999054126
11856,2027-01-30,1454,Electronics,West,1,291.17,0.01,COD,5,4.4,288.26,291.17,2.9117,288.2583,2027,January,1,Q1,Saturday,0.001699999999971169
11857,2027-01-31,1905,Clothing,North,6,315.81,0.35,Card,2,3.2,1231.66,1894.8600000000001,663.201,1231.659,2027,January,1,Q1,Sunday,0.0009999999999763531
11858,2027-02-01,1684,Electronics,North,2,503.95,0.25,Card,9,1.6,755.92,1007.9,251.975,755.925,2027,February,2,Q1,Monday,-0.0049999999999954525
11859,2027-02-02,1400,Electronics,East,3,447.06,0.18,COD,11,2.1,1099.77,1341.18,241.4124,1099.7676000000001,2027,February,2,Q1,Tuesday,0.002399999999852298
11860,2027-02-03,1921,Electronics,North,3,170.11,0.14,COD,6,2.3,438.88,510.33000000000004,71.44620000000002,438.8838,2027,February,2,Q1,Wednesday,-0.00380000000001246
11861,2027-02-04,1980,Home,North,2,24.88,0.18,COD,10,4.5,40.8,49.76,8.9568,40.8032,2027,February,2,Q1,Thursday,-0.0031999999999996476
11862,2027-02-05,1475,Home,East,6,295.62,0.11,COD,6,4.1,1578.61,1773.72,195.10920000000002,1578.6108,2027,February,2,Q1,Friday,-0.0008000000000265572
11863,2027-02-06,1701,Clothing,West,6,517.46,0.22,COD,9,4.3,2421.71,3104.76,683.0472000000001,2421.7128000000002,2027,February,2,Q1,Saturday,-0.002800000000206637
11864,2027-02-07,1633,Clothing,East,6,539.06,0.03,COD,1,1.2,3137.33,3234.3599999999997,97.03079999999999,3137.3291999999997,2027,February,2,Q1,Sunday,0.0008000000002539309
11865,2027-02-08,1557,Beauty,East,7,574.39,0.22,COD,7,3.3,3136.17,4020.73,884.5606,3136.1693999999998,2027,February,2,Q1,Monday,0.000600000000304135
11866,2027-02-09,1575,Electronics,East,4,529.54,0.1,COD,3,5.0,1906.34,2118.16,211.816,1906.3439999999998,2027,February,2,Q1,Tuesday,-0.0039999999999054126
11867,2027-02-10,1129,Electronics,South,5,354.33,0.01,Card,4,4.1,1753.93,1771.6499999999999,17.7165,1753.9334999999999,2027,February,2,Q1,Wednesday,-0.003499999999803549
11868,2027-02-11,1821,Electronics,West,2,275.09,0.19,Card,1,1.5,445.65,550.18,104.5342,445.64579999999995,2027,February,2,Q1,Thursday,0.004200000000025739
11869,2027-02-12,1362,Home,South,2,468.29,0.2,Card,3,3.7,749.26,936.58,187.31600000000003,749.264,2027,February,2,Q1,Friday,-0.004000000000019099
11870,2027-02-13,1704,Beauty,South,7,447.8,0.15,Card,7,4.0,2664.41,3134.6,470.18999999999994,2664.41,2027,February,2,Q1,Saturday,0.0
11871,2027-02-14,1818,Electronics,North,2,329.81,0.03,COD,6,3.1,639.83,659.62,19.7886,639.8314,2027,February,2,Q1,Sunday,-0.0013999999999896318
11872,2027-02-15,1692,Beauty,East,2,66.09,0.31,Card,1,1.3,91.2,132.18,40.9758,91.20420000000001,2027,February,2,Q1,Monday,-0.004200000000011528
11873,2027-02-16,1291,Home,East,7,556.76,0.21,Card,9,1.1,3078.88,3897.3199999999997,818.4372,3078.8828,2027,February,2,Q1,Tuesday,-0.00279999999975189
11874,2027-02-17,1370,Electronics,South,2,281.53,0.04,Card,4,4.8,540.54,563.06,22.522399999999998,540.5376,2027,February,2,Q1,Wednesday,0.002399999999965985
11875,2027-02-18,1793,Clothing,North,6,227.55,0.18,Card,7,2.0,1119.55,1365.3000000000002,245.75400000000002,1119.5460000000003,2027,February,2,Q1,Thursday,0.003999999999678039
11876,2027-02-19,1028,Clothing,North,7,383.3,0.17,COD,4,2.5,2226.97,2683.1,456.127,2226.973,2027,February,2,Q1,Friday,-0.003000000000156433
11877,2027-02-20,1148,Beauty,North,4,409.2,0.02,COD,7,4.2,1604.06,1636.8,32.736,1604.0639999999999,2027,February,2,Q1,Saturday,-0.0039999999999054126
11878,2027-02-21,1778,Electronics,West,1,138.25,0.21,COD,5,3.8,109.22,138.25,29.0325,109.2175,2027,February,2,Q1,Sunday,0.0024999999999977263
11879,2027-02-22,1295,Home,South,6,504.61,0.28,Card,1,4.9,2179.92,3027.66,847.7448,2179.9152,2027,February,2,Q1,Monday,0.0048000000001593435
11880,2027-02-23,1010,Electronics,West,6,184.61,0.26,Wallet,4,1.4,819.67,1107.66,287.9916,819.6684,2027,February,2,Q1,Tuesday,0.0015999999999394277
11881,2027-02-24,1511,Home,North,5,124.21,0.07,Wallet,3,3.8,577.58,621.05,43.4735,577.5764999999999,2027,February,2,Q1,Wednesday,0.0035000000001446097
11882,2027-02-25,1675,Clothing,North,7,252.74,0.3,COD,6,1.3,1238.43,1769.18,530.754,1238.426,2027,February,2,Q1,Thursday,0.004000000000132786
11883,2027-02-26,1112,Clothing,North,1,442.38,0.12,Wallet,6,1.0,389.29,442.38,53.0856,389.2944,2027,February,2,Q1,Friday,-0.004399999999975535
11884,2027-02-27,1186,Home,East,2,579.79,0.33,COD,1,1.5,776.92,1159.58,382.6614,776.9186,2027,February,2,Q1,Saturday,0.0013999999999896318
11885,2027-02-28,1806,Home,South,1,488.43,0.03,Wallet,11,3.5,473.78,488.43,14.652899999999999,473.7771,2027,February,2,Q1,Sunday,0.0028999999999541615
11886,2027-03-01,1743,Beauty,East,4,565.1,0.17,Wallet,2,3.7,1876.13,2260.4,384.26800000000003,1876.132,2027,March,3,Q1,Monday,-0.0019999999999527063
11887,2027-03-02,1226,Electronics,West,3,97.25,0.21,Wallet,2,2.8,230.48,291.75,61.2675,230.48250000000002,2027,March,3,Q1,Tuesday,-0.002500000000026148
11888,2027-03-03,1309,Home,East,6,56.64,0.09,COD,10,1.2,309.25,339.84000000000003,30.585600000000003,309.25440000000003,2027,March,3,Q1,Wednesday,-0.004400000000032378
11889,2027-03-04,1097,Electronics,South,7,341.26,0.27,COD,4,3.5,1743.84,2388.8199999999997,644.9814,1743.8385999999996,2027,March,3,Q1,Thursday,0.0014000000003306923
11890,2027-03-05,1054,Clothing,East,7,184.82,0.22,COD,9,1.3,1009.12,1293.74,284.6228,1009.1172,2027,March,3,Q1,Friday,0.0027999999999792635
11891,2027-03-06,1622,Clothing,North,1,499.41,0.01,Card,11,1.6,494.42,499.41,4.9941,494.4159,2027,March,3,Q1,Saturday,0.004099999999993997
11892,2027-03-07,1663,Clothing,West,5,408.11,0.21,Card,2,3.1,1612.03,2040.5500000000002,428.51550000000003,1612.0345000000002,2027,March,3,Q1,Sunday,-0.00450000000023465
11893,2027-03-08,1757,Clothing,West,4,582.88,0.17,Wallet,11,2.4,1935.16,2331.52,396.3584,1935.1616,2027,March,3,Q1,Monday,-0.0015999999998257408
11894,2027-03-09,1405,Beauty,North,3,164.05,0.07,Card,8,2.9,457.7,492.15000000000003,34.450500000000005,457.69950000000006,2027,March,3,Q1,Tuesday,0.0004999999999313332
11895,2027-03-10,1068,Electronics,North,4,299.18,0.35,COD,11,3.5,777.87,1196.72,418.852,777.868,2027,March,3,Q1,Wednesday,0.0019999999999527063
11896,2027-03-11,1311,Home,North,7,308.23,0.31,Card,1,1.6,1488.75,2157.61,668.8591,1488.7509,2027,March,3,Q1,Thursday,-0.0009000000000014552
11897,2027-03-12,1288,Clothing,South,2,154.92,0.1,Card,8,4.6,278.86,309.84,30.983999999999998,278.856,2027,March,3,Q1,Friday,0.004000000000019099
11898,2027-03-13,1761,Electronics,East,3,360.2,0.19,Wallet,3,3.2,875.29,1080.6,205.314,875.286,2027,March,3,Q1,Saturday,0.004000000000019099
11899,2027-03-14,1547,Electronics,West,7,274.32,0.11,Wallet,5,1.1,1709.01,1920.24,211.2264,1709.0136,2027,March,3,Q1,Sunday,-0.0036000000000058208
11900,2027-03-15,1750,Beauty,East,5,276.33,0.27,COD,1,3.5,1008.6,1381.6499999999999,373.0455,1008.6044999999999,2027,March,3,Q1,Monday,-0.004499999999893589
11901,2027-03-16,1147,Beauty,North,3,227.2,0.33,Card,1,2.9,456.67,681.5999999999999,224.92799999999997,456.6719999999999,2027,March,3,Q1,Tuesday,-0.001999999999895863
11902,2027-03-17,1466,Beauty,North,7,24.9,0.13,COD,6,3.8,151.64,174.29999999999998,22.659,151.641,2027,March,3,Q1,Wednesday,-0.0010000000000047748
11903,2027-03-18,1738,Beauty,East,5,320.43,0.28,Card,3,4.1,1153.55,1602.15,448.6020000000001,1153.548,2027,March,3,Q1,Thursday,0.0019999999999527063
11904,2027-03-19,1243,Electronics,West,2,211.12,0.17,Card,8,4.8,350.46,422.24,71.78080000000001,350.4592,2027,March,3,Q1,Friday,0.0007999999999697138
11905,2027-03-20,1490,Clothing,South,5,15.77,0.14,Card,4,5.0,67.81,78.85,11.039,67.81099999999999,2027,March,3,Q1,Saturday,-0.000999999999990564
11906,2027-03-21,1848,Home,East,4,195.15,0.33,COD,6,3.2,523.0,780.6,257.598,523.002,2027,March,3,Q1,Sunday,-0.0019999999999527063
11907,2027-03-22,1957,Clothing,North,1,178.0,0.18,Card,10,3.2,145.96,178.0,32.04,145.96,2027,March,3,Q1,Monday,0.0
11908,2027-03-23,1506,Clothing,North,4,245.17,0.16,COD,9,1.1,823.77,980.68,156.90879999999999,823.7711999999999,2027,March,3,Q1,Tuesday,-0.001199999999926149
11909,2027-03-24,1364,Clothing,South,7,92.13,0.24,Card,8,4.5,490.13,644.91,154.77839999999998,490.1316,2027,March,3,Q1,Wednesday,-0.001599999999996271
11910,2027-03-25,1481,Clothing,East,7,312.0,0.09,Card,4,1.1,1987.44,2184.0,196.56,1987.44,2027,March,3,Q1,Thursday,0.0
11911,2027-03-26,1200,Clothing,South,6,420.08,0.11,Card,10,3.5,2243.23,2520.48,277.2528,2243.2272000000003,2027,March,3,Q1,Friday,0.00279999999975189
11912,2027-03-27,1153,Electronics,South,4,383.66,0.33,Wallet,8,1.4,1028.21,1534.64,506.43120000000005,1028.2088,2027,March,3,Q1,Saturday,0.001199999999926149
11913,2027-03-28,1449,Clothing,West,3,485.2,0.24,COD,7,2.1,1106.26,1455.6,349.34399999999994,1106.2559999999999,2027,March,3,Q1,Sunday,0.004000000000132786
11914,2027-03-29,1500,Clothing,West,2,279.42,0.29,Card,5,1.6,396.78,558.84,162.0636,396.7764,2027,March,3,Q1,Monday,0.0035999999999489773
11915,2027-03-30,1072,Clothing,North,6,318.67,0.09,COD,7,1.5,1739.94,1912.02,172.0818,1739.9382,2027,March,3,Q1,Tuesday,0.0018000000000029104
11916,2027-03-31,1712,Electronics,East,6,489.09,0.19,Wallet,7,1.3,2376.98,2934.54,557.5626,2376.9773999999998,2027,March,3,Q1,Wednesday,0.0026000000002568413
11917,2027-04-01,1295,Home,West,6,265.21,0.34,COD,10,2.3,1050.23,1591.2599999999998,541.0283999999999,1050.2315999999998,2027,April,4,Q2,Thursday,-0.0015999999998257408
11918,2027-04-02,1016,Electronics,North,7,425.44,0.11,COD,2,2.7,2650.49,2978.08,327.5888,2650.4912,2027,April,4,Q2,Friday,-0.0012000000001535227
11919,2027-04-03,1640,Clothing,East,1,269.24,0.06,Card,7,2.9,253.09,269.24,16.1544,253.0856,2027,April,4,Q2,Saturday,0.004400000000003956
11920,2027-04-04,1216,Home,North,5,259.38,0.18,COD,3,2.8,1063.46,1296.9,233.442,1063.458,2027,April,4,Q2,Sunday,0.0019999999999527063
11921,2027-04-05,1060,Clothing,West,3,459.72,0.14,COD,8,3.1,1186.08,1379.16,193.08240000000004,1186.0776,2027,April,4,Q2,Monday,0.002399999999852298
11922,2027-04-06,1938,Electronics,North,7,117.28,0.06,COD,8,4.4,771.7,820.96,49.257600000000004,771.7024,2027,April,4,Q2,Tuesday,-0.002399999999965985
11923,2027-04-07,1615,Home,East,2,213.07,0.31,Wallet,9,3.5,294.04,426.14,132.1034,294.0366,2027,April,4,Q2,Wednesday,0.0033999999999991815
11924,2027-04-08,1041,Clothing,East,7,146.14,0.35,Card,11,1.1,664.94,1022.9799999999999,358.04299999999995,664.9369999999999,2027,April,4,Q2,Thursday,0.003000000000156433
11925,2027-04-09,1024,Home,North,1,225.08,0.2,Card,4,1.7,180.06,225.08,45.016000000000005,180.06400000000002,2027,April,4,Q2,Friday,-0.004000000000019099
11926,2027-04-10,1038,Home,East,7,149.77,0.27,Wallet,10,2.4,765.32,1048.39,283.06530000000004,765.3247000000001,2027,April,4,Q2,Saturday,-0.004700000000070759
11927,2027-04-11,1802,Clothing,North,7,353.95,0.3,COD,3,4.8,1734.36,2477.65,743.295,1734.355,2027,April,4,Q2,Sunday,0.004999999999881766
11928,2027-04-12,1130,Clothing,East,4,481.93,0.25,Card,9,1.3,1445.79,1927.72,481.93,1445.79,2027,April,4,Q2,Monday,0.0
11929,2027-04-13,1497,Electronics,North,2,475.17,0.02,Card,9,3.8,931.33,950.34,19.006800000000002,931.3332,2027,April,4,Q2,Tuesday,-0.003199999999992542
11930,2027-04-14,1228,Electronics,North,6,228.23,0.06,Wallet,2,1.1,1287.22,1369.3799999999999,82.16279999999999,1287.2171999999998,2027,April,4,Q2,Wednesday,0.002800000000206637
11931,2027-04-15,1107,Clothing,North,2,593.42,0.02,Card,6,2.5,1163.1,1186.84,23.7368,1163.1032,2027,April,4,Q2,Thursday,-0.003200000000106229
11932,2027-04-16,1171,Clothing,South,2,362.4,0.0,Card,3,4.1,724.8,724.8,0.0,724.8,2027,April,4,Q2,Friday,0.0
11933,2027-04-17,1434,Clothing,East,4,248.65,0.11,Card,5,2.4,885.19,994.6,109.406,885.194,2027,April,4,Q2,Saturday,-0.0039999999999054126
11934,2027-04-18,1477,Electronics,West,5,503.79,0.14,Wallet,2,2.7,2166.3,2518.9500000000003,352.6530000000001,2166.297,2027,April,4,Q2,Sunday,0.003000000000156433
11935,2027-04-19,1101,Electronics,North,7,441.98,0.08,Wallet,4,4.6,2846.35,3093.86,247.5088,2846.3512,2027,April,4,Q2,Monday,-0.0012000000001535227
11936,2027-04-20,1865,Clothing,South,3,453.33,0.02,COD,11,1.3,1332.79,1359.99,27.1998,1332.7902,2027,April,4,Q2,Tuesday,-0.0001999999999497959
11937,2027-04-21,1523,Electronics,West,6,129.74,0.19,COD,3,3.1,630.54,778.44,147.9036,630.5364000000001,2027,April,4,Q2,Wednesday,0.003599999999892134
11938,2027-04-22,1274,Home,North,5,288.97,0.1,Card,2,2.5,1300.37,1444.8500000000001,144.485,1300.3650000000002,2027,April,4,Q2,Thursday,0.004999999999654392
11939,2027-04-23,1612,Electronics,West,1,519.17,0.28,Card,6,4.9,373.8,519.17,145.3676,373.8023999999999,2027,April,4,Q2,Friday,-0.0023999999999091415
11940,2027-04-24,1043,Clothing,South,7,309.86,0.0,Wallet,11,4.2,2169.02,2169.02,0.0,2169.02,2027,April,4,Q2,Saturday,0.0
11941,2027-04-25,1954,Beauty,West,6,414.82,0.29,Card,3,1.5,1767.13,2488.92,721.7868,1767.1332000000002,2027,April,4,Q2,Sunday,-0.003200000000106229
11942,2027-04-26,1816,Electronics,North,3,358.94,0.33,COD,4,4.7,721.47,1076.82,355.3506,721.4694,2027,April,4,Q2,Monday,0.0006000000000767614
11943,2027-04-27,1956,Clothing,West,7,507.78,0.25,COD,6,1.8,2665.84,3554.46,888.615,2665.8450000000003,2027,April,4,Q2,Tuesday,-0.005000000000109139
11944,2027-04-28,1016,Electronics,West,1,181.47,0.26,Card,5,1.3,134.29,181.47,47.1822,134.2878,2027,April,4,Q2,Wednesday,0.0021999999999877673
11945,2027-04-29,1329,Clothing,North,4,351.65,0.33,COD,4,3.2,942.42,1406.6,464.178,942.4219999999999,2027,April,4,Q2,Thursday,-0.0019999999999527063
11946,2027-04-30,1568,Clothing,South,5,87.09,0.07,COD,4,3.9,404.97,435.45000000000005,30.481500000000008,404.96850000000006,2027,April,4,Q2,Friday,0.0014999999999645297
11947,2027-05-01,1822,Clothing,South,7,418.77,0.35,COD,2,3.9,1905.4,2931.39,1025.9865,1905.4035,2027,May,5,Q2,Saturday,-0.003499999999803549
11948,2027-05-02,1496,Clothing,West,6,443.2,0.27,Card,10,3.1,1941.22,2659.2,717.984,1941.216,2027,May,5,Q2,Sunday,0.004000000000132786
11949,2027-05-03,1814,Beauty,East,2,40.06,0.25,Card,4,3.0,60.09,80.12,20.03,60.09,2027,May,5,Q2,Monday,0.0
11950,2027-05-04,1011,Electronics,West,3,410.34,0.13,COD,8,4.9,1070.99,1231.02,160.0326,1070.9874,2027,May,5,Q2,Tuesday,0.0026000000000294676
11951,2027-05-05,1317,Electronics,East,7,257.59,0.19,Wallet,5,4.3,1460.54,1803.1299999999999,342.5947,1460.5353,2027,May,5,Q2,Wednesday,0.004699999999957072
11952,2027-05-06,1591,Beauty,West,6,87.6,0.23,Card,11,3.8,404.71,525.5999999999999,120.88799999999999,404.71199999999993,2027,May,5,Q2,Thursday,-0.0019999999999527063
11953,2027-05-07,1215,Clothing,South,2,260.65,0.22,Wallet,10,1.8,406.61,521.3,114.68599999999999,406.614,2027,May,5,Q2,Friday,-0.003999999999962256
11954,2027-05-08,1338,Beauty,West,6,128.63,0.25,COD,10,4.3,578.84,771.78,192.945,578.835,2027,May,5,Q2,Saturday,0.0049999999999954525
11955,2027-05-09,1775,Clothing,West,7,258.1,0.03,Wallet,8,4.0,1752.5,1806.7000000000003,54.20100000000001,1752.4990000000003,2027,May,5,Q2,Sunday,0.0009999999997489795
11956,2027-05-10,1990,Home,East,1,239.84,0.12,Card,6,5.0,211.06,239.84,28.7808,211.0592,2027,May,5,Q2,Monday,0.0007999999999981355
11957,2027-05-11,1660,Clothing,South,2,446.96,0.15,Card,10,1.5,759.83,893.92,134.088,759.832,2027,May,5,Q2,Tuesday,-0.0019999999999527063
11958,2027-05-12,1080,Home,East,2,467.92,0.09,Card,5,3.9,851.61,935.84,84.2256,851.6144,2027,May,5,Q2,Wednesday,-0.004400000000032378
11959,2027-05-13,1726,Beauty,West,6,370.11,0.06,Card,4,4.9,2087.42,2220.66,133.2396,2087.4204,2027,May,5,Q2,Thursday,-0.0003999999998995918
11960,2027-05-14,1484,Clothing,North,4,28.27,0.05,Wallet,10,2.9,107.43,113.08,5.654,107.426,2027,May,5,Q2,Friday,0.0040000000000048885
11961,2027-05-15,1373,Electronics,West,7,559.65,0.13,Card,9,3.9,3408.27,3917.5499999999997,509.2815,3408.2684999999997,2027,May,5,Q2,Saturday,0.0015000000003055902
11962,2027-05-16,1975,Electronics,West,4,416.45,0.17,COD,10,4.9,1382.61,1665.8,283.18600000000004,1382.614,2027,May,5,Q2,Sunday,-0.004000000000132786
11963,2027-05-17,1709,Electronics,East,5,35.0,0.02,Card,5,3.2,171.5,175.0,3.5,171.5,2027,May,5,Q2,Monday,0.0
11964,2027-05-18,1199,Electronics,North,1,494.02,0.33,COD,10,3.8,330.99,494.02,163.0266,330.99339999999995,2027,May,5,Q2,Tuesday,-0.003399999999942338
11965,2027-05-19,1536,Electronics,North,4,132.16,0.27,Card,11,1.1,385.91,528.64,142.7328,385.9072,2027,May,5,Q2,Wednesday,0.002800000000036107
11966,2027-05-20,1465,Clothing,East,6,353.84,0.26,Card,6,3.1,1571.05,2123.04,551.9904,1571.0495999999998,2027,May,5,Q2,Thursday,0.00040000000012696546
11967,2027-05-21,1088,Clothing,South,7,287.98,0.06,Card,7,2.0,1894.91,2015.8600000000001,120.9516,1894.9084,2027,May,5,Q2,Friday,0.0016000000000531145
11968,2027-05-22,1267,Clothing,North,4,260.61,0.21,COD,11,1.5,823.53,1042.44,218.9124,823.5276000000001,2027,May,5,Q2,Saturday,0.002399999999852298
11969,2027-05-23,1654,Clothing,North,5,535.48,0.19,Card,11,3.8,2168.69,2677.4,508.706,2168.694,2027,May,5,Q2,Sunday,-0.0039999999999054126
11970,2027-05-24,1570,Electronics,East,3,270.86,0.34,Card,1,1.2,536.3,812.58,276.27720000000005,536.3027999999999,2027,May,5,Q2,Monday,-0.0027999999999792635
11971,2027-05-25,1921,Electronics,South,5,59.08,0.26,Card,9,4.6,218.6,295.4,76.804,218.59599999999998,2027,May,5,Q2,Tuesday,0.004000000000019099
11972,2027-05-26,1488,Electronics,South,2,568.78,0.2,Wallet,8,3.1,910.05,1137.56,227.512,910.048,2027,May,5,Q2,Wednesday,0.0019999999999527063
11973,2027-05-27,1876,Clothing,West,7,553.51,0.3,COD,11,3.6,2712.2,3874.5699999999997,1162.3709999999999,2712.1989999999996,2027,May,5,Q2,Thursday,0.0010000000002037268
11974,2027-05-28,1537,Electronics,West,2,415.39,0.05,COD,5,2.0,789.24,830.78,41.539,789.241,2027,May,5,Q2,Friday,-0.0009999999999763531
11975,2027-05-29,1046,Electronics,East,4,288.72,0.01,COD,3,1.7,1143.33,1154.88,11.548800000000002,1143.3312,2027,May,5,Q2,Saturday,-0.0012000000001535227
11976,2027-05-30,1287,Clothing,South,4,69.32,0.24,Card,5,2.0,210.73,277.28,66.54719999999999,210.7328,2027,May,5,Q2,Sunday,-0.0028000000000076852
11977,2027-05-31,1777,Home,East,5,477.59,0.03,COD,5,1.9,2316.31,2387.95,71.6385,2316.3115,2027,May,5,Q2,Monday,-0.0014999999998508429
11978,2027-06-01,1015,Electronics,West,5,59.15,0.04,Card,9,4.5,283.92,295.75,11.83,283.92,2027,June,6,Q2,Tuesday,0.0
11979,2027-06-02,1710,Clothing,East,6,55.13,0.26,Card,7,4.1,244.78,330.78000000000003,86.00280000000001,244.77720000000002,2027,June,6,Q2,Wednesday,0.0027999999999792635
11980,2027-06-03,1400,Home,East,1,329.37,0.09,COD,2,4.4,299.73,329.37,29.6433,299.7267,2027,June,6,Q2,Thursday,0.0033000000000242835
11981,2027-06-04,1918,Home,North,6,108.68,0.22,COD,5,3.9,508.62,652.08,143.4576,508.6224,2027,June,6,Q2,Friday,-0.0024000000000228283
11982,2027-06-05,1793,Beauty,North,2,19.52,0.32,Card,9,3.6,26.55,39.04,12.4928,26.547199999999997,2027,June,6,Q2,Saturday,0.0028000000000041325
11983,2027-06-06,1980,Electronics,North,6,262.52,0.11,Card,11,3.1,1401.86,1575.12,173.26319999999998,1401.8568,2027,June,6,Q2,Sunday,0.0031999999998788553
11984,2027-06-07,1085,Electronics,West,5,95.27,0.08,COD,2,2.1,438.24,476.34999999999997,38.108,438.24199999999996,2027,June,6,Q2,Monday,-0.0019999999999527063
11985,2027-06-08,1249,Beauty,East,7,108.9,0.04,COD,8,3.8,731.81,762.3000000000001,30.492000000000004,731.8080000000001,2027,June,6,Q2,Tuesday,0.0019999999998390194
11986,2027-06-09,1390,Clothing,North,6,59.99,0.05,Card,3,1.5,341.94,359.94,17.997,341.943,2027,June,6,Q2,Wednesday,-0.002999999999985903
11987,2027-06-10,1781,Clothing,North,3,134.98,0.02,Card,4,3.0,396.84,404.93999999999994,8.098799999999999,396.84119999999996,2027,June,6,Q2,Thursday,-0.0011999999999829924
11988,2027-06-11,1334,Home,North,1,433.56,0.03,Wallet,2,1.8,420.55,433.56,13.0068,420.5532,2027,June,6,Q2,Friday,-0.003199999999992542
11989,2027-06-12,1628,Home,West,5,488.22,0.15,COD,9,3.0,2074.94,2441.1000000000004,366.165,2074.9350000000004,2027,June,6,Q2,Saturday,0.004999999999654392
11990,2027-06-13,1518,Beauty,West,7,279.73,0.11,Wallet,6,2.2,1742.72,1958.1100000000001,215.39210000000003,1742.7179,2027,June,6,Q2,Sunday,0.0020999999999276042
11991,2027-06-14,1136,Beauty,East,4,311.33,0.25,Card,9,1.2,933.99,1245.32,311.33,933.99,2027,June,6,Q2,Monday,0.0
11992,2027-06-15,1882,Home,East,6,34.1,0.3,COD,11,3.0,143.22,204.60000000000002,61.38,143.22000000000003,2027,June,6,Q2,Tuesday,-2.842170943040401e-14
11993,2027-06-16,1687,Electronics,East,5,55.55,0.27,Card,8,1.7,202.76,277.75,74.9925,202.7575,2027,June,6,Q2,Wednesday,0.0024999999999977263
11994,2027-06-17,1839,Beauty,North,4,165.68,0.19,COD,9,1.6,536.8,662.72,125.91680000000001,536.8032000000001,2027,June,6,Q2,Thursday,-0.003200000000106229
11995,2027-06-18,1497,Electronics,South,4,333.18,0.04,Card,5,2.5,1279.41,1332.72,53.308800000000005,1279.4112,2027,June,6,Q2,Friday,-0.001199999999926149
11996,2027-06-19,1826,Electronics,West,2,447.64,0.25,Card,6,2.4,671.46,895.28,223.82,671.46,2027,June,6,Q2,Saturday,0.0
11997,2027-06-20,1726,Beauty,North,2,368.93,0.13,Card,7,4.5,641.94,737.86,95.9218,641.9382,2027,June,6,Q2,Sunday,0.0018000000000029104
11998,2027-06-21,1476,Electronics,North,7,244.39,0.03,COD,5,3.3,1659.41,1710.73,51.3219,1659.4081,2027,June,6,Q2,Monday,0.0018999999999778083
11999,2027-06-22,1593,Electronics,East,5,84.22,0.29,COD,1,4.4,298.98,421.1,122.119,298.981,2027,June,6,Q2,Tuesday,-0.0009999999999763531
12000,2027-06-23,1222,Electronics,East,7,471.75,0.12,COD,9,1.6,2905.98,3302.25,396.27,2905.98,2027,June,6,Q2,Wednesday,0.0
12001,2027-06-24,1989,Beauty,North,5,227.81,0.08,Wallet,2,2.4,1047.93,1139.05,91.124,1047.926,2027,June,6,Q2,Thursday,0.004000000000132786
12002,2027-06-25,1371,Clothing,West,3,445.59,0.31,COD,7,3.2,922.37,1336.77,414.3987,922.3713,2027,June,6,Q2,Friday,-0.0013000000000147338
12003,2027-06-26,1934,Home,West,1,315.09,0.32,COD,8,1.6,214.26,315.09,100.8288,214.26119999999997,2027,June,6,Q2,Saturday,-0.0011999999999829924
12004,2027-06-27,1994,Electronics,North,1,447.12,0.12,Wallet,8,1.5,393.47,447.12,53.654399999999995,393.4656,2027,June,6,Q2,Sunday,0.004400000000032378
12005,2027-06-28,1401,Home,South,5,545.76,0.12,COD,1,3.6,2401.34,2728.8,327.456,2401.344,2027,June,6,Q2,Monday,-0.0039999999999054126
12006,2027-06-29,1442,Home,South,2,553.8,0.2,Card,10,3.6,886.08,1107.6,221.51999999999998,886.0799999999999,2027,June,6,Q2,Tuesday,1.1368683772161603e-13
12007,2027-06-30,1489,Electronics,West,6,328.04,0.26,Wallet,7,1.9,1456.5,1968.2400000000002,511.7424000000001,1456.4976000000001,2027,June,6,Q2,Wednesday,0.002399999999852298
12008,2027-07-01,1614,Clothing,East,7,314.23,0.02,Card,9,1.9,2155.62,2199.61,43.992200000000004,2155.6178,2027,July,7,Q3,Thursday,0.002199999999902502
12009,2027-07-02,1272,Electronics,South,3,170.42,0.21,COD,11,4.0,403.9,511.26,107.3646,403.8954,2027,July,7,Q3,Friday,0.004599999999982174
12010,2027-07-03,1525,Beauty,South,1,562.44,0.33,Card,11,1.5,376.83,562.44,185.60520000000002,376.83480000000003,2027,July,7,Q3,Saturday,-0.004800000000045657
12011,2027-07-04,1158,Clothing,East,5,282.88,0.09,COD,3,4.7,1287.1,1414.4,127.296,1287.104,2027,July,7,Q3,Sunday,-0.004000000000132786
12012,2027-07-05,1151,Beauty,South,2,89.64,0.32,COD,8,4.8,121.91,179.28,57.3696,121.91040000000001,2027,July,7,Q3,Monday,-0.0004000000000132786
12013,2027-07-06,1994,Electronics,North,2,268.13,0.33,Card,8,4.5,359.29,536.26,176.9658,359.2942,2027,July,7,Q3,Tuesday,-0.004199999999968895
12014,2027-07-07,1619,Home,South,2,89.33,0.09,COD,9,1.8,162.58,178.66,16.0794,162.5806,2027,July,7,Q3,Wednesday,-0.0005999999999914962
12015,2027-07-08,1187,Home,East,7,308.98,0.26,COD,8,1.1,1600.52,2162.86,562.3436,1600.5164,2027,July,7,Q3,Thursday,0.0036000000000058208
12016,2027-07-09,1812,Home,North,6,343.35,0.08,Card,5,4.7,1895.29,2060.1000000000004,164.80800000000002,1895.2920000000004,2027,July,7,Q3,Friday,-0.0020000000004074536
12017,2027-07-10,1097,Beauty,South,4,212.59,0.26,Card,5,2.4,629.27,850.36,221.0936,629.2664,2027,July,7,Q3,Saturday,0.0036000000000058208
12018,2027-07-11,1130,Clothing,West,7,56.92,0.28,Card,3,2.2,286.88,398.44,111.56320000000001,286.8768,2027,July,7,Q3,Sunday,0.003199999999992542
12019,2027-07-12,1804,Electronics,North,6,566.95,0.09,Wallet,6,2.0,3095.55,3401.7000000000003,306.153,3095.5470000000005,2027,July,7,Q3,Monday,0.0029999999997016857
12020,2027-07-13,1170,Home,North,2,467.41,0.25,COD,10,2.0,701.12,934.82,233.705,701.115,2027,July,7,Q3,Tuesday,0.0049999999999954525
12021,2027-07-14,1935,Home,West,5,505.75,0.28,Wallet,3,3.9,1820.7,2528.75,708.0500000000001,1820.6999999999998,2027,July,7,Q3,Wednesday,2.2737367544323206e-13
12022,2027-07-15,1985,Clothing,West,3,229.62,0.13,Card,2,4.6,599.31,688.86,89.5518,599.3082,2027,July,7,Q3,Thursday,0.0017999999998892235
12023,2027-07-16,1182,Electronics,South,6,460.09,0.06,Card,7,4.1,2594.91,2760.54,165.6324,2594.9076,2027,July,7,Q3,Friday,0.002399999999852298
12024,2027-07-17,1982,Clothing,South,5,298.94,0.03,Card,10,3.7,1449.86,1494.7,44.841,1449.8590000000002,2027,July,7,Q3,Saturday,0.0009999999997489795
12025,2027-07-18,1363,Electronics,East,7,132.63,0.2,Card,3,2.2,742.73,928.41,185.68200000000002,742.728,2027,July,7,Q3,Sunday,0.002000000000066393
12026,2027-07-19,1038,Clothing,East,7,87.79,0.34,COD,4,3.2,405.59,614.5300000000001,208.94020000000003,405.5898000000001,2027,July,7,Q3,Monday,0.00019999999989295247
12027,2027-07-20,1526,Clothing,North,2,216.85,0.29,Wallet,11,1.9,307.93,433.7,125.77299999999998,307.927,2027,July,7,Q3,Tuesday,0.002999999999985903
12028,2027-07-21,1887,Home,West,3,95.47,0.15,Card,10,1.4,243.45,286.40999999999997,42.961499999999994,243.44849999999997,2027,July,7,Q3,Wednesday,0.0015000000000213731
12029,2027-07-22,1496,Electronics,West,1,598.99,0.19,Wallet,8,1.5,485.18,598.99,113.8081,485.18190000000004,2027,July,7,Q3,Thursday,-0.0019000000000346517
12030,2027-07-23,1515,Clothing,East,1,43.78,0.1,Card,1,3.4,39.4,43.78,4.378,39.402,2027,July,7,Q3,Friday,-0.0020000000000024443
12031,2027-07-24,1348,Electronics,North,7,273.07,0.06,Wallet,9,1.2,1796.8,1911.49,114.68939999999999,1796.8006,2027,July,7,Q3,Saturday,-0.0006000000000767614
12032,2027-07-25,1981,Electronics,North,5,279.47,0.17,Card,6,4.9,1159.8,1397.3500000000001,237.54950000000005,1159.8005,2027,July,7,Q3,Sunday,-0.0005000000001018634
12033,2027-07-26,1920,Home,East,3,190.87,0.16,Wallet,2,5.0,480.99,572.61,91.61760000000001,480.9924,2027,July,7,Q3,Monday,-0.002399999999965985
12034,2027-07-27,1396,Beauty,East,5,349.24,0.18,Card,3,1.6,1431.88,1746.2,314.316,1431.884,2027,July,7,Q3,Tuesday,-0.0039999999999054126
12035,2027-07-28,1721,Clothing,East,3,102.74,0.33,Wallet,5,2.7,206.51,308.21999999999997,101.7126,206.50739999999996,2027,July,7,Q3,Wednesday,0.0026000000000294676
12036,2027-07-29,1160,Home,South,3,473.59,0.21,Card,11,4.1,1122.41,1420.77,298.3617,1122.4083,2027,July,7,Q3,Thursday,0.0017000000000280124
12037,2027-07-30,1015,Beauty,North,7,209.48,0.21,Card,6,4.8,1158.42,1466.36,307.93559999999997,1158.4243999999999,2027,July,7,Q3,Friday,-0.004399999999805004
12038,2027-07-31,1492,Home,North,5,360.94,0.04,COD,9,4.6,1732.51,1804.7,72.188,1732.512,2027,July,7,Q3,Saturday,-0.0019999999999527063
12039,2027-08-01,1425,Electronics,North,7,433.65,0.35,Card,2,2.0,1973.11,3035.5499999999997,1062.4424999999999,1973.1074999999998,2027,August,8,Q3,Sunday,0.0025000000000545697
12040,2027-08-02,1107,Beauty,East,3,535.09,0.27,COD,5,1.3,1171.85,1605.27,433.4229,1171.8471,2027,August,8,Q3,Monday,0.0028999999999541615
12041,2027-08-03,1893,Clothing,East,6,503.94,0.31,Wallet,7,2.2,2086.31,3023.64,937.3284,2086.3116,2027,August,8,Q3,Tuesday,-0.0016000000000531145
12042,2027-08-04,1449,Electronics,East,2,370.86,0.15,COD,11,2.7,630.46,741.72,111.258,630.462,2027,August,8,Q3,Wednesday,-0.0019999999999527063
12043,2027-08-05,1310,Electronics,East,3,242.21,0.18,COD,11,2.4,595.84,726.63,130.7934,595.8366,2027,August,8,Q3,Thursday,0.003400000000056025
12044,2027-08-06,1738,Clothing,West,6,309.37,0.18,Card,7,4.1,1522.1,1856.22,334.1196,1522.1004,2027,August,8,Q3,Friday,-0.00040000000012696546
12045,2027-08-07,1169,Electronics,East,3,464.71,0.07,COD,4,2.0,1296.54,1394.1299999999999,97.5891,1296.5409,2027,August,8,Q3,Saturday,-0.0009000000000014552
12046,2027-08-08,1545,Electronics,South,6,528.36,0.24,COD,3,4.4,2409.32,3170.16,760.8384,2409.3215999999998,2027,August,8,Q3,Sunday,-0.0015999999995983671
12047,2027-08-09,1413,Electronics,West,5,75.71,0.32,Wallet,8,1.9,257.41,378.54999999999995,121.13599999999998,257.414,2027,August,8,Q3,Monday,-0.003999999999962256
12048,2027-08-10,1250,Home,West,1,240.14,0.06,Card,2,2.4,225.73,240.14,14.408399999999999,225.7316,2027,August,8,Q3,Tuesday,-0.001599999999996271
12049,2027-08-11,1758,Beauty,East,4,469.03,0.03,COD,5,2.8,1819.84,1876.12,56.28359999999999,1819.8364,2027,August,8,Q3,Wednesday,0.0036000000000058208
12050,2027-08-12,1780,Electronics,North,3,267.52,0.26,Card,10,2.2,593.89,802.56,208.66559999999998,593.8943999999999,2027,August,8,Q3,Thursday,-0.004399999999918691
12051,2027-08-13,1140,Beauty,East,4,209.35,0.1,Card,5,4.1,753.66,837.4,83.74000000000001,753.66,2027,August,8,Q3,Friday,0.0
12052,2027-08-14,1273,Beauty,North,3,255.62,0.22,Card,1,2.6,598.15,766.86,168.7092,598.1508,2027,August,8,Q3,Saturday,-0.0008000000000265572
12053,2027-08-15,1415,Home,East,5,367.66,0.24,Card,7,4.5,1397.11,1838.3000000000002,441.192,1397.1080000000002,2027,August,8,Q3,Sunday,0.0019999999997253326
12054,2027-08-16,1607,Electronics,East,5,599.89,0.11,Card,4,4.9,2669.51,2999.45,329.9395,2669.5105,2027,August,8,Q3,Monday,-0.0004999999996471161
12055,2027-08-17,1738,Home,North,6,303.4,0.29,Card,10,4.4,1292.48,1820.3999999999999,527.9159999999999,1292.484,2027,August,8,Q3,Tuesday,-0.0039999999999054126
12056,2027-08-18,1890,Beauty,North,3,136.97,0.19,Wallet,2,3.1,332.84,410.90999999999997,78.07289999999999,332.83709999999996,2027,August,8,Q3,Wednesday,0.002900000000011005
12057,2027-08-19,1038,Home,North,5,110.27,0.3,Card,8,3.0,385.94,551.35,165.405,385.94500000000005,2027,August,8,Q3,Thursday,-0.005000000000052296
12058,2027-08-20,1813,Electronics,North,5,39.77,0.27,Wallet,4,1.9,145.16,198.85000000000002,53.68950000000001,145.1605,2027,August,8,Q3,Friday,-0.0005000000000165983
12059,2027-08-21,1028,Clothing,South,3,341.91,0.3,Card,1,3.4,718.01,1025.73,307.719,718.011,2027,August,8,Q3,Saturday,-0.0009999999999763531
12060,2027-08-22,1957,Clothing,North,6,333.57,0.01,Card,8,4.8,1981.41,2001.42,20.014200000000002,1981.4058,2027,August,8,Q3,Sunday,0.004200000000082582
12061,2027-08-23,1476,Clothing,East,6,135.06,0.09,COD,11,1.3,737.43,810.36,72.9324,737.4276,2027,August,8,Q3,Monday,0.002399999999965985
12062,2027-08-24,1317,Electronics,East,6,421.77,0.03,COD,7,4.0,2454.7,2530.62,75.9186,2454.7014,2027,August,8,Q3,Tuesday,-0.0014000000001033186
12063,2027-08-25,1244,Electronics,South,6,448.55,0.15,COD,3,4.5,2287.6,2691.3,403.695,2287.605,2027,August,8,Q3,Wednesday,-0.005000000000109139
12064,2027-08-26,1747,Home,North,1,166.57,0.31,COD,3,4.9,114.93,166.57,51.6367,114.9333,2027,August,8,Q3,Thursday,-0.003299999999995862
12065,2027-08-27,1696,Beauty,East,3,216.3,0.16,Card,7,2.3,545.08,648.9000000000001,103.82400000000001,545.076,2027,August,8,Q3,Friday,0.004000000000019099
12066,2027-08-28,1271,Electronics,South,7,594.43,0.3,COD,2,2.4,2912.71,4161.009999999999,1248.3029999999997,2912.7069999999994,2027,August,8,Q3,Saturday,0.0030000000006111804
12067,2027-08-29,1439,Beauty,East,1,233.94,0.11,COD,5,1.9,208.21,233.94,25.7334,208.2066,2027,August,8,Q3,Sunday,0.0033999999999991815
12068,2027-08-30,1747,Electronics,South,5,460.07,0.12,Card,7,4.2,2024.31,2300.35,276.042,2024.308,2027,August,8,Q3,Monday,0.0019999999999527063
12069,2027-08-31,1238,Home,South,1,279.84,0.31,Wallet,6,1.6,193.09,279.84,86.75039999999998,193.0896,2027,August,8,Q3,Tuesday,0.0004000000000132786
12070,2027-09-01,1376,Home,West,7,479.11,0.15,COD,10,2.1,2850.7,3353.77,503.0655,2850.7045,2027,September,9,Q3,Wednesday,-0.004500000000007276
12071,2027-09-02,1265,Home,West,7,464.88,0.28,Card,7,2.2,2343.0,3254.16,911.1648,2342.9952,2027,September,9,Q3,Thursday,0.0048000000001593435
12072,2027-09-03,1925,Beauty,North,7,405.64,0.08,Wallet,2,2.5,2612.32,2839.48,227.1584,2612.3216,2027,September,9,Q3,Friday,-0.0016000000000531145
12073,2027-09-04,1920,Electronics,West,6,515.05,0.33,Wallet,7,2.7,2070.5,3090.2999999999997,1019.799,2070.5009999999997,2027,September,9,Q3,Saturday,-0.0009999999997489795
12074,2027-09-05,1358,Beauty,South,5,564.44,0.2,COD,2,3.2,2257.76,2822.2000000000003,564.44,2257.76,2027,September,9,Q3,Sunday,0.0
12075,2027-09-06,1339,Electronics,East,1,354.29,0.27,Card,7,4.8,258.63,354.29,95.65830000000001,258.6317,2027,September,9,Q3,Monday,-0.0017000000000280124
12076,2027-09-07,1388,Home,East,1,153.92,0.03,Wallet,8,2.0,149.3,153.92,4.6175999999999995,149.30239999999998,2027,September,9,Q3,Tuesday,-0.002399999999965985
12077,2027-09-08,1576,Home,North,3,248.2,0.17,Card,10,4.1,618.02,744.5999999999999,126.582,618.0179999999999,2027,September,9,Q3,Wednesday,0.002000000000066393
12078,2027-09-09,1989,Home,West,1,458.61,0.32,Card,8,3.7,311.85,458.61,146.7552,311.8548,2027,September,9,Q3,Thursday,-0.004799999999988813
12079,2027-09-10,1688,Electronics,North,5,395.77,0.31,Card,5,1.5,1365.41,1978.85,613.4435,1365.4065,2027,September,9,Q3,Friday,0.003500000000030923
12080,2027-09-11,1002,Beauty,South,6,119.01,0.02,COD,7,4.2,699.78,714.0600000000001,14.281200000000002,699.7788,2027,September,9,Q3,Saturday,0.001199999999926149
12081,2027-09-12,1428,Electronics,West,3,44.98,0.11,Wallet,11,1.4,120.1,134.94,14.843399999999999,120.0966,2027,September,9,Q3,Sunday,0.0033999999999991815
12082,2027-09-13,1141,Electronics,North,1,414.53,0.16,COD,8,4.0,348.21,414.53,66.3248,348.2052,2027,September,9,Q3,Monday,0.004799999999988813
12083,2027-09-14,1375,Home,East,3,161.88,0.06,Wallet,4,3.9,456.5,485.64,29.138399999999997,456.5016,2027,September,9,Q3,Tuesday,-0.001599999999996271
12084,2027-09-15,1669,Clothing,East,4,307.31,0.26,Card,2,3.8,909.64,1229.24,319.6024,909.6376,2027,September,9,Q3,Wednesday,0.002399999999965985
12085,2027-09-16,1323,Home,North,3,451.85,0.06,Card,7,2.1,1274.22,1355.5500000000002,81.33300000000001,1274.217,2027,September,9,Q3,Thursday,0.0029999999999290594
12086,2027-09-17,1145,Clothing,North,7,344.16,0.12,COD,1,3.3,2120.03,2409.1200000000003,289.0944,2120.0256000000004,2027,September,9,Q3,Friday,0.004399999999805004
12087,2027-09-18,1957,Electronics,North,6,63.73,0.23,Wallet,2,4.0,294.43,382.38,87.9474,294.4326,2027,September,9,Q3,Saturday,-0.002599999999972624
12088,2027-09-19,1292,Home,South,7,123.56,0.17,COD,10,3.6,717.88,864.9200000000001,147.03640000000001,717.8836000000001,2027,September,9,Q3,Sunday,-0.0036000000001195076
12089,2027-09-20,1664,Clothing,South,4,143.31,0.26,Card,7,4.2,424.2,573.24,149.04240000000001,424.19759999999997,2027,September,9,Q3,Monday,0.0024000000000228283
12090,2027-09-21,1431,Electronics,East,7,165.85,0.34,Card,10,3.8,766.23,1160.95,394.72300000000007,766.227,2027,September,9,Q3,Tuesday,0.0030000000000427463
12091,2027-09-22,1704,Home,South,4,345.76,0.04,Card,1,2.1,1327.72,1383.04,55.3216,1327.7184,2027,September,9,Q3,Wednesday,0.0016000000000531145
12092,2027-09-23,1948,Clothing,South,3,309.82,0.25,Card,7,1.6,697.1,929.46,232.365,697.095,2027,September,9,Q3,Thursday,0.0049999999999954525
12093,2027-09-24,1974,Clothing,West,5,133.85,0.08,Card,5,3.5,615.71,669.25,53.54,615.71,2027,September,9,Q3,Friday,0.0
12094,2027-09-25,1584,Clothing,South,6,54.52,0.15,Wallet,11,4.0,278.05,327.12,49.068,278.052,2027,September,9,Q3,Saturday,-0.0020000000000095497
12095,2027-09-26,1398,Home,West,5,115.29,0.01,COD,3,1.6,570.69,576.45,5.764500000000001,570.6855,2027,September,9,Q3,Sunday,0.004500000000007276
12096,2027-09-27,1816,Home,South,6,590.86,0.05,COD,11,1.7,3367.9,3545.16,177.258,3367.902,2027,September,9,Q3,Monday,-0.0019999999999527063
12097,2027-09-28,1888,Home,East,6,289.1,0.11,Card,2,1.0,1543.79,1734.6000000000001,190.806,1543.794,2027,September,9,Q3,Tuesday,-0.004000000000132786
12098,2027-09-29,1343,Electronics,North,7,522.4,0.12,Card,7,3.1,3217.98,3656.7999999999997,438.816,3217.984,2027,September,9,Q3,Wednesday,-0.0039999999999054126
12099,2027-09-30,1963,Home,East,7,511.52,0.31,COD,9,3.2,2470.64,3580.64,1109.9984,2470.6416,2027,September,9,Q3,Thursday,-0.0016000000000531145
12100,2027-10-01,1139,Home,South,5,314.24,0.26,Wallet,9,3.0,1162.69,1571.2,408.512,1162.688,2027,October,10,Q4,Friday,0.0019999999999527063
12101,2027-10-02,1186,Home,North,2,428.41,0.34,COD,10,2.3,565.5,856.82,291.3188,565.5012,2027,October,10,Q4,Saturday,-0.0012000000000398359
12102,2027-10-03,1804,Clothing,North,4,127.76,0.21,Wallet,10,2.7,403.72,511.04,107.3184,403.7216,2027,October,10,Q4,Sunday,-0.001599999999996271
12103,2027-10-04,1060,Beauty,North,7,417.71,0.08,Wallet,8,4.1,2690.05,2923.97,233.9176,2690.0523999999996,2027,October,10,Q4,Monday,-0.0023999999993975507
12104,2027-10-05,1996,Home,West,7,174.34,0.11,Card,2,1.7,1086.14,1220.38,134.2418,1086.1382,2027,October,10,Q4,Tuesday,0.0018000000000029104
12105,2027-10-06,1938,Electronics,East,7,501.76,0.11,Card,1,1.8,3125.96,3512.3199999999997,386.35519999999997,3125.9647999999997,2027,October,10,Q4,Wednesday,-0.004799999999704596
12106,2027-10-07,1379,Clothing,West,3,63.98,0.11,COD,8,3.7,170.83,191.94,21.1134,170.82659999999998,2027,October,10,Q4,Thursday,0.003400000000027603
12107,2027-10-08,1709,Beauty,North,5,467.29,0.24,Card,2,4.5,1775.7,2336.4500000000003,560.748,1775.7020000000002,2027,October,10,Q4,Friday,-0.00200000000018008
12108,2027-10-09,1806,Electronics,East,5,73.46,0.19,Card,4,2.4,297.51,367.29999999999995,69.78699999999999,297.513,2027,October,10,Q4,Saturday,-0.002999999999985903
12109,2027-10-10,1439,Beauty,East,7,530.5,0.13,Card,4,4.7,3230.74,3713.5,482.755,3230.745,2027,October,10,Q4,Sunday,-0.005000000000109139
12110,2027-10-11,1318,Home,South,3,192.96,0.05,Card,2,1.2,549.94,578.88,28.944000000000003,549.936,2027,October,10,Q4,Monday,0.004000000000019099
12111,2027-10-12,1301,Clothing,West,7,397.82,0.01,Wallet,4,1.5,2756.89,2784.74,27.847399999999997,2756.8925999999997,2027,October,10,Q4,Tuesday,-0.002599999999802094
12112,2027-10-13,1343,Electronics,West,4,300.19,0.08,Card,7,2.8,1104.7,1200.76,96.0608,1104.6992,2027,October,10,Q4,Wednesday,0.0008000000000265572
12113,2027-10-14,1010,Electronics,South,3,229.29,0.04,Card,6,3.9,660.36,687.87,27.5148,660.3552,2027,October,10,Q4,Thursday,0.004800000000045657
12114,2027-10-15,1061,Beauty,West,7,392.58,0.27,COD,10,2.5,2006.08,2748.06,741.9762000000001,2006.0837999999999,2027,October,10,Q4,Friday,-0.0037999999999556167
12115,2027-10-16,1844,Electronics,North,6,569.3,0.04,COD,6,3.2,3279.17,3415.7999999999997,136.632,3279.1679999999997,2027,October,10,Q4,Saturday,0.0020000000004074536
12116,2027-10-17,1225,Home,North,2,39.14,0.25,COD,4,1.1,58.71,78.28,19.57,58.71,2027,October,10,Q4,Sunday,0.0
12117,2027-10-18,1152,Clothing,West,6,552.53,0.13,Wallet,2,2.8,2884.21,3315.18,430.97339999999997,2884.2066,2027,October,10,Q4,Monday,0.003400000000056025
12118,2027-10-19,1710,Electronics,South,2,371.31,0.03,COD,5,2.0,720.34,742.62,22.2786,720.3414,2027,October,10,Q4,Tuesday,-0.0013999999999896318
12119,2027-10-20,1563,Electronics,East,3,487.28,0.28,COD,11,3.1,1052.52,1461.84,409.3152,1052.5248,2027,October,10,Q4,Wednesday,-0.00479999999993197
12120,2027-10-21,1771,Clothing,West,6,239.57,0.2,Card,3,3.1,1149.94,1437.42,287.48400000000004,1149.9360000000001,2027,October,10,Q4,Thursday,0.0039999999999054126
12121,2027-10-22,1570,Beauty,East,4,291.03,0.08,COD,3,4.0,1070.99,1164.12,93.1296,1070.9904,2027,October,10,Q4,Friday,-0.0003999999998995918
12122,2027-10-23,1583,Clothing,South,6,523.28,0.31,COD,4,3.2,2166.38,3139.68,973.3008,2166.3792,2027,October,10,Q4,Saturday,0.0008000000002539309
12123,2027-10-24,1659,Clothing,East,5,257.69,0.02,Wallet,11,3.5,1262.68,1288.45,25.769000000000002,1262.681,2027,October,10,Q4,Sunday,-0.0009999999999763531
12124,2027-10-25,1860,Electronics,South,2,327.78,0.07,Wallet,11,3.1,609.67,655.56,45.8892,609.6708,2027,October,10,Q4,Monday,-0.0008000000000265572
12125,2027-10-26,1574,Clothing,South,2,26.81,0.26,COD,5,5.0,39.68,53.62,13.9412,39.678799999999995,2027,October,10,Q4,Tuesday,0.0012000000000043087
12126,2027-10-27,1309,Clothing,North,7,107.78,0.25,COD,11,4.2,565.84,754.46,188.615,565.845,2027,October,10,Q4,Wednesday,-0.0049999999999954525
12127,2027-10-28,1884,Beauty,North,4,390.39,0.1,Card,2,4.0,1405.4,1561.56,156.156,1405.404,2027,October,10,Q4,Thursday,-0.0039999999999054126
12128,2027-10-29,1242,Clothing,South,2,434.43,0.02,Card,6,3.5,851.48,868.86,17.377200000000002,851.4828,2027,October,10,Q4,Friday,-0.0027999999999792635
12129,2027-10-30,1492,Clothing,West,2,355.82,0.3,Card,6,3.1,498.15,711.64,213.492,498.148,2027,October,10,Q4,Saturday,0.0019999999999527063
12130,2027-10-31,1365,Electronics,North,7,98.84,0.11,Card,8,2.4,615.77,691.88,76.1068,615.7732,2027,October,10,Q4,Sunday,-0.003199999999992542
12131,2027-11-01,1329,Beauty,South,4,275.56,0.07,Card,2,4.1,1025.08,1102.24,77.1568,1025.0832,2027,November,11,Q4,Monday,-0.003200000000106229
12132,2027-11-02,1106,Electronics,East,6,222.73,0.18,Card,8,1.8,1095.83,1336.3799999999999,240.54839999999996,1095.8316,2027,November,11,Q4,Tuesday,-0.0016000000000531145
12133,2027-11-03,1225,Electronics,East,3,304.96,0.32,COD,8,1.1,622.12,914.8799999999999,292.7616,622.1183999999998,2027,November,11,Q4,Wednesday,0.0016000000001668013
12134,2027-11-04,1824,Home,West,6,524.14,0.02,COD,4,3.8,3081.94,3144.84,62.896800000000006,3081.9432,2027,November,11,Q4,Thursday,-0.003200000000106229
12135,2027-11-05,1217,Clothing,East,5,468.88,0.27,COD,7,1.6,1711.41,2344.4,632.988,1711.412,2027,November,11,Q4,Friday,-0.0019999999999527063
12136,2027-11-06,1936,Clothing,East,5,64.13,0.2,COD,7,4.6,256.52,320.65,64.13,256.52,2027,November,11,Q4,Saturday,0.0
12137,2027-11-07,1752,Clothing,South,2,535.83,0.15,Card,1,4.1,910.91,1071.66,160.749,910.9110000000001,2027,November,11,Q4,Sunday,-0.00100000000009004
12138,2027-11-08,1505,Home,East,5,290.98,0.26,Wallet,1,3.4,1076.63,1454.9,378.27400000000006,1076.626,2027,November,11,Q4,Monday,0.004000000000132786
12139,2027-11-09,1258,Electronics,East,3,450.16,0.34,Card,8,2.3,891.32,1350.48,459.1632,891.3168000000001,2027,November,11,Q4,Tuesday,0.003199999999992542
12140,2027-11-10,1887,Home,East,2,96.92,0.08,Wallet,11,3.6,178.33,193.84,15.507200000000001,178.3328,2027,November,11,Q4,Wednesday,-0.0027999999999792635
12141,2027-11-11,1773,Clothing,East,7,407.37,0.05,Card,1,2.9,2709.01,2851.59,142.57950000000002,2709.0105000000003,2027,November,11,Q4,Thursday,-0.0005000000001018634
12142,2027-11-12,1516,Clothing,South,5,153.25,0.32,COD,3,2.2,521.05,766.25,245.20000000000002,521.05,2027,November,11,Q4,Friday,0.0
12143,2027-11-13,1772,Clothing,East,7,271.45,0.23,Card,6,4.8,1463.12,1900.1499999999999,437.0345,1463.1154999999999,2027,November,11,Q4,Saturday,0.004500000000007276
12144,2027-11-14,1053,Electronics,West,1,24.86,0.15,Card,8,1.6,21.13,24.86,3.7289999999999996,21.131,2027,November,11,Q4,Sunday,-0.0010000000000012221
12145,2027-11-15,1046,Home,North,1,103.69,0.2,Card,5,4.0,82.95,103.69,20.738,82.952,2027,November,11,Q4,Monday,-0.001999999999995339
12146,2027-11-16,1726,Clothing,West,1,68.87,0.26,COD,5,4.2,50.96,68.87,17.906200000000002,50.963800000000006,2027,November,11,Q4,Tuesday,-0.0038000000000053547
12147,2027-11-17,1688,Electronics,North,7,155.25,0.27,Card,4,4.8,793.33,1086.75,293.4225,793.3275,2027,November,11,Q4,Wednesday,0.0025000000000545697
12148,2027-11-18,1520,Clothing,West,1,73.51,0.32,COD,4,3.2,49.99,73.51,23.523200000000003,49.9868,2027,November,11,Q4,Thursday,0.0031999999999996476
12149,2027-11-19,1098,Beauty,North,6,419.77,0.15,Card,7,3.1,2140.83,2518.62,377.79299999999995,2140.8269999999998,2027,November,11,Q4,Friday,0.003000000000156433
12150,2027-11-20,1019,Clothing,North,1,31.99,0.1,Card,6,4.7,28.79,31.99,3.199,28.790999999999997,2027,November,11,Q4,Saturday,-0.0009999999999976694
12151,2027-11-21,1889,Beauty,North,2,376.38,0.22,Wallet,8,4.2,587.15,752.76,165.6072,587.1528,2027,November,11,Q4,Sunday,-0.0027999999999792635
12152,2027-11-22,1752,Electronics,North,4,97.31,0.15,Wallet,11,4.1,330.85,389.24,58.385999999999996,330.85400000000004,2027,November,11,Q4,Monday,-0.004000000000019099
12153,2027-11-23,1572,Electronics,South,6,567.92,0.21,COD,6,4.2,2691.94,3407.5199999999995,715.5791999999999,2691.9407999999994,2027,November,11,Q4,Tuesday,-0.0007999999993444362
12154,2027-11-24,1890,Electronics,West,4,560.86,0.15,Card,11,3.0,1906.92,2243.44,336.516,1906.924,2027,November,11,Q4,Wednesday,-0.0039999999999054126
12155,2027-11-25,1489,Clothing,North,2,146.92,0.05,Card,10,1.2,279.15,293.84,14.692,279.14799999999997,2027,November,11,Q4,Thursday,0.0020000000000095497
12156,2027-11-26,1418,Electronics,West,2,374.44,0.16,Wallet,7,1.8,629.06,748.88,119.8208,629.0592,2027,November,11,Q4,Friday,0.0007999999999128704
12157,2027-11-27,1689,Electronics,East,3,31.38,0.24,Card,10,3.6,71.55,94.14,22.5936,71.5464,2027,November,11,Q4,Saturday,0.00359999999999161
12158,2027-11-28,1849,Beauty,North,6,560.1,0.28,Wallet,10,2.6,2419.63,3360.6000000000004,940.9680000000002,2419.632,2027,November,11,Q4,Sunday,-0.0019999999999527063
12159,2027-11-29,1061,Home,West,4,320.95,0.17,Card,5,3.4,1065.55,1283.8,218.246,1065.5539999999999,2027,November,11,Q4,Monday,-0.0039999999999054126
12160,2027-11-30,1144,Home,South,1,40.29,0.06,Wallet,6,3.2,37.87,40.29,2.4173999999999998,37.8726,2027,November,11,Q4,Tuesday,-0.002600000000001046
12161,2027-12-01,1215,Electronics,West,2,215.36,0.15,Card,1,2.8,366.11,430.72,64.608,366.112,2027,December,12,Q4,Wednesday,-0.0020000000000095497
12162,2027-12-02,1002,Electronics,North,1,59.96,0.28,Card,3,1.9,43.17,59.96,16.788800000000002,43.1712,2027,December,12,Q4,Thursday,-0.0011999999999972033
12163,2027-12-03,1159,Electronics,East,4,244.87,0.14,COD,8,3.9,842.35,979.48,137.12720000000002,842.3528,2027,December,12,Q4,Friday,-0.0027999999999792635
12164,2027-12-04,1738,Home,West,7,406.91,0.24,Wallet,3,4.6,2164.76,2848.3700000000003,683.6088000000001,2164.7612000000004,2027,December,12,Q4,Saturday,-0.0012000000001535227
12165,2027-12-05,1997,Beauty,East,6,289.89,0.18,Wallet,1,4.1,1426.26,1739.34,313.08119999999997,1426.2588,2027,December,12,Q4,Sunday,0.001199999999926149
12166,2027-12-06,1780,Clothing,South,5,239.48,0.08,COD,3,1.5,1101.61,1197.3999999999999,95.79199999999999,1101.608,2027,December,12,Q4,Monday,0.0019999999999527063
12167,2027-12-07,1119,Electronics,West,7,84.71,0.28,COD,4,3.2,426.94,592.9699999999999,166.0316,426.9383999999999,2027,December,12,Q4,Tuesday,0.001600000000109958
12168,2027-12-08,1892,Clothing,West,7,158.29,0.03,COD,8,4.3,1074.79,1108.03,33.240899999999996,1074.7891,2027,December,12,Q4,Wednesday,0.0009000000000014552
12169,2027-12-09,1088,Electronics,South,5,73.58,0.18,COD,9,3.4,301.68,367.9,66.222,301.678,2027,December,12,Q4,Thursday,0.0020000000000095497
12170,2027-12-10,1328,Clothing,South,2,487.39,0.07,Wallet,4,2.8,906.55,974.78,68.2346,906.5454,2027,December,12,Q4,Friday,0.004599999999982174
12171,2027-12-11,1579,Clothing,South,3,94.12,0.02,COD,7,2.1,276.71,282.36,5.647200000000001,276.7128,2027,December,12,Q4,Saturday,-0.002800000000036107
12172,2027-12-12,1909,Home,North,1,363.29,0.18,COD,1,2.3,297.9,363.29,65.3922,297.8978,2027,December,12,Q4,Sunday,0.0021999999999593456
12173,2027-12-13,1356,Electronics,North,2,215.5,0.17,COD,9,2.0,357.73,431.0,73.27000000000001,357.73,2027,December,12,Q4,Monday,0.0
12174,2027-12-14,1609,Electronics,West,3,147.2,0.25,COD,11,1.8,331.2,441.59999999999997,110.39999999999999,331.2,2027,December,12,Q4,Tuesday,0.0
12175,2027-12-15,1266,Beauty,West,1,389.09,0.26,Wallet,4,3.4,287.93,389.09,101.1634,287.9266,2027,December,12,Q4,Wednesday,0.0033999999999991815
12176,2027-12-16,1616,Electronics,West,4,282.35,0.25,Card,9,3.0,847.05,1129.4,282.35,847.0500000000001,2027,December,12,Q4,Thursday,-1.1368683772161603e-13
12177,2027-12-17,1951,Electronics,East,7,249.09,0.14,Card,3,3.9,1499.52,1743.63,244.10820000000004,1499.5218,2027,December,12,Q4,Friday,-0.0018000000000029104
12178,2027-12-18,1322,Electronics,South,7,361.82,0.22,COD,11,2.2,1975.54,2532.74,557.2027999999999,1975.5371999999998,2027,December,12,Q4,Saturday,0.002800000000206637
12179,2027-12-19,1634,Electronics,West,5,302.39,0.2,Card,5,2.8,1209.56,1511.9499999999998,302.39,1209.56,2027,December,12,Q4,Sunday,0.0
12180,2027-12-20,1987,Clothing,South,3,192.54,0.15,COD,1,3.7,490.98,577.62,86.643,490.977,2027,December,12,Q4,Monday,0.0030000000000427463
12181,2027-12-21,1540,Home,North,1,342.05,0.21,Wallet,11,4.9,270.22,342.05,71.8305,270.21950000000004,2027,December,12,Q4,Tuesday,0.0004999999999881766
12182,2027-12-22,1648,Electronics,South,2,406.66,0.33,COD,3,2.4,544.92,813.32,268.3956,544.9244000000001,2027,December,12,Q4,Wednesday,-0.004400000000146065
12183,2027-12-23,1194,Clothing,East,1,30.62,0.07,Wallet,5,2.2,28.48,30.62,2.1434,28.4766,2027,December,12,Q4,Thursday,0.0033999999999991815
12184,2027-12-24,1920,Home,East,2,287.53,0.32,Card,6,2.8,391.04,575.06,184.01919999999998,391.0408,2027,December,12,Q4,Friday,-0.0007999999999697138
12185,2027-12-25,1737,Clothing,South,7,48.74,0.02,Wallet,8,3.9,334.36,341.18,6.8236,334.3564,2027,December,12,Q4,Saturday,0.0036000000000058208
12186,2027-12-26,1331,Beauty,East,5,124.05,0.11,COD,1,4.8,552.02,620.25,68.2275,552.0225,2027,December,12,Q4,Sunday,-0.0025000000000545697
12187,2027-12-27,1169,Beauty,East,5,342.9,0.1,Card,3,3.1,1543.05,1714.5,171.45000000000002,1543.05,2027,December,12,Q4,Monday,0.0
12188,2027-12-28,1520,Electronics,North,1,521.72,0.22,COD,1,4.2,406.94,521.72,114.7784,406.9416,2027,December,12,Q4,Tuesday,-0.001599999999996271
12189,2027-12-29,1462,Home,West,1,531.44,0.05,Wallet,5,2.9,504.87,531.44,26.572000000000003,504.86800000000005,2027,December,12,Q4,Wednesday,0.0019999999999527063
12190,2027-12-30,1039,Clothing,East,2,55.92,0.31,Card,8,1.2,77.17,111.84,34.6704,77.1696,2027,December,12,Q4,Thursday,0.00039999999999906777
12191,2027-12-31,1536,Beauty,West,2,260.18,0.29,COD,4,4.6,369.46,520.36,150.90439999999998,369.4556,2027,December,12,Q4,Friday,0.004399999999975535
12192,2028-01-01,1260,Clothing,South,3,356.06,0.23,Wallet,11,2.2,822.5,1068.18,245.68140000000002,822.4986,2028,January,1,Q1,Saturday,0.0013999999999896318
12193,2028-01-02,1394,Beauty,South,7,101.04,0.16,Card,9,1.6,594.12,707.2800000000001,113.16480000000001,594.1152000000001,2028,January,1,Q1,Sunday,0.00479999999993197
12194,2028-01-03,1954,Home,East,3,462.78,0.33,COD,6,5.0,930.19,1388.34,458.1522,930.1877999999999,2028,January,1,Q1,Monday,0.002200000000129876
12195,2028-01-04,1225,Electronics,South,3,450.38,0.29,COD,6,2.4,959.31,1351.1399999999999,391.83059999999995,959.3093999999999,2028,January,1,Q1,Tuesday,0.0006000000000767614
12196,2028-01-05,1983,Clothing,North,1,543.45,0.17,Card,11,1.5,451.06,543.45,92.38650000000001,451.06350000000003,2028,January,1,Q1,Wednesday,-0.003500000000030923
12197,2028-01-06,1123,Beauty,East,6,19.96,0.25,COD,5,2.2,89.82,119.76,29.94,89.82000000000001,2028,January,1,Q1,Thursday,-1.4210854715202004e-14
12198,2028-01-07,1974,Beauty,East,6,141.76,0.2,Card,10,3.1,680.45,850.56,170.112,680.448,2028,January,1,Q1,Friday,0.002000000000066393
12199,2028-01-08,1037,Electronics,East,6,498.9,0.21,COD,5,1.4,2364.79,2993.3999999999996,628.6139999999999,2364.7859999999996,2028,January,1,Q1,Saturday,0.00400000000036016
12200,2028-01-09,1327,Home,South,6,407.29,0.12,Card,11,2.4,2150.49,2443.7400000000002,293.2488,2150.4912000000004,2028,January,1,Q1,Sunday,-0.00120000000060827
12201,2028-01-10,1250,Electronics,South,3,538.22,0.16,Card,7,3.7,1356.31,1614.66,258.3456,1356.3144000000002,2028,January,1,Q1,Monday,-0.004400000000259752
12202,2028-01-11,1900,Electronics,East,1,48.45,0.03,COD,8,4.7,47.0,48.45,1.4535,46.996500000000005,2028,January,1,Q1,Tuesday,0.0034999999999953957
12203,2028-01-12,1175,Clothing,West,6,364.22,0.13,Card,7,2.6,1901.23,2185.32,284.0916,1901.2284000000002,2028,January,1,Q1,Wednesday,0.0015999999998257408
12204,2028-01-13,1601,Electronics,South,5,347.89,0.24,Card,1,3.3,1321.98,1739.4499999999998,417.46799999999996,1321.982,2028,January,1,Q1,Thursday,-0.0019999999999527063
12205,2028-01-14,1913,Home,South,4,35.87,0.33,Wallet,1,3.5,96.13,143.48,47.3484,96.13159999999999,2028,January,1,Q1,Friday,-0.001599999999996271
12206,2028-01-15,1453,Electronics,East,5,315.41,0.34,Wallet,10,1.3,1040.85,1577.0500000000002,536.1970000000001,1040.853,2028,January,1,Q1,Saturday,-0.003000000000156433
12207,2028-01-16,1036,Home,West,1,371.57,0.19,Wallet,6,2.4,300.97,371.57,70.5983,300.9717,2028,January,1,Q1,Sunday,-0.001699999999971169
12208,2028-01-17,1315,Electronics,East,1,126.91,0.21,COD,3,3.7,100.26,126.91,26.6511,100.2589,2028,January,1,Q1,Monday,0.0011000000000080945
12209,2028-01-18,1687,Electronics,South,4,174.9,0.07,Wallet,9,3.9,650.63,699.6,48.97200000000001,650.628,2028,January,1,Q1,Tuesday,0.0019999999999527063
12210,2028-01-19,1972,Electronics,East,2,389.6,0.24,Wallet,11,2.4,592.19,779.2,187.008,592.192,2028,January,1,Q1,Wednesday,-0.0019999999999527063
12211,2028-01-20,1795,Electronics,East,2,288.96,0.02,Card,7,1.0,566.36,577.92,11.558399999999999,566.3616,2028,January,1,Q1,Thursday,-0.0015999999999394277
12212,2028-01-21,1964,Electronics,East,2,516.94,0.1,Card,2,1.0,930.49,1033.88,103.38800000000002,930.4920000000001,2028,January,1,Q1,Friday,-0.002000000000066393
12213,2028-01-22,1972,Electronics,West,3,215.29,0.23,Card,3,3.2,497.32,645.87,148.55010000000001,497.31989999999996,2028,January,1,Q1,Saturday,0.00010000000003174137
12214,2028-01-23,1592,Clothing,East,2,171.0,0.11,COD,8,3.2,304.38,342.0,37.62,304.38,2028,January,1,Q1,Sunday,0.0
12215,2028-01-24,1113,Electronics,South,7,591.15,0.02,Wallet,1,3.2,4055.29,4138.05,82.76100000000001,4055.289,2028,January,1,Q1,Monday,0.0009999999997489795
12216,2028-01-25,1039,Clothing,East,3,548.01,0.29,COD,5,3.9,1167.26,1644.03,476.76869999999997,1167.2613000000001,2028,January,1,Q1,Tuesday,-0.0013000000001284207
12217,2028-01-26,1300,Clothing,West,3,31.96,0.11,COD,10,4.7,85.33,95.88,10.5468,85.33319999999999,2028,January,1,Q1,Wednesday,-0.003199999999992542
12218,2028-01-27,1223,Beauty,North,2,465.88,0.02,Card,1,5.0,913.12,931.76,18.6352,913.1247999999999,2028,January,1,Q1,Thursday,-0.00479999999993197
12219,2028-01-28,1317,Beauty,West,2,79.55,0.03,Card,9,3.8,154.33,159.1,4.773,154.327,2028,January,1,Q1,Friday,0.0030000000000143245
12220,2028-01-29,1348,Clothing,East,4,31.08,0.09,COD,7,3.1,113.13,124.32,11.188799999999999,113.13119999999999,2028,January,1,Q1,Saturday,-0.0011999999999972033
12221,2028-01-30,1114,Electronics,North,6,175.11,0.06,Wallet,5,1.6,987.62,1050.66,63.0396,987.6204000000001,2028,January,1,Q1,Sunday,-0.00040000000012696546
12222,2028-01-31,1697,Electronics,East,4,172.57,0.27,Card,6,2.5,503.9,690.28,186.3756,503.9044,2028,January,1,Q1,Monday,-0.004400000000032378
12223,2028-02-01,1322,Beauty,West,3,494.3,0.11,Wallet,11,3.3,1319.78,1482.9,163.119,1319.7810000000002,2028,February,2,Q1,Tuesday,-0.0010000000002037268
12224,2028-02-02,1567,Electronics,North,4,430.74,0.28,Card,3,5.0,1240.53,1722.96,482.4288000000001,1240.5312,2028,February,2,Q1,Wednesday,-0.001199999999926149
12225,2028-02-03,1039,Electronics,North,3,589.24,0.06,COD,3,1.5,1661.66,1767.72,106.0632,1661.6568,2028,February,2,Q1,Thursday,0.003200000000106229
12226,2028-02-04,1865,Electronics,East,1,431.24,0.17,COD,7,4.2,357.93,431.24,73.3108,357.92920000000004,2028,February,2,Q1,Friday,0.0007999999999697138
12227,2028-02-05,1039,Electronics,East,3,259.68,0.24,Wallet,7,5.0,592.07,779.04,186.96959999999999,592.0704,2028,February,2,Q1,Saturday,-0.0003999999998995918
12228,2028-02-06,1858,Electronics,West,3,423.87,0.23,Card,7,4.2,979.14,1271.6100000000001,292.47030000000007,979.1397000000001,2028,February,2,Q1,Sunday,0.00029999999992469384
12229,2028-02-07,1972,Home,East,4,599.68,0.21,Card,2,4.1,1894.99,2398.72,503.73119999999994,1894.9887999999999,2028,February,2,Q1,Monday,0.0012000000001535227
12230,2028-02-08,1748,Electronics,North,6,430.43,0.32,Card,2,2.0,1756.15,2582.58,826.4256,1756.1544,2028,February,2,Q1,Tuesday,-0.004399999999805004
12231,2028-02-09,1288,Clothing,South,1,460.58,0.08,Wallet,11,1.0,423.73,460.58,36.8464,423.73359999999997,2028,February,2,Q1,Wednesday,-0.0035999999999489773
12232,2028-02-10,1261,Electronics,South,5,563.94,0.17,Card,5,1.9,2340.35,2819.7000000000003,479.3490000000001,2340.351,2028,February,2,Q1,Thursday,-0.0010000000002037268
12233,2028-02-11,1215,Electronics,West,5,81.49,0.31,Card,4,4.2,281.14,407.45,126.3095,281.1405,2028,February,2,Q1,Friday,-0.0004999999999881766
12234,2028-02-12,1146,Beauty,East,6,427.3,0.03,COD,7,1.4,2486.89,2563.8,76.914,2486.886,2028,February,2,Q1,Saturday,0.0039999999999054126
12235,2028-02-13,1335,Electronics,West,5,512.72,0.02,COD,3,2.2,2512.33,2563.6000000000004,51.272000000000006,2512.3280000000004,2028,February,2,Q1,Sunday,0.001999999999497959
12236,2028-02-14,1167,Home,South,1,573.31,0.08,Wallet,5,3.3,527.45,573.31,45.864799999999995,527.4452,2028,February,2,Q1,Monday,0.004800000000045657
12237,2028-02-15,1091,Clothing,South,2,138.42,0.22,Wallet,2,3.3,215.94,276.84,60.904799999999994,215.93519999999998,2028,February,2,Q1,Tuesday,0.004800000000017235
12238,2028-02-16,1352,Electronics,East,1,309.8,0.09,COD,1,3.2,281.92,309.8,27.882,281.918,2028,February,2,Q1,Wednesday,0.0020000000000095497
12239,2028-02-17,1570,Beauty,North,4,413.12,0.07,Wallet,9,4.9,1536.81,1652.48,115.67360000000001,1536.8064,2028,February,2,Q1,Thursday,0.0036000000000058208
12240,2028-02-18,1570,Electronics,East,7,159.77,0.16,COD,4,1.0,939.45,1118.39,178.94240000000002,939.4476000000001,2028,February,2,Q1,Friday,0.002399999999965985
12241,2028-02-19,1815,Beauty,South,3,366.28,0.21,Card,8,3.0,868.08,1098.84,230.75639999999999,868.0835999999999,2028,February,2,Q1,Saturday,-0.003599999999892134
12242,2028-02-20,1680,Electronics,North,3,165.68,0.09,Wallet,7,3.0,452.31,497.04,44.7336,452.3064,2028,February,2,Q1,Sunday,0.0036000000000058208
12243,2028-02-21,1780,Beauty,West,4,210.07,0.11,COD,1,2.2,747.85,840.28,92.43079999999999,747.8492,2028,February,2,Q1,Monday,0.0008000000000265572
12244,2028-02-22,1362,Electronics,South,4,273.29,0.21,Card,10,3.1,863.6,1093.16,229.5636,863.5964000000001,2028,February,2,Q1,Tuesday,0.003599999999892134
12245,2028-02-23,1556,Clothing,West,7,324.58,0.33,COD,11,3.7,1522.28,2272.06,749.7798,1522.2802,2028,February,2,Q1,Wednesday,-0.0001999999999497959
12246,2028-02-24,1344,Home,North,7,277.88,0.24,Card,7,3.7,1478.32,1945.1599999999999,466.8383999999999,1478.3216,2028,February,2,Q1,Thursday,-0.0016000000000531145
12247,2028-02-25,1692,Beauty,West,3,303.52,0.27,Card,2,1.4,664.71,910.56,245.8512,664.7087999999999,2028,February,2,Q1,Friday,0.0012000000001535227
12248,2028-02-26,1169,Beauty,South,7,189.67,0.13,COD,3,4.2,1155.09,1327.6899999999998,172.59969999999998,1155.0902999999998,2028,February,2,Q1,Saturday,-0.00029999999992469384
12249,2028-02-27,1355,Home,East,7,107.99,0.1,Wallet,1,4.7,680.34,755.93,75.593,680.337,2028,February,2,Q1,Sunday,0.0030000000000427463
12250,2028-02-28,1190,Beauty,West,7,42.7,0.16,COD,7,1.5,251.08,298.90000000000003,47.824000000000005,251.07600000000002,2028,February,2,Q1,Monday,0.003999999999990678
12251,2028-02-29,1666,Electronics,South,6,129.65,0.28,Card,3,2.7,560.09,777.9000000000001,217.81200000000004,560.0880000000001,2028,February,2,Q1,Tuesday,0.0019999999999527063
12252,2028-03-01,1421,Electronics,South,2,355.44,0.16,Wallet,6,3.0,597.14,710.88,113.74080000000001,597.1392,2028,March,3,Q1,Wednesday,0.0008000000000265572
12253,2028-03-02,1699,Electronics,North,7,474.88,0.3,Card,7,1.5,2326.91,3324.16,997.2479999999999,2326.912,2028,March,3,Q1,Thursday,-0.0019999999999527063
12254,2028-03-03,1006,Clothing,South,2,114.01,0.35,Card,3,3.0,148.21,228.02,79.807,148.21300000000002,2028,March,3,Q1,Friday,-0.0030000000000143245
12255,2028-03-04,1132,Clothing,East,2,78.5,0.03,Card,2,1.8,152.29,157.0,4.71,152.29,2028,March,3,Q1,Saturday,0.0
12256,2028-03-05,1746,Clothing,East,4,453.33,0.02,Card,9,4.7,1777.05,1813.32,36.2664,1777.0536,2028,March,3,Q1,Sunday,-0.0036000000000058208
12257,2028-03-06,1556,Electronics,West,7,193.52,0.05,Card,9,2.8,1286.91,1354.64,67.73200000000001,1286.9080000000001,2028,March,3,Q1,Monday,0.0019999999999527063
12258,2028-03-07,1825,Home,West,3,571.63,0.13,COD,7,5.0,1491.95,1714.8899999999999,222.9357,1491.9542999999999,2028,March,3,Q1,Tuesday,-0.004299999999830106
12259,2028-03-08,1760,Electronics,West,6,432.88,0.05,Wallet,5,1.2,2467.42,2597.2799999999997,129.864,2467.4159999999997,2028,March,3,Q1,Wednesday,0.00400000000036016
12260,2028-03-09,1030,Electronics,West,3,206.15,0.3,Wallet,4,1.5,432.92,618.45,185.535,432.9150000000001,2028,March,3,Q1,Thursday,0.004999999999938609
12261,2028-03-10,1534,Clothing,East,7,184.38,0.01,Wallet,4,2.8,1277.75,1290.6599999999999,12.9066,1277.7533999999998,2028,March,3,Q1,Friday,-0.003399999999828651
12262,2028-03-11,1425,Home,North,3,321.36,0.11,COD,1,4.5,858.03,964.08,106.0488,858.0312,2028,March,3,Q1,Saturday,-0.0012000000000398359
12263,2028-03-12,1393,Home,West,7,61.3,0.06,COD,4,3.2,403.35,429.09999999999997,25.746,403.354,2028,March,3,Q1,Sunday,-0.003999999999962256
12264,2028-03-13,1671,Clothing,North,6,83.84,0.33,Wallet,7,3.9,337.04,503.04,166.00320000000002,337.03679999999997,2028,March,3,Q1,Monday,0.0032000000000493856
12265,2028-03-14,1362,Electronics,South,1,117.88,0.23,COD,5,2.7,90.77,117.88,27.1124,90.76759999999999,2028,March,3,Q1,Tuesday,0.0024000000000086175
12266,2028-03-15,1436,Clothing,South,6,468.21,0.32,COD,9,1.2,1910.3,2809.2599999999998,898.9631999999999,1910.2967999999998,2028,March,3,Q1,Wednesday,0.003200000000106229
12267,2028-03-16,1669,Electronics,West,1,315.61,0.34,COD,4,3.6,208.3,315.61,107.30740000000002,208.30259999999998,2028,March,3,Q1,Thursday,-0.002599999999972624
12268,2028-03-17,1550,Clothing,South,5,21.18,0.17,Card,11,3.5,87.9,105.9,18.003000000000004,87.897,2028,March,3,Q1,Friday,0.0030000000000001137
12269,2028-03-18,1926,Clothing,North,1,409.01,0.08,COD,3,1.3,376.29,409.01,32.7208,376.2892,2028,March,3,Q1,Saturday,0.0008000000000265572
12270,2028-03-19,1081,Electronics,North,2,262.86,0.07,COD,6,1.7,488.92,525.72,36.8004,488.9196,2028,March,3,Q1,Sunday,0.0004000000000132786
12271,2028-03-20,1355,Electronics,South,2,313.85,0.08,COD,4,2.9,577.48,627.7,50.21600000000001,577.484,2028,March,3,Q1,Monday,-0.004000000000019099
12272,2028-03-21,1257,Beauty,West,6,140.26,0.25,Card,11,2.8,631.17,841.56,210.39,631.17,2028,March,3,Q1,Tuesday,0.0
12273,2028-03-22,1717,Beauty,North,2,337.79,0.01,COD,2,4.0,668.82,675.58,6.755800000000001,668.8242,2028,March,3,Q1,Wednesday,-0.004199999999968895
12274,2028-03-23,1588,Clothing,North,2,587.8,0.02,Wallet,5,2.5,1152.09,1175.6,23.511999999999997,1152.088,2028,March,3,Q1,Thursday,0.0019999999999527063
12275,2028-03-24,1988,Electronics,East,5,57.97,0.21,Wallet,4,3.7,228.98,289.85,60.868500000000004,228.9815,2028,March,3,Q1,Friday,-0.0015000000000213731
12276,2028-03-25,1523,Electronics,West,2,181.09,0.22,Card,5,3.8,282.5,362.18,79.67960000000001,282.5004,2028,March,3,Q1,Saturday,-0.0004000000000132786
12277,2028-03-26,1294,Clothing,East,4,157.15,0.23,Card,9,3.6,484.02,628.6,144.578,484.02200000000005,2028,March,3,Q1,Sunday,-0.002000000000066393
12278,2028-03-27,1961,Beauty,South,4,160.4,0.13,COD,4,3.4,558.19,641.6,83.408,558.192,2028,March,3,Q1,Monday,-0.0019999999999527063
12279,2028-03-28,1223,Electronics,South,4,236.54,0.28,Card,6,4.2,681.24,946.16,264.9248,681.2352,2028,March,3,Q1,Tuesday,0.004800000000045657
12280,2028-03-29,1524,Home,East,1,493.59,0.19,Card,4,3.6,399.81,493.59,93.7821,399.80789999999996,2028,March,3,Q1,Wednesday,0.002100000000041291
12281,2028-03-30,1045,Electronics,West,6,549.02,0.04,Card,1,4.3,3162.36,3294.12,131.7648,3162.3552,2028,March,3,Q1,Thursday,0.0048000000001593435
12282,2028-03-31,1666,Beauty,North,6,133.3,0.28,Wallet,2,3.5,575.86,799.8000000000001,223.94400000000005,575.856,2028,March,3,Q1,Friday,0.004000000000019099
12283,2028-04-01,1112,Clothing,South,3,332.63,0.33,COD,6,1.6,668.59,997.89,329.3037,668.5862999999999,2028,April,4,Q2,Saturday,0.0037000000000944056
12284,2028-04-02,1232,Home,West,5,387.59,0.02,COD,8,2.2,1899.19,1937.9499999999998,38.759,1899.1909999999998,2028,April,4,Q2,Sunday,-0.0009999999997489795
12285,2028-04-03,1016,Electronics,West,4,320.27,0.14,COD,9,2.3,1101.73,1281.08,179.3512,1101.7287999999999,2028,April,4,Q2,Monday,0.0012000000001535227
12286,2028-04-04,1359,Clothing,South,4,268.93,0.17,COD,4,1.4,892.85,1075.72,182.87240000000003,892.8476,2028,April,4,Q2,Tuesday,0.002399999999965985
12287,2028-04-05,1222,Electronics,South,2,127.31,0.05,Card,6,3.8,241.89,254.62,12.731000000000002,241.889,2028,April,4,Q2,Wednesday,0.0009999999999763531
12288,2028-04-06,1865,Electronics,West,4,300.61,0.3,COD,3,3.4,841.71,1202.44,360.732,841.7080000000001,2028,April,4,Q2,Thursday,0.0019999999999527063
12289,2028-04-07,1699,Beauty,North,2,249.71,0.1,Card,9,3.4,449.48,499.42,49.94200000000001,449.478,2028,April,4,Q2,Friday,0.0020000000000095497
12290,2028-04-08,1447,Beauty,East,2,480.4,0.27,COD,8,2.9,701.38,960.8,259.416,701.384,2028,April,4,Q2,Saturday,-0.004000000000019099
12291,2028-04-09,1855,Beauty,South,3,461.71,0.23,Card,1,3.2,1066.55,1385.1299999999999,318.5799,1066.5501,2028,April,4,Q2,Sunday,-9.999999997489795e-05
12292,2028-04-10,1364,Clothing,East,1,93.39,0.21,COD,2,1.0,73.78,93.39,19.6119,73.7781,2028,April,4,Q2,Monday,0.00190000000000623
12293,2028-04-11,1674,Home,West,2,66.78,0.07,COD,10,1.4,124.21,133.56,9.349200000000002,124.2108,2028,April,4,Q2,Tuesday,-0.0008000000000123464
12294,2028-04-12,1325,Electronics,East,2,546.27,0.08,Card,9,3.7,1005.14,1092.54,87.4032,1005.1368,2028,April,4,Q2,Wednesday,0.003199999999992542
12295,2028-04-13,1466,Electronics,North,6,328.27,0.02,Card,10,2.0,1930.23,1969.62,39.3924,1930.2276,2028,April,4,Q2,Thursday,0.0024000000000796717
12296,2028-04-14,1413,Electronics,West,3,516.81,0.08,Card,3,1.4,1426.4,1550.4299999999998,124.03439999999999,1426.3955999999998,2028,April,4,Q2,Friday,0.004400000000259752
12297,2028-04-15,1454,Clothing,North,2,49.02,0.12,COD,3,2.3,86.28,98.04,11.764800000000001,86.27520000000001,2028,April,4,Q2,Saturday,0.004799999999988813
12298,2028-04-16,1585,Clothing,West,5,323.01,0.29,Card,10,2.0,1146.69,1615.05,468.36449999999996,1146.6855,2028,April,4,Q2,Sunday,0.004500000000007276
12299,2028-04-17,1232,Electronics,North,1,330.56,0.13,Card,9,1.1,287.59,330.56,42.9728,287.5872,2028,April,4,Q2,Monday,0.0027999999999792635
12300,2028-04-18,1223,Clothing,West,5,518.51,0.26,COD,3,2.6,1918.49,2592.55,674.0630000000001,1918.487,2028,April,4,Q2,Tuesday,0.0029999999999290594
12301,2028-04-19,1993,Home,North,4,72.1,0.15,COD,10,1.1,245.14,288.4,43.26,245.14,2028,April,4,Q2,Wednesday,0.0
12302,2028-04-20,1830,Clothing,West,1,155.66,0.27,Card,11,1.0,113.63,155.66,42.028200000000005,113.6318,2028,April,4,Q2,Thursday,-0.0018000000000029104
12303,2028-04-21,1411,Electronics,North,4,252.82,0.34,COD,5,4.2,667.44,1011.28,343.83520000000004,667.4448,2028,April,4,Q2,Friday,-0.00479999999993197
12304,2028-04-22,1571,Electronics,West,6,521.52,0.08,Wallet,6,2.3,2878.79,3129.12,250.3296,2878.7904,2028,April,4,Q2,Saturday,-0.0003999999998995918
12305,2028-04-23,1334,Electronics,North,7,564.25,0.3,Wallet,3,3.3,2764.82,3949.75,1184.925,2764.825,2028,April,4,Q2,Sunday,-0.004999999999654392
12306,2028-04-24,1221,Electronics,South,7,595.74,0.22,Card,10,2.2,3252.74,4170.18,917.4396,3252.7404,2028,April,4,Q2,Monday,-0.00040000000035433914
12307,2028-04-25,1036,Clothing,East,7,576.13,0.29,Wallet,8,4.7,2863.37,4032.91,1169.5439,2863.3661,2028,April,4,Q2,Tuesday,0.003899999999703141
12308,2028-04-26,1988,Clothing,West,2,18.48,0.23,COD,2,3.9,28.46,36.96,8.5008,28.459200000000003,2028,April,4,Q2,Wednesday,0.0007999999999981355
12309,2028-04-27,1277,Home,North,3,42.91,0.15,Wallet,6,2.5,109.42,128.73,19.309499999999996,109.42049999999999,2028,April,4,Q2,Thursday,-0.0004999999999881766
12310,2028-04-28,1195,Clothing,South,5,101.35,0.08,COD,2,1.8,466.21,506.75,40.54,466.21,2028,April,4,Q2,Friday,0.0
12311,2028-04-29,1915,Home,West,4,219.08,0.02,COD,9,1.6,858.79,876.32,17.526400000000002,858.7936000000001,2028,April,4,Q2,Saturday,-0.0036000000001195076
12312,2028-04-30,1863,Electronics,West,2,500.5,0.19,COD,6,4.0,810.81,1001.0,190.19,810.81,2028,April,4,Q2,Sunday,0.0
12313,2028-05-01,1483,Clothing,West,7,537.2,0.35,COD,9,2.8,2444.26,3760.4000000000005,1316.14,2444.26,2028,May,5,Q2,Monday,0.0
12314,2028-05-02,1241,Home,East,5,124.3,0.26,COD,4,1.9,459.91,621.5,161.59,459.90999999999997,2028,May,5,Q2,Tuesday,5.684341886080802e-14
12315,2028-05-03,1323,Electronics,North,5,377.5,0.11,Card,3,4.7,1679.88,1887.5,207.625,1679.875,2028,May,5,Q2,Wednesday,0.005000000000109139
12316,2028-05-04,1730,Electronics,North,6,551.66,0.29,Card,2,2.6,2350.07,3309.96,959.8883999999999,2350.0716,2028,May,5,Q2,Thursday,-0.0016000000000531145
12317,2028-05-05,1191,Beauty,West,6,286.28,0.27,Card,8,3.2,1253.91,1717.6799999999998,463.7736,1253.9063999999998,2028,May,5,Q2,Friday,0.0036000000002331944
12318,2028-05-06,1016,Electronics,West,7,75.57,0.1,Wallet,4,4.4,476.09,528.99,52.899,476.091,2028,May,5,Q2,Saturday,-0.0010000000000331966
12319,2028-05-07,1523,Home,West,4,282.82,0.01,COD,2,4.3,1119.97,1131.28,11.3128,1119.9672,2028,May,5,Q2,Sunday,0.0027999999999792635
12320,2028-05-08,1917,Electronics,South,7,234.84,0.04,COD,11,3.6,1578.12,1643.88,65.7552,1578.1248,2028,May,5,Q2,Monday,-0.0048000000001593435
12321,2028-05-09,1400,Home,West,7,352.93,0.31,COD,9,4.6,1704.65,2470.51,765.8581,1704.6519000000003,2028,May,5,Q2,Tuesday,-0.001900000000205182
12322,2028-05-10,1905,Electronics,East,2,271.62,0.29,Card,8,4.8,385.7,543.24,157.53959999999998,385.70040000000006,2028,May,5,Q2,Wednesday,-0.00040000000007012204
12323,2028-05-11,1885,Electronics,North,3,25.15,0.1,Card,5,4.7,67.9,75.44999999999999,7.544999999999999,67.90499999999999,2028,May,5,Q2,Thursday,-0.004999999999981242
12324,2028-05-12,1704,Clothing,East,7,596.49,0.1,COD,8,2.4,3757.89,4175.43,417.54300000000006,3757.887,2028,May,5,Q2,Friday,0.0029999999997016857
12325,2028-05-13,1021,Electronics,West,4,332.97,0.28,Wallet,5,2.6,958.95,1331.88,372.92640000000006,958.9536,2028,May,5,Q2,Saturday,-0.0036000000000058208
12326,2028-05-14,1473,Clothing,South,5,292.07,0.33,Card,7,2.0,978.43,1460.35,481.9155,978.4344999999998,2028,May,5,Q2,Sunday,-0.004499999999893589
12327,2028-05-15,1119,Electronics,West,5,573.45,0.27,Card,5,4.3,2093.09,2867.25,774.1575,2093.0924999999997,2028,May,5,Q2,Monday,-0.0024999999995998223
12328,2028-05-16,1209,Electronics,West,1,106.18,0.21,Card,5,1.5,83.88,106.18,22.297800000000002,83.88220000000001,2028,May,5,Q2,Tuesday,-0.002200000000016189
12329,2028-05-17,1305,Electronics,West,7,125.7,0.08,Card,4,2.4,809.51,879.9,70.392,809.508,2028,May,5,Q2,Wednesday,0.0019999999999527063
12330,2028-05-18,1269,Electronics,West,2,487.69,0.18,Card,5,1.0,799.81,975.38,175.5684,799.8116,2028,May,5,Q2,Thursday,-0.0016000000000531145
12331,2028-05-19,1703,Beauty,West,1,167.59,0.08,COD,7,3.4,154.18,167.59,13.407200000000001,154.18280000000001,2028,May,5,Q2,Friday,-0.0028000000000076852
12332,2028-05-20,1686,Electronics,North,6,482.55,0.28,Card,3,3.6,2084.62,2895.3,810.6840000000001,2084.616,2028,May,5,Q2,Saturday,0.0039999999999054126
12333,2028-05-21,1284,Clothing,East,3,173.85,0.14,Card,4,2.0,448.53,521.55,73.017,448.53299999999996,2028,May,5,Q2,Sunday,-0.002999999999985903
12334,2028-05-22,1715,Electronics,South,4,34.41,0.29,COD,8,3.9,97.72,137.64,39.91559999999999,97.7244,2028,May,5,Q2,Monday,-0.004400000000003956
12335,2028-05-23,1675,Electronics,West,7,317.45,0.13,Wallet,6,2.5,1933.27,2222.15,288.8795,1933.2705,2028,May,5,Q2,Tuesday,-0.0005000000001018634
12336,2028-05-24,1762,Beauty,South,5,130.06,0.29,Card,8,2.2,461.71,650.3,188.58699999999996,461.71299999999997,2028,May,5,Q2,Wednesday,-0.002999999999985903
12337,2028-05-25,1226,Electronics,North,2,458.34,0.12,COD,11,4.8,806.68,916.68,110.0016,806.6784,2028,May,5,Q2,Thursday,0.0015999999999394277
12338,2028-05-26,1947,Beauty,East,5,390.1,0.15,Card,2,3.4,1657.92,1950.5,292.575,1657.925,2028,May,5,Q2,Friday,-0.004999999999881766
12339,2028-05-27,1380,Electronics,West,7,555.31,0.22,Wallet,9,2.0,3031.99,3887.1699999999996,855.1773999999999,3031.9925999999996,2028,May,5,Q2,Saturday,-0.002599999999802094
12340,2028-05-28,1459,Home,North,6,473.05,0.02,COD,7,4.9,2781.53,2838.3,56.766000000000005,2781.534,2028,May,5,Q2,Sunday,-0.0039999999999054126
12341,2028-05-29,1006,Clothing,North,1,120.75,0.33,Wallet,5,2.6,80.9,120.75,39.847500000000004,80.9025,2028,May,5,Q2,Monday,-0.0024999999999977263
12342,2028-05-30,1028,Beauty,East,7,483.09,0.2,Card,11,3.6,2705.3,3381.6299999999997,676.326,2705.3039999999996,2028,May,5,Q2,Tuesday,-0.003999999999450665
12343,2028-05-31,1906,Clothing,West,1,390.42,0.18,COD,7,3.9,320.14,390.42,70.2756,320.1444,2028,May,5,Q2,Wednesday,-0.004400000000032378
12344,2028-06-01,1032,Clothing,East,4,406.34,0.29,COD,2,2.7,1154.01,1625.36,471.35439999999994,1154.0056,2028,June,6,Q2,Thursday,0.004400000000032378
12345,2028-06-02,1645,Electronics,East,2,501.87,0.3,Card,11,3.1,702.62,1003.74,301.122,702.6179999999999,2028,June,6,Q2,Friday,0.002000000000066393
12346,2028-06-03,1878,Electronics,South,6,350.69,0.18,Card,4,2.0,1725.39,2104.14,378.74519999999995,1725.3948,2028,June,6,Q2,Saturday,-0.00479999999993197
12347,2028-06-04,1078,Beauty,South,2,287.61,0.32,COD,7,2.9,391.15,575.22,184.0704,391.1496,2028,June,6,Q2,Sunday,0.0003999999999564352
12348,2028-06-05,1927,Electronics,East,4,387.44,0.02,COD,2,2.2,1518.76,1549.76,30.9952,1518.7648,2028,June,6,Q2,Monday,-0.00479999999993197
12349,2028-06-06,1946,Clothing,South,6,189.31,0.04,Card,8,3.2,1090.43,1135.8600000000001,45.434400000000004,1090.4256,2028,June,6,Q2,Tuesday,0.004400000000032378
12350,2028-06-07,1458,Home,North,6,121.82,0.21,COD,10,3.7,577.43,730.92,153.49319999999997,577.4268,2028,June,6,Q2,Wednesday,0.003199999999992542
12351,2028-06-08,1569,Electronics,East,1,375.7,0.12,Card,10,3.5,330.62,375.7,45.083999999999996,330.616,2028,June,6,Q2,Thursday,0.004000000000019099
12352,2028-06-09,1982,Beauty,West,1,151.8,0.16,Card,11,4.1,127.51,151.8,24.288000000000004,127.512,2028,June,6,Q2,Friday,-0.001999999999995339
12353,2028-06-10,1537,Home,West,1,61.75,0.11,COD,5,1.2,54.96,61.75,6.7925,54.957499999999996,2028,June,6,Q2,Saturday,0.0025000000000048317
12354,2028-06-11,1481,Clothing,North,5,15.32,0.14,Card,5,1.3,65.88,76.6,10.724,65.87599999999999,2028,June,6,Q2,Sunday,0.0040000000000048885
12355,2028-06-12,1429,Beauty,West,3,370.87,0.29,Card,8,1.8,789.95,1112.6100000000001,322.6569,789.9531000000002,2028,June,6,Q2,Monday,-0.003100000000131331
12356,2028-06-13,1737,Electronics,West,7,226.86,0.21,Card,1,4.9,1254.54,1588.02,333.4842,1254.5358,2028,June,6,Q2,Tuesday,0.0041999999998552084
12357,2028-06-14,1284,Electronics,East,1,455.1,0.35,COD,6,4.2,295.82,455.1,159.285,295.81500000000005,2028,June,6,Q2,Wednesday,0.004999999999938609
12358,2028-06-15,1515,Clothing,North,3,234.48,0.28,COD,2,4.7,506.48,703.4399999999999,196.9632,506.4767999999999,2028,June,6,Q2,Thursday,0.003200000000106229
12359,2028-06-16,1976,Electronics,East,3,299.31,0.1,Wallet,1,2.1,808.14,897.9300000000001,89.793,808.1370000000001,2028,June,6,Q2,Friday,0.0029999999999290594
12360,2028-06-17,1098,Home,North,2,253.14,0.09,Card,7,3.3,460.71,506.28,45.5652,460.71479999999997,2028,June,6,Q2,Saturday,-0.004799999999988813
12361,2028-06-18,1396,Beauty,East,4,395.59,0.12,COD,4,3.2,1392.48,1582.36,189.8832,1392.4768,2028,June,6,Q2,Sunday,0.003200000000106229
12362,2028-06-19,1488,Clothing,East,5,223.34,0.3,Card,1,3.3,781.69,1116.7,335.01,781.69,2028,June,6,Q2,Monday,0.0
12363,2028-06-20,1038,Electronics,South,3,578.8,0.01,COD,10,3.9,1719.04,1736.3999999999999,17.364,1719.0359999999998,2028,June,6,Q2,Tuesday,0.004000000000132786
12364,2028-06-21,1270,Beauty,West,7,562.65,0.08,COD,11,2.6,3623.47,3938.5499999999997,315.084,3623.466,2028,June,6,Q2,Wednesday,0.0039999999999054126
12365,2028-06-22,1886,Clothing,North,5,511.1,0.32,Card,11,3.7,1737.74,2555.5,817.76,1737.74,2028,June,6,Q2,Thursday,0.0
12366,2028-06-23,1796,Clothing,West,2,553.38,0.22,COD,6,4.2,863.27,1106.76,243.4872,863.2728,2028,June,6,Q2,Friday,-0.0027999999999792635
12367,2028-06-24,1156,Clothing,South,1,277.75,0.08,Card,10,2.2,255.53,277.75,22.22,255.53,2028,June,6,Q2,Saturday,0.0
12368,2028-06-25,1074,Beauty,North,6,328.81,0.08,Card,6,4.8,1815.03,1972.8600000000001,157.8288,1815.0312000000001,2028,June,6,Q2,Sunday,-0.0012000000001535227
12369,2028-06-26,1883,Clothing,South,3,449.12,0.3,Card,3,3.1,943.15,1347.3600000000001,404.208,943.152,2028,June,6,Q2,Monday,-0.002000000000066393
12370,2028-06-27,1799,Home,West,4,422.25,0.31,COD,6,3.9,1165.41,1689.0,523.59,1165.4099999999999,2028,June,6,Q2,Tuesday,2.2737367544323206e-13
12371,2028-06-28,1129,Home,East,6,536.05,0.09,COD,10,3.9,2926.83,3216.2999999999997,289.467,2926.8329999999996,2028,June,6,Q2,Wednesday,-0.0029999999997016857
12372,2028-06-29,1686,Electronics,South,2,434.05,0.15,Card,9,3.3,737.88,868.1,130.215,737.885,2028,June,6,Q2,Thursday,-0.0049999999999954525
12373,2028-06-30,1973,Clothing,South,5,598.76,0.29,Card,6,2.3,2125.6,2993.8,868.202,2125.598,2028,June,6,Q2,Friday,0.0019999999999527063
12374,2028-07-01,1083,Home,East,7,218.88,0.27,Card,1,3.7,1118.48,1532.1599999999999,413.6832,1118.4768,2028,July,7,Q3,Saturday,0.003200000000106229
12375,2028-07-02,1021,Clothing,West,1,502.3,0.28,Card,10,1.3,361.66,502.3,140.644,361.656,2028,July,7,Q3,Sunday,0.004000000000019099
12376,2028-07-03,1458,Home,South,5,423.12,0.18,COD,6,4.9,1734.79,2115.6,380.808,1734.792,2028,July,7,Q3,Monday,-0.0019999999999527063
12377,2028-07-04,1538,Beauty,West,4,419.46,0.32,COD,8,1.7,1140.93,1677.84,536.9087999999999,1140.9312,2028,July,7,Q3,Tuesday,-0.001199999999926149
12378,2028-07-05,1706,Clothing,East,3,205.61,0.11,Card,7,2.1,548.98,616.83,67.85130000000001,548.9787,2028,July,7,Q3,Wednesday,0.0013000000000147338
12379,2028-07-06,1848,Home,North,4,474.58,0.05,Card,8,4.8,1803.4,1898.32,94.916,1803.404,2028,July,7,Q3,Thursday,-0.0039999999999054126
12380,2028-07-07,1381,Home,South,5,541.72,0.25,Wallet,11,1.7,2031.45,2708.6000000000004,677.1500000000001,2031.4500000000003,2028,July,7,Q3,Friday,-2.2737367544323206e-13
12381,2028-07-08,1747,Home,West,5,142.85,0.19,Card,8,1.7,578.54,714.25,135.7075,578.5425,2028,July,7,Q3,Saturday,-0.0025000000000545697
12382,2028-07-09,1439,Clothing,East,6,380.92,0.3,Card,9,4.2,1599.86,2285.52,685.656,1599.864,2028,July,7,Q3,Sunday,-0.004000000000132786
12383,2028-07-10,1603,Electronics,East,4,244.4,0.03,COD,3,2.0,948.27,977.6,29.328,948.272,2028,July,7,Q3,Monday,-0.002000000000066393
12384,2028-07-11,1988,Clothing,South,4,593.89,0.3,COD,7,1.4,1662.89,2375.56,712.668,1662.8919999999998,2028,July,7,Q3,Tuesday,-0.0019999999997253326
12385,2028-07-12,1020,Home,North,4,295.12,0.1,COD,6,1.9,1062.43,1180.48,118.048,1062.432,2028,July,7,Q3,Wednesday,-0.0019999999999527063
12386,2028-07-13,1302,Clothing,South,1,148.57,0.23,Wallet,2,4.6,114.4,148.57,34.1711,114.3989,2028,July,7,Q3,Thursday,0.0011000000000080945
12387,2028-07-14,1975,Home,West,7,238.39,0.01,Card,5,2.1,1652.04,1668.73,16.6873,1652.0427,2028,July,7,Q3,Friday,-0.0027000000000043656
12388,2028-07-15,1868,Clothing,East,5,397.5,0.21,COD,3,3.8,1570.12,1987.5,417.375,1570.125,2028,July,7,Q3,Saturday,-0.005000000000109139
12389,2028-07-16,1954,Clothing,North,2,59.51,0.25,Card,11,2.6,89.26,119.02,29.755,89.265,2028,July,7,Q3,Sunday,-0.0049999999999954525
12390,2028-07-17,1083,Electronics,West,1,368.11,0.13,COD,5,2.0,320.26,368.11,47.8543,320.2557,2028,July,7,Q3,Monday,0.004300000000000637
12391,2028-07-18,1773,Home,South,1,559.77,0.08,Wallet,11,1.6,514.99,559.77,44.7816,514.9884,2028,July,7,Q3,Tuesday,0.0016000000000531145
12392,2028-07-19,1658,Clothing,East,1,512.46,0.19,COD,9,4.9,415.09,512.46,97.3674,415.09260000000006,2028,July,7,Q3,Wednesday,-0.002600000000086311
12393,2028-07-20,1952,Electronics,South,6,54.59,0.29,COD,8,3.1,232.55,327.54,94.9866,232.5534,2028,July,7,Q3,Thursday,-0.0033999999999991815
12394,2028-07-21,1452,Electronics,North,7,596.13,0.11,Wallet,9,1.5,3713.89,4172.91,459.0201,3713.8898999999997,2028,July,7,Q3,Friday,0.00010000000020227162
12395,2028-07-22,1386,Home,North,7,423.76,0.09,Card,9,1.8,2699.35,2966.3199999999997,266.9688,2699.3511999999996,2028,July,7,Q3,Saturday,-0.0011999999996987754
12396,2028-07-23,1506,Clothing,North,2,109.93,0.1,COD,11,2.6,197.87,219.86,21.986000000000004,197.87400000000002,2028,July,7,Q3,Sunday,-0.004000000000019099
12397,2028-07-24,1256,Electronics,North,4,22.26,0.33,Wallet,8,3.2,59.66,89.04,29.383200000000002,59.656800000000004,2028,July,7,Q3,Monday,0.003199999999992542
12398,2028-07-25,1569,Beauty,North,6,115.2,0.13,COD,8,1.7,601.34,691.2,89.85600000000001,601.344,2028,July,7,Q3,Tuesday,-0.004000000000019099
12399,2028-07-26,1891,Home,South,5,505.33,0.0,Card,11,2.1,2526.65,2526.65,0.0,2526.65,2028,July,7,Q3,Wednesday,0.0
12400,2028-07-27,1933,Beauty,North,3,27.66,0.27,Card,11,4.1,60.58,82.98,22.404600000000002,60.5754,2028,July,7,Q3,Thursday,0.004599999999996385
12401,2028-07-28,1526,Clothing,North,6,151.39,0.24,Card,6,2.7,690.34,908.3399999999999,218.00159999999997,690.3384,2028,July,7,Q3,Friday,0.0016000000000531145
12402,2028-07-29,1161,Clothing,East,3,458.02,0.04,Card,6,1.0,1319.1,1374.06,54.9624,1319.0976,2028,July,7,Q3,Saturday,0.002399999999852298
12403,2028-07-30,1956,Beauty,North,5,357.87,0.34,COD,6,1.2,1180.97,1789.35,608.379,1180.971,2028,July,7,Q3,Sunday,-0.0009999999999763531
12404,2028-07-31,1162,Clothing,East,2,472.9,0.21,Card,10,2.8,747.18,945.8,198.618,747.182,2028,July,7,Q3,Monday,-0.002000000000066393
12405,2028-08-01,1831,Home,East,7,451.5,0.18,Card,6,1.2,2591.61,3160.5,568.89,2591.61,2028,August,8,Q3,Tuesday,0.0
12406,2028-08-02,1792,Electronics,East,3,44.6,0.13,Card,11,1.7,116.41,133.8,17.394000000000002,116.406,2028,August,8,Q3,Wednesday,0.003999999999990678
12407,2028-08-03,1791,Clothing,South,1,537.12,0.31,COD,9,3.9,370.61,537.12,166.5072,370.6128,2028,August,8,Q3,Thursday,-0.0027999999999792635
12408,2028-08-04,1523,Electronics,South,6,147.81,0.09,COD,10,2.9,807.04,886.86,79.81739999999999,807.0426,2028,August,8,Q3,Friday,-0.0026000000000294676
12409,2028-08-05,1785,Electronics,West,3,338.73,0.1,COD,1,2.9,914.57,1016.19,101.61900000000001,914.571,2028,August,8,Q3,Saturday,-0.0009999999999763531
12410,2028-08-06,1270,Electronics,West,5,391.91,0.04,Card,10,3.4,1881.17,1959.5500000000002,78.382,1881.1680000000001,2028,August,8,Q3,Sunday,0.0019999999999527063
12411,2028-08-07,1491,Electronics,East,7,113.65,0.27,Card,6,4.2,580.75,795.5500000000001,214.79850000000002,580.7515000000001,2028,August,8,Q3,Monday,-0.0015000000000782165
12412,2028-08-08,1207,Beauty,South,1,586.1,0.21,Card,8,1.6,463.02,586.1,123.081,463.019,2028,August,8,Q3,Tuesday,0.0009999999999763531
12413,2028-08-09,1538,Electronics,North,3,300.57,0.21,Card,1,1.7,712.35,901.71,189.3591,712.3509,2028,August,8,Q3,Wednesday,-0.0009000000000014552
12414,2028-08-10,1583,Home,West,7,48.72,0.08,Card,11,1.5,313.76,341.03999999999996,27.283199999999997,313.75679999999994,2028,August,8,Q3,Thursday,0.0032000000000493856
12415,2028-08-11,1059,Home,South,5,563.3,0.23,COD,11,4.7,2168.7,2816.5,647.7950000000001,2168.705,2028,August,8,Q3,Friday,-0.005000000000109139
12416,2028-08-12,1429,Clothing,North,2,357.97,0.27,Card,6,3.3,522.64,715.94,193.30380000000002,522.6362,2028,August,8,Q3,Saturday,0.0037999999999556167
12417,2028-08-13,1984,Electronics,North,5,424.03,0.13,Wallet,9,1.4,1844.53,2120.1499999999996,275.61949999999996,1844.5304999999996,2028,August,8,Q3,Sunday,-0.0004999999996471161
12418,2028-08-14,1656,Home,South,2,322.23,0.28,COD,6,1.9,464.01,644.46,180.44880000000003,464.01120000000003,2028,August,8,Q3,Monday,-0.0012000000000398359
12419,2028-08-15,1604,Clothing,West,7,503.32,0.12,Card,2,3.9,3100.45,3523.24,422.7888,3100.4512,2028,August,8,Q3,Tuesday,-0.0012000000001535227
12420,2028-08-16,1308,Home,South,7,34.38,0.27,COD,1,1.1,175.68,240.66000000000003,64.97820000000002,175.6818,2028,August,8,Q3,Wednesday,-0.0018000000000029104
12421,2028-08-17,1519,Home,West,1,172.0,0.01,COD,4,3.9,170.28,172.0,1.72,170.28,2028,August,8,Q3,Thursday,0.0
12422,2028-08-18,1590,Beauty,East,5,289.74,0.19,COD,6,4.6,1173.45,1448.7,275.253,1173.4470000000001,2028,August,8,Q3,Friday,0.0029999999999290594
12423,2028-08-19,1026,Clothing,South,4,59.81,0.34,Wallet,10,1.2,157.9,239.24,81.34160000000001,157.89839999999998,2028,August,8,Q3,Saturday,0.0016000000000246928
12424,2028-08-20,1685,Electronics,South,6,427.96,0.34,Card,10,1.7,1694.72,2567.7599999999998,873.0384,1694.7215999999999,2028,August,8,Q3,Sunday,-0.0015999999998257408
12425,2028-08-21,1561,Clothing,West,4,245.29,0.1,Wallet,9,1.0,883.04,981.16,98.116,883.044,2028,August,8,Q3,Monday,-0.004000000000019099
12426,2028-08-22,1198,Electronics,West,4,174.51,0.15,Card,5,1.4,593.33,698.04,104.70599999999999,593.334,2028,August,8,Q3,Tuesday,-0.0039999999999054126
12427,2028-08-23,1386,Beauty,South,4,16.98,0.02,Wallet,7,3.5,66.56,67.92,1.3584,66.5616,2028,August,8,Q3,Wednesday,-0.001599999999996271
12428,2028-08-24,1348,Electronics,North,6,436.1,0.31,Card,6,1.2,1805.45,2616.6000000000004,811.1460000000001,1805.4540000000002,2028,August,8,Q3,Thursday,-0.004000000000132786
12429,2028-08-25,1959,Electronics,North,4,502.78,0.2,Card,6,2.7,1608.9,2011.12,402.224,1608.896,2028,August,8,Q3,Friday,0.004000000000132786
12430,2028-08-26,1939,Home,North,2,246.1,0.13,COD,9,3.0,428.21,492.2,63.986000000000004,428.214,2028,August,8,Q3,Saturday,-0.004000000000019099
12431,2028-08-27,1692,Clothing,East,5,345.07,0.04,Card,5,4.6,1656.34,1725.35,69.014,1656.336,2028,August,8,Q3,Sunday,0.0039999999999054126
12432,2028-08-28,1535,Clothing,East,7,148.2,0.33,Card,2,2.9,695.06,1037.3999999999999,342.342,695.0579999999999,2028,August,8,Q3,Monday,0.002000000000066393
12433,2028-08-29,1827,Clothing,West,1,378.99,0.19,Card,8,1.6,306.98,378.99,72.0081,306.9819,2028,August,8,Q3,Tuesday,-0.0018999999999778083
12434,2028-08-30,1377,Beauty,East,4,22.1,0.1,COD,11,2.2,79.56,88.4,8.840000000000002,79.56,2028,August,8,Q3,Wednesday,0.0
12435,2028-08-31,1898,Electronics,North,7,300.86,0.12,Wallet,3,3.7,1853.3,2106.02,252.7224,1853.2975999999999,2028,August,8,Q3,Thursday,0.0024000000000796717
12436,2028-09-01,1915,Beauty,South,4,391.86,0.09,COD,9,1.4,1426.37,1567.44,141.0696,1426.3704,2028,September,9,Q3,Friday,-0.00040000000012696546
12437,2028-09-02,1557,Electronics,East,1,552.14,0.21,Wallet,5,1.9,436.19,552.14,115.9494,436.1906,2028,September,9,Q3,Saturday,-0.0006000000000199179
12438,2028-09-03,1526,Home,East,1,238.08,0.33,COD,1,5.0,159.51,238.08,78.5664,159.5136,2028,September,9,Q3,Sunday,-0.0036000000000058208
12439,2028-09-04,1152,Home,North,4,462.64,0.3,Card,4,1.0,1295.39,1850.56,555.168,1295.3919999999998,2028,September,9,Q3,Monday,-0.0019999999997253326
12440,2028-09-05,1733,Electronics,East,2,364.65,0.16,Card,9,1.6,612.61,729.3,116.68799999999999,612.612,2028,September,9,Q3,Tuesday,-0.0019999999999527063
12441,2028-09-06,1205,Clothing,West,7,557.3,0.29,COD,1,4.4,2769.78,3901.0999999999995,1131.3189999999997,2769.781,2028,September,9,Q3,Wednesday,-0.0009999999997489795
12442,2028-09-07,1454,Electronics,South,1,248.05,0.15,Card,8,1.4,210.84,248.05,37.2075,210.8425,2028,September,9,Q3,Thursday,-0.0024999999999977263
12443,2028-09-08,1272,Home,North,5,201.67,0.09,Card,8,1.1,917.6,1008.3499999999999,90.7515,917.5985,2028,September,9,Q3,Friday,0.0015000000000782165
12444,2028-09-09,1893,Clothing,West,7,533.98,0.34,COD,9,1.5,2466.99,3737.86,1270.8724000000002,2466.9876,2028,September,9,Q3,Saturday,0.002399999999852298
12445,2028-09-10,1235,Clothing,North,5,43.81,0.11,COD,9,3.8,194.95,219.05,24.0955,194.9545,2028,September,9,Q3,Sunday,-0.004500000000007276
12446,2028-09-11,1851,Electronics,West,7,94.79,0.11,Card,6,5.0,590.54,663.5300000000001,72.98830000000001,590.5417000000001,2028,September,9,Q3,Monday,-0.0017000000001416993
12447,2028-09-12,1739,Electronics,South,2,63.21,0.35,Wallet,5,3.4,82.17,126.42,44.247,82.173,2028,September,9,Q3,Tuesday,-0.0030000000000001137
12448,2028-09-13,1520,Electronics,South,6,508.22,0.05,COD,7,1.5,2896.85,3049.32,152.466,2896.8540000000003,2028,September,9,Q3,Wednesday,-0.00400000000036016
12449,2028-09-14,1677,Electronics,West,3,21.21,0.27,COD,9,1.7,46.45,63.63,17.180100000000003,46.4499,2028,September,9,Q3,Thursday,0.00010000000000331966
12450,2028-09-15,1943,Clothing,West,2,519.07,0.33,Wallet,5,3.2,695.55,1038.14,342.5862000000001,695.5538,2028,September,9,Q3,Friday,-0.0038000000000693035
12451,2028-09-16,1955,Beauty,West,4,278.99,0.18,Card,3,3.9,915.09,1115.96,200.8728,915.0872,2028,September,9,Q3,Saturday,0.0027999999999792635
12452,2028-09-17,1830,Home,West,3,17.35,0.0,COD,9,3.7,52.05,52.050000000000004,0.0,52.050000000000004,2028,September,9,Q3,Sunday,-7.105427357601002e-15
12453,2028-09-18,1725,Clothing,West,4,249.96,0.13,Wallet,10,3.3,869.86,999.84,129.97920000000002,869.8608,2028,September,9,Q3,Monday,-0.0008000000000265572
12454,2028-09-19,1500,Beauty,West,5,124.28,0.04,COD,1,4.9,596.54,621.4,24.855999999999998,596.544,2028,September,9,Q3,Tuesday,-0.004000000000019099
12455,2028-09-20,1116,Home,South,1,380.27,0.15,COD,1,1.8,323.23,380.27,57.040499999999994,323.2295,2028,September,9,Q3,Wednesday,0.00050000000004502
12456,2028-09-21,1385,Beauty,West,7,412.42,0.28,Card,10,1.7,2078.6,2886.94,808.3432000000001,2078.5968,2028,September,9,Q3,Thursday,0.003200000000106229
12457,2028-09-22,1343,Clothing,East,4,300.2,0.15,COD,11,4.4,1020.68,1200.8,180.11999999999998,1020.68,2028,September,9,Q3,Friday,0.0
12458,2028-09-23,1583,Electronics,South,5,38.7,0.15,Card,4,2.2,164.48,193.5,29.025,164.475,2028,September,9,Q3,Saturday,0.0049999999999954525
12459,2028-09-24,1394,Electronics,North,2,398.84,0.19,Wallet,2,2.3,646.12,797.68,151.5592,646.1207999999999,2028,September,9,Q3,Sunday,-0.0007999999999128704
12460,2028-09-25,1063,Home,South,4,507.59,0.2,Wallet,7,3.2,1624.29,2030.36,406.072,1624.288,2028,September,9,Q3,Monday,0.0019999999999527063
12461,2028-09-26,1716,Electronics,North,5,436.39,0.3,Wallet,2,2.5,1527.36,2181.95,654.5849999999999,1527.3649999999998,2028,September,9,Q3,Tuesday,-0.004999999999881766
12462,2028-09-27,1720,Electronics,North,1,500.53,0.11,COD,7,2.2,445.47,500.53,55.058299999999996,445.4717,2028,September,9,Q3,Wednesday,-0.001699999999971169
12463,2028-09-28,1071,Clothing,East,7,132.3,0.29,Card,8,4.7,657.53,926.1000000000001,268.569,657.5310000000002,2028,September,9,Q3,Thursday,-0.0010000000002037268
12464,2028-09-29,1788,Clothing,West,4,535.0,0.2,Card,11,1.5,1712.0,2140.0,428.0,1712.0,2028,September,9,Q3,Friday,0.0
12465,2028-09-30,1273,Clothing,West,6,203.48,0.11,Wallet,8,2.6,1086.58,1220.8799999999999,134.2968,1086.5831999999998,2028,September,9,Q3,Saturday,-0.0031999999998788553
12466,2028-10-01,1989,Electronics,South,5,22.84,0.1,Card,3,1.0,102.78,114.2,11.420000000000002,102.78,2028,October,10,Q4,Sunday,0.0
12467,2028-10-02,1319,Clothing,West,4,508.38,0.13,Card,9,4.2,1769.16,2033.52,264.3576,1769.1624,2028,October,10,Q4,Monday,-0.002399999999852298
12468,2028-10-03,1337,Clothing,East,1,565.97,0.22,COD,10,1.7,441.46,565.97,124.5134,441.45660000000004,2028,October,10,Q4,Tuesday,0.003399999999942338
12469,2028-10-04,1365,Beauty,South,7,398.5,0.08,Card,10,4.1,2566.34,2789.5,223.16,2566.34,2028,October,10,Q4,Wednesday,0.0
12470,2028-10-05,1494,Home,South,4,150.39,0.32,COD,10,1.6,409.06,601.56,192.49919999999997,409.0608,2028,October,10,Q4,Thursday,-0.0007999999999697138
12471,2028-10-06,1606,Beauty,South,4,162.27,0.2,COD,6,2.7,519.26,649.08,129.816,519.264,2028,October,10,Q4,Friday,-0.004000000000019099
12472,2028-10-07,1165,Home,West,7,287.96,0.32,COD,4,3.9,1370.69,2015.7199999999998,645.0304,1370.6895999999997,2028,October,10,Q4,Saturday,0.00040000000035433914
12473,2028-10-08,1543,Clothing,West,6,540.23,0.02,Wallet,8,2.1,3176.55,3241.38,64.8276,3176.5524,2028,October,10,Q4,Sunday,-0.002399999999852298
12474,2028-10-09,1010,Electronics,West,5,102.51,0.12,Card,4,2.3,451.04,512.5500000000001,61.50600000000001,451.04400000000004,2028,October,10,Q4,Monday,-0.004000000000019099
12475,2028-10-10,1300,Home,South,3,498.19,0.01,Card,4,3.7,1479.62,1494.57,14.9457,1479.6243,2028,October,10,Q4,Tuesday,-0.00430000000005748
12476,2028-10-11,1728,Clothing,South,7,185.41,0.1,Card,11,1.8,1168.08,1297.87,129.787,1168.0829999999999,2028,October,10,Q4,Wednesday,-0.0029999999999290594
12477,2028-10-12,1800,Clothing,North,4,488.02,0.3,Wallet,8,4.8,1366.46,1952.08,585.6239999999999,1366.4560000000001,2028,October,10,Q4,Thursday,0.0039999999999054126
12478,2028-10-13,1101,Clothing,North,3,553.36,0.01,Card,4,1.8,1643.48,1660.08,16.6008,1643.4792,2028,October,10,Q4,Friday,0.0008000000000265572
12479,2028-10-14,1424,Clothing,West,2,265.08,0.15,Card,1,4.0,450.64,530.16,79.52399999999999,450.63599999999997,2028,October,10,Q4,Saturday,0.004000000000019099
12480,2028-10-15,1391,Electronics,South,4,228.55,0.04,COD,6,4.2,877.63,914.2,36.568000000000005,877.6320000000001,2028,October,10,Q4,Sunday,-0.002000000000066393
12481,2028-10-16,1778,Clothing,West,3,484.3,0.15,Card,8,2.5,1234.97,1452.9,217.935,1234.9650000000001,2028,October,10,Q4,Monday,0.004999999999881766
12482,2028-10-17,1213,Electronics,West,2,324.75,0.29,Wallet,3,1.6,461.14,649.5,188.355,461.145,2028,October,10,Q4,Tuesday,-0.0049999999999954525
12483,2028-10-18,1690,Home,North,6,415.4,0.22,Wallet,2,1.7,1944.07,2492.3999999999996,548.328,1944.0719999999997,2028,October,10,Q4,Wednesday,-0.0019999999997253326
12484,2028-10-19,1087,Electronics,East,5,379.36,0.26,COD,6,4.9,1403.63,1896.8000000000002,493.16800000000006,1403.632,2028,October,10,Q4,Thursday,-0.0019999999999527063
12485,2028-10-20,1552,Electronics,West,4,104.44,0.12,COD,1,3.9,367.63,417.76,50.1312,367.6288,2028,October,10,Q4,Friday,0.0011999999999829924
12486,2028-10-21,1400,Clothing,East,5,509.2,0.33,Card,11,2.8,1705.82,2546.0,840.1800000000001,1705.82,2028,October,10,Q4,Saturday,0.0
12487,2028-10-22,1587,Home,East,2,129.53,0.25,COD,5,2.0,194.3,259.06,64.765,194.29500000000002,2028,October,10,Q4,Sunday,0.0049999999999954525
12488,2028-10-23,1888,Clothing,South,5,560.39,0.15,COD,6,1.1,2381.66,2801.95,420.29249999999996,2381.6575,2028,October,10,Q4,Monday,0.0025000000000545697
12489,2028-10-24,1045,Electronics,South,5,161.58,0.15,Card,8,3.7,686.72,807.9000000000001,121.185,686.7150000000001,2028,October,10,Q4,Tuesday,0.004999999999881766
12490,2028-10-25,1671,Clothing,West,7,444.32,0.32,Card,7,4.8,2114.96,3110.24,995.2768,2114.9631999999997,2028,October,10,Q4,Wednesday,-0.0031999999996514816
12491,2028-10-26,1462,Electronics,North,1,181.52,0.2,Wallet,6,1.4,145.22,181.52,36.304,145.216,2028,October,10,Q4,Thursday,0.003999999999990678
12492,2028-10-27,1591,Beauty,North,2,200.9,0.25,Card,2,4.0,301.35,401.8,100.45,301.35,2028,October,10,Q4,Friday,0.0
12493,2028-10-28,1309,Beauty,West,5,196.35,0.15,COD,8,1.6,834.49,981.75,147.2625,834.4875,2028,October,10,Q4,Saturday,0.0025000000000545697
12494,2028-10-29,1085,Clothing,West,3,452.52,0.08,Card,8,4.2,1248.96,1357.56,108.6048,1248.9551999999999,2028,October,10,Q4,Sunday,0.0048000000001593435
12495,2028-10-30,1091,Electronics,North,2,340.74,0.25,Card,11,2.5,511.11,681.48,170.37,511.11,2028,October,10,Q4,Monday,0.0
12496,2028-10-31,1659,Home,East,1,531.53,0.21,Wallet,5,3.8,419.91,531.53,111.62129999999999,419.90869999999995,2028,October,10,Q4,Tuesday,0.0013000000000715772
12497,2028-11-01,1672,Electronics,West,4,194.81,0.18,Card,3,4.7,638.98,779.24,140.26319999999998,638.9768,2028,November,11,Q4,Wednesday,0.003199999999992542
12498,2028-11-02,1713,Clothing,East,6,419.82,0.22,COD,11,3.5,1964.76,2518.92,554.1624,1964.7576,2028,November,11,Q4,Thursday,0.0024000000000796717
12499,2028-11-03,1935,Electronics,West,5,455.47,0.07,Card,8,4.7,2117.94,2277.3500000000004,159.41450000000003,2117.9355000000005,2028,November,11,Q4,Friday,0.004499999999552529
12500,2028-11-04,1927,Beauty,West,3,103.62,0.28,Card,5,1.9,223.82,310.86,87.04080000000002,223.8192,2028,November,11,Q4,Saturday,0.0007999999999981355
12501,2028-11-05,1241,Electronics,East,1,249.34,0.33,Wallet,3,4.9,167.06,249.34,82.2822,167.0578,2028,November,11,Q4,Sunday,0.002200000000016189
12502,2028-11-06,1864,Clothing,East,2,297.45,0.31,COD,9,4.5,410.48,594.9,184.41899999999998,410.481,2028,November,11,Q4,Monday,-0.0009999999999763531
12503,2028-11-07,1001,Home,North,6,223.08,0.11,Wallet,9,1.4,1191.25,1338.48,147.2328,1191.2472,2028,November,11,Q4,Tuesday,0.0027999999999792635
12504,2028-11-08,1224,Clothing,West,6,203.44,0.14,Wallet,7,2.7,1049.75,1220.6399999999999,170.8896,1049.7504,2028,November,11,Q4,Wednesday,-0.0003999999998995918
12505,2028-11-09,1800,Electronics,South,5,416.56,0.28,Wallet,8,4.7,1499.62,2082.8,583.1840000000001,1499.616,2028,November,11,Q4,Thursday,0.0039999999999054126
12506,2028-11-10,1744,Beauty,South,1,141.28,0.21,Wallet,5,1.3,111.61,141.28,29.668799999999997,111.6112,2028,November,11,Q4,Friday,-0.0011999999999972033
12507,2028-11-11,1972,Clothing,West,1,429.99,0.19,Card,5,2.8,348.29,429.99,81.6981,348.2919,2028,November,11,Q4,Saturday,-0.0018999999999778083
12508,2028-11-12,1925,Clothing,West,3,562.0,0.32,Wallet,5,3.9,1146.48,1686.0,539.52,1146.48,2028,November,11,Q4,Sunday,0.0
12509,2028-11-13,1928,Electronics,West,4,345.64,0.19,Card,2,1.1,1119.87,1382.56,262.6864,1119.8736,2028,November,11,Q4,Monday,-0.0036000000000058208
12510,2028-11-14,1588,Clothing,East,4,372.69,0.18,Card,3,4.0,1222.42,1490.76,268.3368,1222.4232,2028,November,11,Q4,Tuesday,-0.0031999999998788553
12511,2028-11-15,1115,Clothing,South,7,55.33,0.01,Card,8,2.4,383.44,387.31,3.8731,383.4369,2028,November,11,Q4,Wednesday,0.003100000000017644
12512,2028-11-16,1665,Electronics,South,4,520.72,0.02,Card,6,2.0,2041.22,2082.88,41.6576,2041.2224,2028,November,11,Q4,Thursday,-0.0024000000000796717
12513,2028-11-17,1917,Electronics,South,7,181.99,0.0,COD,9,3.3,1273.93,1273.93,0.0,1273.93,2028,November,11,Q4,Friday,0.0
12514,2028-11-18,1102,Home,West,6,374.8,0.32,Card,7,3.2,1529.18,2248.8,719.6160000000001,1529.1840000000002,2028,November,11,Q4,Saturday,-0.004000000000132786
12515,2028-11-19,1193,Electronics,East,6,587.78,0.14,Card,6,4.5,3032.94,3526.68,493.7352,3032.9447999999998,2028,November,11,Q4,Sunday,-0.004799999999704596
12516,2028-11-20,1165,Electronics,West,2,363.37,0.16,COD,11,3.7,610.46,726.74,116.2784,610.4616,2028,November,11,Q4,Monday,-0.0015999999999394277
12517,2028-11-21,1870,Clothing,North,6,438.96,0.3,Card,4,2.7,1843.63,2633.7599999999998,790.1279999999999,1843.6319999999998,2028,November,11,Q4,Tuesday,-0.0019999999997253326
12518,2028-11-22,1089,Home,North,6,275.51,0.21,COD,7,3.6,1305.92,1653.06,347.14259999999996,1305.9174,2028,November,11,Q4,Wednesday,0.0026000000000294676
12519,2028-11-23,1685,Electronics,South,1,50.31,0.21,Card,4,4.0,39.74,50.31,10.5651,39.7449,2028,November,11,Q4,Thursday,-0.004899999999999238
12520,2028-11-24,1121,Clothing,West,2,481.6,0.1,Card,7,4.7,866.88,963.2,96.32000000000001,866.88,2028,November,11,Q4,Friday,0.0
12521,2028-11-25,1142,Electronics,North,1,35.47,0.29,Card,5,3.8,25.18,35.47,10.286299999999999,25.1837,2028,November,11,Q4,Saturday,-0.003700000000002035
12522,2028-11-26,1993,Electronics,North,3,424.88,0.06,Card,2,3.2,1198.16,1274.6399999999999,76.4784,1198.1616,2028,November,11,Q4,Sunday,-0.0015999999998257408
12523,2028-11-27,1105,Electronics,West,7,28.41,0.02,COD,7,2.5,194.89,198.87,3.9774000000000003,194.89260000000002,2028,November,11,Q4,Monday,-0.0026000000000294676
12524,2028-11-28,1886,Home,East,7,519.45,0.07,COD,8,4.6,3381.62,3636.1500000000005,254.53050000000007,3381.6195000000007,2028,November,11,Q4,Tuesday,0.0004999999991923687
12525,2028-11-29,1427,Electronics,West,3,107.22,0.09,Card,10,4.2,292.71,321.65999999999997,28.949399999999997,292.7106,2028,November,11,Q4,Wednesday,-0.0006000000000199179
12526,2028-11-30,1304,Electronics,West,7,315.85,0.1,Card,11,1.3,1989.86,2210.9500000000003,221.09500000000003,1989.8550000000002,2028,November,11,Q4,Thursday,0.004999999999654392
12527,2028-12-01,1871,Clothing,East,2,364.33,0.23,Card,2,3.8,561.07,728.66,167.5918,561.0681999999999,2028,December,12,Q4,Friday,0.0018000000001165972
12528,2028-12-02,1970,Home,South,2,282.66,0.08,Wallet,6,3.2,520.09,565.32,45.22560000000001,520.0944000000001,2028,December,12,Q4,Saturday,-0.004400000000032378
12529,2028-12-03,1316,Electronics,South,6,214.35,0.24,Card,4,1.4,977.44,1286.1,308.664,977.4359999999999,2028,December,12,Q4,Sunday,0.004000000000132786
12530,2028-12-04,1962,Clothing,South,7,288.67,0.03,Wallet,5,3.3,1960.07,2020.69,60.6207,1960.0693,2028,December,12,Q4,Monday,0.0006999999998242856
12531,2028-12-05,1634,Electronics,East,3,197.18,0.05,COD,1,1.8,561.96,591.54,29.576999999999998,561.963,2028,December,12,Q4,Tuesday,-0.0029999999999290594
12532,2028-12-06,1901,Clothing,North,5,271.3,0.18,Card,6,3.8,1112.33,1356.5,244.17,1112.33,2028,December,12,Q4,Wednesday,0.0
12533,2028-12-07,1008,Clothing,East,4,224.96,0.32,Wallet,11,2.1,611.89,899.84,287.9488,611.8912,2028,December,12,Q4,Thursday,-0.0012000000000398359
12534,2028-12-08,1773,Clothing,West,6,346.23,0.3,COD,8,1.6,1454.17,2077.38,623.214,1454.1660000000002,2028,December,12,Q4,Friday,0.0039999999999054126
12535,2028-12-09,1072,Electronics,East,4,154.19,0.34,COD,2,1.3,407.06,616.76,209.69840000000002,407.0616,2028,December,12,Q4,Saturday,-0.001599999999996271
12536,2028-12-10,1358,Electronics,North,3,593.36,0.23,Card,1,3.0,1370.66,1780.08,409.4184,1370.6616,2028,December,12,Q4,Sunday,-0.0015999999998257408
12537,2028-12-11,1222,Electronics,North,7,308.01,0.24,COD,9,1.8,1638.61,2156.0699999999997,517.4567999999999,1638.6131999999998,2028,December,12,Q4,Monday,-0.0031999999998788553
12538,2028-12-12,1415,Clothing,West,7,128.58,0.22,Card,2,4.4,702.05,900.0600000000001,198.0132,702.0468000000001,2028,December,12,Q4,Tuesday,0.0031999999998788553
12539,2028-12-13,1552,Electronics,South,4,294.08,0.22,Card,8,1.0,917.53,1176.32,258.7904,917.5296,2028,December,12,Q4,Wednesday,0.0004000000000132786
12540,2028-12-14,1369,Home,North,5,521.85,0.05,Wallet,5,4.4,2478.79,2609.25,130.4625,2478.7875,2028,December,12,Q4,Thursday,0.0025000000000545697
12541,2028-12-15,1715,Beauty,North,7,27.76,0.19,Wallet,2,3.1,157.4,194.32000000000002,36.92080000000001,157.3992,2028,December,12,Q4,Friday,0.0007999999999981355
12542,2028-12-16,1263,Beauty,North,5,412.54,0.14,Card,5,4.7,1773.92,2062.7000000000003,288.7780000000001,1773.9220000000003,2028,December,12,Q4,Saturday,-0.00200000000018008
12543,2028-12-17,1839,Beauty,West,1,335.56,0.15,COD,9,1.8,285.23,335.56,50.333999999999996,285.226,2028,December,12,Q4,Sunday,0.004000000000019099
12544,2028-12-18,1689,Clothing,North,2,114.19,0.18,COD,6,1.4,187.27,228.38,41.108399999999996,187.2716,2028,December,12,Q4,Monday,-0.001599999999996271
12545,2028-12-19,1859,Home,South,4,493.22,0.04,Card,3,3.5,1893.96,1972.88,78.91520000000001,1893.9648000000002,2028,December,12,Q4,Tuesday,-0.0048000000001593435
12546,2028-12-20,1317,Electronics,West,7,230.8,0.13,Card,8,3.8,1405.57,1615.6000000000001,210.02800000000002,1405.5720000000001,2028,December,12,Q4,Wednesday,-0.00200000000018008
12547,2028-12-21,1083,Clothing,South,5,186.87,0.02,Card,1,2.5,915.66,934.35,18.687,915.663,2028,December,12,Q4,Thursday,-0.0030000000000427463
12548,2028-12-22,1317,Clothing,North,7,499.45,0.34,COD,9,1.1,2307.46,3496.15,1188.691,2307.459,2028,December,12,Q4,Friday,0.0010000000002037268
12549,2028-12-23,1110,Clothing,North,2,388.54,0.04,Wallet,9,2.6,746.0,777.08,31.0832,745.9968,2028,December,12,Q4,Saturday,0.003199999999992542
12550,2028-12-24,1250,Home,South,2,540.48,0.09,Card,4,1.9,983.67,1080.96,97.2864,983.6736000000001,2028,December,12,Q4,Sunday,-0.0036000000001195076
12551,2028-12-25,1382,Electronics,West,1,383.48,0.31,COD,8,2.4,264.6,383.48,118.8788,264.6012,2028,December,12,Q4,Monday,-0.0011999999999829924
12552,2028-12-26,1006,Electronics,West,2,448.38,0.17,COD,11,3.0,744.31,896.76,152.44920000000002,744.3108,2028,December,12,Q4,Tuesday,-0.0008000000000265572
12553,2028-12-27,1458,Beauty,South,2,504.32,0.05,COD,11,3.8,958.21,1008.64,50.432,958.208,2028,December,12,Q4,Wednesday,0.002000000000066393
12554,2028-12-28,1083,Electronics,North,6,47.02,0.13,Card,3,4.9,245.44,282.12,36.6756,245.4444,2028,December,12,Q4,Thursday,-0.004400000000003956
12555,2028-12-29,1207,Clothing,East,3,468.99,0.04,COD,6,1.6,1350.69,1406.97,56.278800000000004,1350.6912,2028,December,12,Q4,Friday,-0.001199999999926149
12556,2028-12-30,1899,Beauty,South,7,374.02,0.07,Wallet,10,3.7,2434.87,2618.14,183.2698,2434.8702,2028,December,12,Q4,Saturday,-0.0001999999999497959
12557,2028-12-31,1389,Clothing,South,1,55.66,0.02,Card,10,1.9,54.55,55.66,1.1132,54.5468,2028,December,12,Q4,Sunday,0.0031999999999996476
12558,2029-01-01,1313,Clothing,South,1,312.52,0.15,Card,8,1.9,265.64,312.52,46.87799999999999,265.642,2029,January,1,Q1,Monday,-0.0020000000000095497
12559,2029-01-02,1021,Electronics,North,4,63.24,0.28,Wallet,11,3.5,182.13,252.96,70.82880000000002,182.13119999999998,2029,January,1,Q1,Tuesday,-0.0011999999999829924
12560,2029-01-03,1409,Electronics,West,2,445.53,0.21,Card,9,4.1,703.94,891.06,187.12259999999998,703.9374,2029,January,1,Q1,Wednesday,0.0026000000000294676
12561,2029-01-04,1894,Beauty,North,4,334.7,0.21,Wallet,8,4.9,1057.65,1338.8,281.14799999999997,1057.652,2029,January,1,Q1,Thursday,-0.0019999999999527063
12562,2029-01-05,1514,Clothing,South,6,572.84,0.07,Card,9,4.1,3196.45,3437.04,240.5928,3196.4472,2029,January,1,Q1,Friday,0.00279999999975189
12563,2029-01-06,1126,Clothing,North,5,122.13,0.12,Card,4,1.6,537.37,610.65,73.27799999999999,537.372,2029,January,1,Q1,Saturday,-0.0019999999999527063
12564,2029-01-07,1808,Electronics,North,2,369.53,0.3,Card,10,1.9,517.34,739.06,221.718,517.342,2029,January,1,Q1,Sunday,-0.0019999999999527063
12565,2029-01-08,1699,Electronics,South,5,138.78,0.03,Card,1,4.0,673.08,693.9,20.817,673.083,2029,January,1,Q1,Monday,-0.0029999999999290594
12566,2029-01-09,1873,Beauty,North,3,374.23,0.3,Card,7,3.1,785.88,1122.69,336.807,785.883,2029,January,1,Q1,Tuesday,-0.0030000000000427463
12567,2029-01-10,1013,Clothing,East,6,437.75,0.17,COD,11,2.2,2180.0,2626.5,446.50500000000005,2179.995,2029,January,1,Q1,Wednesday,0.005000000000109139
12568,2029-01-11,1970,Clothing,North,2,437.55,0.29,Card,10,2.9,621.32,875.1,253.779,621.321,2029,January,1,Q1,Thursday,-0.0009999999999763531
12569,2029-01-12,1977,Electronics,North,4,491.82,0.11,Wallet,4,4.7,1750.88,1967.28,216.4008,1750.8791999999999,2029,January,1,Q1,Friday,0.0008000000002539309
12570,2029-01-13,1011,Home,West,4,514.33,0.12,COD,1,4.0,1810.44,2057.32,246.8784,1810.4416,2029,January,1,Q1,Saturday,-0.0016000000000531145
12571,2029-01-14,1086,Beauty,West,2,60.2,0.26,COD,3,2.8,89.1,120.4,31.304000000000002,89.096,2029,January,1,Q1,Sunday,0.003999999999990678
12572,2029-01-15,1523,Clothing,South,7,215.81,0.27,Card,7,4.9,1102.79,1510.67,407.88090000000005,1102.7891,2029,January,1,Q1,Monday,0.0009000000000014552
12573,2029-01-16,1908,Electronics,South,4,416.97,0.08,COD,11,4.2,1534.45,1667.88,133.43040000000002,1534.4496000000001,2029,January,1,Q1,Tuesday,0.0003999999998995918
12574,2029-01-17,1536,Clothing,West,7,306.67,0.34,COD,3,1.0,1416.82,2146.69,729.8746000000001,1416.8154,2029,January,1,Q1,Wednesday,0.004599999999982174
12575,2029-01-18,1300,Home,East,2,126.55,0.03,Card,1,1.4,245.51,253.1,7.593,245.507,2029,January,1,Q1,Thursday,0.002999999999985903
12576,2029-01-19,1242,Clothing,North,1,338.34,0.02,Wallet,7,3.2,331.57,338.34,6.7668,331.5732,2029,January,1,Q1,Friday,-0.003199999999992542
12577,2029-01-20,1121,Beauty,East,4,253.35,0.21,Card,8,2.4,800.59,1013.4,212.814,800.586,2029,January,1,Q1,Saturday,0.004000000000019099
12578,2029-01-21,1146,Clothing,East,7,243.17,0.25,Card,5,4.3,1276.64,1702.1899999999998,425.54749999999996,1276.6425,2029,January,1,Q1,Sunday,-0.002499999999827196
12579,2029-01-22,1566,Beauty,West,2,488.71,0.34,COD,6,4.6,645.1,977.42,332.32280000000003,645.0971999999999,2029,January,1,Q1,Monday,0.0028000000000929504
12580,2029-01-23,1749,Clothing,South,2,253.45,0.14,COD,3,2.0,435.93,506.9,70.96600000000001,435.93399999999997,2029,January,1,Q1,Tuesday,-0.003999999999962256
12581,2029-01-24,1355,Electronics,North,7,30.48,0.01,Card,5,4.1,211.23,213.36,2.1336000000000004,211.2264,2029,January,1,Q1,Wednesday,0.003599999999977399
12582,2029-01-25,1684,Electronics,South,4,48.97,0.21,Wallet,3,3.1,154.75,195.88,41.1348,154.7452,2029,January,1,Q1,Thursday,0.004799999999988813
12583,2029-01-26,1903,Electronics,East,1,515.9,0.1,COD,2,2.6,464.31,515.9,51.59,464.30999999999995,2029,January,1,Q1,Friday,5.684341886080802e-14
12584,2029-01-27,1732,Beauty,East,4,576.95,0.15,COD,7,4.1,1961.63,2307.8,346.17,1961.63,2029,January,1,Q1,Saturday,0.0
12585,2029-01-28,1630,Home,South,2,417.72,0.17,Card,10,3.3,693.42,835.44,142.02480000000003,693.4152,2029,January,1,Q1,Sunday,0.00479999999993197
12586,2029-01-29,1308,Home,South,1,228.16,0.02,Wallet,11,3.5,223.6,228.16,4.5632,223.5968,2029,January,1,Q1,Monday,0.003199999999992542
12587,2029-01-30,1694,Electronics,West,5,564.08,0.17,Card,7,1.2,2340.93,2820.4,479.4680000000001,2340.932,2029,January,1,Q1,Tuesday,-0.0019999999999527063
12588,2029-01-31,1287,Electronics,South,3,402.74,0.15,COD,8,3.3,1026.99,1208.22,181.233,1026.987,2029,January,1,Q1,Wednesday,0.0029999999999290594
12589,2029-02-01,1306,Home,South,4,508.94,0.25,Card,1,2.2,1526.82,2035.76,508.94,1526.82,2029,February,2,Q1,Thursday,0.0
12590,2029-02-02,1811,Clothing,West,6,463.02,0.23,COD,2,3.0,2139.15,2778.12,638.9676,2139.1524,2029,February,2,Q1,Friday,-0.002399999999852298
12591,2029-02-03,1593,Electronics,South,2,236.8,0.06,Card,2,1.9,445.18,473.6,28.416,445.184,2029,February,2,Q1,Saturday,-0.004000000000019099
12592,2029-02-04,1965,Clothing,East,1,295.04,0.07,Card,3,3.5,274.39,295.04,20.652800000000003,274.3872,2029,February,2,Q1,Sunday,0.0027999999999792635
12593,2029-02-05,1913,Electronics,South,7,123.89,0.09,Wallet,7,1.6,789.18,867.23,78.05069999999999,789.1793,2029,February,2,Q1,Monday,0.0006999999999379725
12594,2029-02-06,1722,Electronics,North,7,185.83,0.06,Card,7,1.5,1222.76,1300.8100000000002,78.04860000000001,1222.7614,2029,February,2,Q1,Tuesday,-0.0014000000001033186
12595,2029-02-07,1661,Clothing,East,7,470.2,0.23,Card,7,1.8,2534.38,3291.4,757.022,2534.378,2029,February,2,Q1,Wednesday,0.0019999999999527063
12596,2029-02-08,1548,Electronics,West,1,537.98,0.35,COD,1,4.3,349.69,537.98,188.293,349.687,2029,February,2,Q1,Thursday,0.002999999999985903
12597,2029-02-09,1351,Beauty,East,5,438.81,0.23,COD,2,1.1,1689.42,2194.05,504.6315000000001,1689.4185000000002,2029,February,2,Q1,Friday,0.0014999999998508429
12598,2029-02-10,1311,Electronics,West,4,287.13,0.21,Card,8,3.9,907.33,1148.52,241.1892,907.3308,2029,February,2,Q1,Saturday,-0.0007999999999128704
12599,2029-02-11,1872,Electronics,North,6,65.61,0.14,Card,9,1.2,338.55,393.65999999999997,55.1124,338.5476,2029,February,2,Q1,Sunday,0.0024000000000228283
12600,2029-02-12,1058,Electronics,North,7,48.31,0.11,Wallet,10,3.4,300.97,338.17,37.1987,300.97130000000004,2029,February,2,Q1,Monday,-0.0013000000000147338
12601,2029-02-13,1642,Home,East,1,233.98,0.32,COD,7,4.1,159.11,233.98,74.8736,159.1064,2029,February,2,Q1,Tuesday,0.0036000000000058208
12602,2029-02-14,1923,Clothing,South,7,286.34,0.34,Card,1,1.9,1322.89,2004.3799999999999,681.4892,1322.8908,2029,February,2,Q1,Wednesday,-0.0007999999997991836
12603,2029-02-15,1713,Clothing,East,5,371.34,0.17,Wallet,4,1.8,1541.06,1856.6999999999998,315.639,1541.0609999999997,2029,February,2,Q1,Thursday,-0.0009999999997489795
12604,2029-02-16,1754,Electronics,East,2,18.8,0.1,COD,10,2.2,33.84,37.6,3.7600000000000002,33.84,2029,February,2,Q1,Friday,0.0
12605,2029-02-17,1034,Electronics,North,7,593.99,0.27,Card,8,3.8,3035.29,4157.93,1122.6411,3035.2889000000005,2029,February,2,Q1,Saturday,0.0010999999994965037
12606,2029-02-18,1444,Clothing,West,5,227.9,0.05,Card,5,2.0,1082.52,1139.5,56.975,1082.525,2029,February,2,Q1,Sunday,-0.005000000000109139
12607,2029-02-19,1092,Home,East,4,511.14,0.27,Card,1,3.0,1492.53,2044.56,552.0312,1492.5288,2029,February,2,Q1,Monday,0.001199999999926149
12608,2029-02-20,1949,Beauty,South,7,327.96,0.29,Wallet,7,1.5,1629.96,2295.72,665.7588,1629.9611999999997,2029,February,2,Q1,Tuesday,-0.0011999999996987754
12609,2029-02-21,1958,Electronics,North,5,91.31,0.04,Card,6,2.8,438.29,456.55,18.262,438.288,2029,February,2,Q1,Wednesday,0.0020000000000095497
12610,2029-02-22,1206,Clothing,East,1,481.58,0.34,Card,9,3.5,317.84,481.58,163.7372,317.8428,2029,February,2,Q1,Thursday,-0.002800000000036107
12611,2029-02-23,1352,Beauty,East,1,430.25,0.34,Wallet,4,1.3,283.96,430.25,146.285,283.96500000000003,2029,February,2,Q1,Friday,-0.005000000000052296
12612,2029-02-24,1902,Clothing,South,3,323.55,0.33,Card,4,4.3,650.34,970.6500000000001,320.31450000000007,650.3355,2029,February,2,Q1,Saturday,0.004500000000007276
12613,2029-02-25,1331,Home,East,5,316.01,0.17,COD,8,4.7,1311.44,1580.05,268.6085,1311.4415,2029,February,2,Q1,Sunday,-0.0014999999998508429
12614,2029-02-26,1816,Electronics,East,2,66.18,0.09,Card,4,1.8,120.45,132.36,11.912400000000002,120.44760000000001,2029,February,2,Q1,Monday,0.0023999999999944066
12615,2029-02-27,1861,Beauty,East,7,398.67,0.2,COD,3,4.0,2232.55,2790.69,558.138,2232.552,2029,February,2,Q1,Tuesday,-0.0019999999999527063
12616,2029-02-28,1724,Home,East,6,548.08,0.15,Card,7,2.3,2795.21,3288.4800000000005,493.27200000000005,2795.2080000000005,2029,February,2,Q1,Wednesday,0.001999999999497959
12617,2029-03-01,1158,Beauty,South,6,69.55,0.07,Card,5,3.7,388.09,417.29999999999995,29.211,388.08899999999994,2029,March,3,Q1,Thursday,0.0010000000000331966
12618,2029-03-02,1953,Home,East,4,169.15,0.15,COD,9,2.2,575.11,676.6,101.49,575.11,2029,March,3,Q1,Friday,0.0
12619,2029-03-03,1956,Clothing,East,3,542.85,0.23,COD,5,4.4,1253.98,1628.5500000000002,374.5665000000001,1253.9835,2029,March,3,Q1,Saturday,-0.003500000000030923
12620,2029-03-04,1023,Beauty,East,5,181.34,0.02,COD,9,2.4,888.57,906.7,18.134,888.566,2029,March,3,Q1,Sunday,0.004000000000019099
12621,2029-03-05,1403,Electronics,North,2,397.56,0.12,COD,6,4.4,699.71,795.12,95.4144,699.7056,2029,March,3,Q1,Monday,0.004400000000032378
12622,2029-03-06,1804,Electronics,South,3,327.87,0.01,COD,6,4.1,973.77,983.61,9.8361,973.7739,2029,March,3,Q1,Tuesday,-0.0039000000000442014
12623,2029-03-07,1515,Home,North,1,363.85,0.26,COD,11,1.8,269.25,363.85,94.60100000000001,269.249,2029,March,3,Q1,Wednesday,0.0009999999999763531
12624,2029-03-08,1731,Home,North,4,258.24,0.22,COD,6,1.6,805.71,1032.96,227.2512,805.7088,2029,March,3,Q1,Thursday,0.0012000000000398359
12625,2029-03-09,1363,Beauty,South,7,190.5,0.02,COD,7,4.1,1306.83,1333.5,26.67,1306.83,2029,March,3,Q1,Friday,0.0
12626,2029-03-10,1381,Electronics,North,7,43.39,0.34,COD,11,2.6,200.46,303.73,103.26820000000001,200.4618,2029,March,3,Q1,Saturday,-0.0018000000000029104
12627,2029-03-11,1531,Home,North,7,450.4,0.01,COD,4,4.8,3121.27,3152.7999999999997,31.528,3121.272,2029,March,3,Q1,Sunday,-0.0019999999999527063
12628,2029-03-12,1955,Home,North,5,451.46,0.21,Card,4,4.8,1783.27,2257.2999999999997,474.0329999999999,1783.2669999999998,2029,March,3,Q1,Monday,0.003000000000156433
12629,2029-03-13,1151,Electronics,South,6,407.37,0.27,Card,9,3.8,1784.28,2444.2200000000003,659.9394000000001,1784.2806,2029,March,3,Q1,Tuesday,-0.0006000000000767614
12630,2029-03-14,1561,Clothing,East,2,391.53,0.28,Card,7,3.0,563.8,783.06,219.2568,563.8032,2029,March,3,Q1,Wednesday,-0.003199999999992542
12631,2029-03-15,1688,Electronics,West,7,157.57,0.01,Wallet,11,1.8,1091.96,1102.99,11.0299,1091.9601,2029,March,3,Q1,Thursday,-9.999999997489795e-05
12632,2029-03-16,1946,Electronics,West,7,28.07,0.32,COD,10,4.5,133.61,196.49,62.8768,133.6132,2029,March,3,Q1,Friday,-0.003199999999992542
12633,2029-03-17,1607,Beauty,South,1,488.1,0.32,COD,6,1.3,331.91,488.1,156.192,331.908,2029,March,3,Q1,Saturday,0.0020000000000095497
12634,2029-03-18,1616,Clothing,West,3,302.32,0.2,Card,1,2.5,725.57,906.96,181.39200000000002,725.568,2029,March,3,Q1,Sunday,0.002000000000066393
12635,2029-03-19,1419,Home,South,7,194.5,0.17,Card,7,2.3,1130.04,1361.5,231.455,1130.045,2029,March,3,Q1,Monday,-0.005000000000109139
12636,2029-03-20,1249,Beauty,South,4,74.63,0.02,Wallet,6,4.8,292.55,298.52,5.9704,292.5496,2029,March,3,Q1,Tuesday,0.0004000000000132786
12637,2029-03-21,1116,Clothing,West,3,51.69,0.2,Wallet,4,1.5,124.06,155.07,31.014,124.056,2029,March,3,Q1,Wednesday,0.0040000000000048885
12638,2029-03-22,1865,Home,North,6,219.09,0.14,Card,8,4.6,1130.5,1314.54,184.03560000000002,1130.5044,2029,March,3,Q1,Thursday,-0.004400000000032378
12639,2029-03-23,1511,Clothing,East,3,485.77,0.27,COD,7,2.8,1063.84,1457.31,393.4737,1063.8363,2029,March,3,Q1,Friday,0.0036999999999807187
12640,2029-03-24,1739,Beauty,West,2,552.45,0.14,Card,8,1.2,950.21,1104.9,154.68600000000004,950.214,2029,March,3,Q1,Saturday,-0.004000000000019099
12641,2029-03-25,1577,Electronics,West,1,539.6,0.24,Card,9,3.9,410.1,539.6,129.504,410.096,2029,March,3,Q1,Sunday,0.004000000000019099
12642,2029-03-26,1334,Beauty,West,5,553.2,0.04,COD,1,1.4,2655.36,2766.0,110.64,2655.36,2029,March,3,Q1,Monday,0.0
12643,2029-03-27,1417,Electronics,West,2,546.02,0.05,COD,3,1.9,1037.44,1092.04,54.602000000000004,1037.4379999999999,2029,March,3,Q1,Tuesday,0.00200000000018008
12644,2029-03-28,1931,Electronics,South,6,323.43,0.05,COD,2,4.2,1843.55,1940.58,97.029,1843.551,2029,March,3,Q1,Wednesday,-0.0009999999999763531
12645,2029-03-29,1773,Home,South,4,143.36,0.02,Card,3,1.6,561.97,573.44,11.468800000000002,561.9712000000001,2029,March,3,Q1,Thursday,-0.0012000000000398359
12646,2029-03-30,1294,Clothing,East,6,481.86,0.19,Card,11,2.3,2341.84,2891.16,549.3204,2341.8396,2029,March,3,Q1,Friday,0.00040000000035433914
12647,2029-03-31,1937,Clothing,East,6,140.02,0.28,Card,11,2.4,604.89,840.1200000000001,235.23360000000005,604.8864000000001,2029,March,3,Q1,Saturday,0.003599999999892134
12648,2029-04-01,1754,Clothing,West,3,171.32,0.21,Card,2,3.4,406.03,513.96,107.9316,406.02840000000003,2029,April,4,Q2,Sunday,0.0015999999999394277
12649,2029-04-02,1370,Home,West,4,151.45,0.2,COD,11,4.2,484.64,605.8,121.16,484.64,2029,April,4,Q2,Monday,0.0
12650,2029-04-03,1185,Electronics,West,2,316.26,0.24,Card,6,1.9,480.72,632.52,151.8048,480.7152,2029,April,4,Q2,Tuesday,0.004800000000045657
12651,2029-04-04,1245,Electronics,East,6,203.27,0.12,Card,9,1.8,1073.27,1219.6200000000001,146.3544,1073.2656000000002,2029,April,4,Q2,Wednesday,0.004399999999805004
12652,2029-04-05,1636,Electronics,West,2,105.18,0.13,Card,2,1.9,183.01,210.36,27.3468,183.0132,2029,April,4,Q2,Thursday,-0.003200000000020964
12653,2029-04-06,1267,Clothing,North,7,280.11,0.11,COD,4,2.5,1745.09,1960.77,215.6847,1745.0853,2029,April,4,Q2,Friday,0.004699999999957072
12654,2029-04-07,1642,Electronics,East,7,526.24,0.25,COD,5,3.1,2762.76,3683.6800000000003,920.9200000000001,2762.76,2029,April,4,Q2,Saturday,0.0
12655,2029-04-08,1236,Clothing,North,7,348.77,0.06,COD,5,1.1,2294.91,2441.39,146.4834,2294.9066,2029,April,4,Q2,Sunday,0.003400000000056025
12656,2029-04-09,1529,Clothing,West,5,528.83,0.0,Card,1,4.1,2644.15,2644.15,0.0,2644.15,2029,April,4,Q2,Monday,0.0
12657,2029-04-10,1551,Electronics,South,3,129.59,0.21,Card,6,4.7,307.13,388.77,81.6417,307.12829999999997,2029,April,4,Q2,Tuesday,0.0017000000000280124
12658,2029-04-11,1020,Clothing,North,2,112.68,0.33,Card,5,4.4,150.99,225.36,74.36880000000001,150.9912,2029,April,4,Q2,Wednesday,-0.0011999999999829924
12659,2029-04-12,1910,Beauty,East,7,351.71,0.21,Card,6,1.1,1944.96,2461.97,517.0137,1944.9562999999998,2029,April,4,Q2,Thursday,0.0037000000002080924
12660,2029-04-13,1736,Electronics,North,7,286.05,0.27,Card,4,3.1,1461.72,2002.3500000000001,540.6345000000001,1461.7155,2029,April,4,Q2,Friday,0.004500000000007276
12661,2029-04-14,1866,Clothing,East,4,401.2,0.24,Card,11,4.3,1219.65,1604.8,385.152,1219.648,2029,April,4,Q2,Saturday,0.00200000000018008
12662,2029-04-15,1793,Home,West,6,479.86,0.17,COD,6,2.4,2389.7,2879.16,489.4572,2389.7028,2029,April,4,Q2,Sunday,-0.002800000000206637
12663,2029-04-16,1519,Clothing,North,7,454.51,0.25,Wallet,9,4.6,2386.18,3181.5699999999997,795.3924999999999,2386.1775,2029,April,4,Q2,Monday,0.0025000000000545697
12664,2029-04-17,1099,Home,South,5,566.22,0.29,Card,1,4.5,2010.08,2831.1000000000004,821.019,2010.0810000000004,2029,April,4,Q2,Tuesday,-0.0010000000004311005
12665,2029-04-18,1751,Clothing,North,4,247.98,0.08,Wallet,6,1.6,912.57,991.92,79.3536,912.5663999999999,2029,April,4,Q2,Wednesday,0.0036000000001195076
12666,2029-04-19,1477,Clothing,South,3,135.74,0.12,Card,1,3.0,358.35,407.22,48.8664,358.35360000000003,2029,April,4,Q2,Thursday,-0.0036000000000058208
12667,2029-04-20,1598,Electronics,East,5,337.28,0.08,COD,7,1.1,1551.49,1686.3999999999999,134.91199999999998,1551.4879999999998,2029,April,4,Q2,Friday,0.00200000000018008
12668,2029-04-21,1297,Home,West,5,79.78,0.16,COD,4,2.1,335.08,398.9,63.824,335.07599999999996,2029,April,4,Q2,Saturday,0.004000000000019099
12669,2029-04-22,1939,Home,West,5,183.98,0.31,Wallet,6,4.2,634.73,919.9,285.169,634.731,2029,April,4,Q2,Sunday,-0.0009999999999763531
12670,2029-04-23,1525,Electronics,South,6,136.61,0.12,Card,7,4.9,721.3,819.6600000000001,98.3592,721.3008000000001,2029,April,4,Q2,Monday,-0.0008000000001402441
12671,2029-04-24,1333,Clothing,East,7,246.99,0.13,Card,11,4.7,1504.17,1728.93,224.76090000000002,1504.1691,2029,April,4,Q2,Tuesday,0.0009000000000014552
12672,2029-04-25,1001,Beauty,West,1,80.06,0.3,Card,5,1.2,56.04,80.06,24.018,56.042,2029,April,4,Q2,Wednesday,-0.0020000000000024443
12673,2029-04-26,1374,Clothing,East,5,33.63,0.18,Card,9,4.7,137.88,168.15,30.267,137.883,2029,April,4,Q2,Thursday,-0.0030000000000143245
12674,2029-04-27,1292,Clothing,South,4,399.22,0.19,Wallet,8,4.3,1293.47,1596.88,303.40720000000005,1293.4728,2029,April,4,Q2,Friday,-0.0027999999999792635
12675,2029-04-28,1836,Beauty,South,4,372.0,0.3,COD,3,4.5,1041.6,1488.0,446.4,1041.6,2029,April,4,Q2,Saturday,0.0
12676,2029-04-29,1933,Home,North,3,429.39,0.17,COD,1,4.7,1069.18,1288.17,218.98890000000003,1069.1811,2029,April,4,Q2,Sunday,-0.001099999999951251
12677,2029-04-30,1552,Clothing,West,2,401.33,0.24,COD,11,3.0,610.02,802.66,192.6384,610.0216,2029,April,4,Q2,Monday,-0.0016000000000531145
12678,2029-05-01,1317,Home,West,2,81.86,0.03,Wallet,10,1.8,158.81,163.72,4.9116,158.8084,2029,May,5,Q2,Tuesday,0.001599999999996271
12679,2029-05-02,1501,Beauty,North,1,185.28,0.06,Card,8,1.1,174.16,185.28,11.1168,174.1632,2029,May,5,Q2,Wednesday,-0.003199999999992542
12680,2029-05-03,1827,Clothing,South,6,90.77,0.14,Card,4,1.1,468.37,544.62,76.24680000000001,468.3732,2029,May,5,Q2,Thursday,-0.003199999999992542
12681,2029-05-04,1380,Clothing,South,7,508.14,0.17,Wallet,7,3.6,2952.29,3556.98,604.6866,2952.2934,2029,May,5,Q2,Friday,-0.003400000000056025
12682,2029-05-05,1622,Clothing,South,6,451.94,0.34,Card,4,2.3,1789.68,2711.64,921.9576000000001,1789.6823999999997,2029,May,5,Q2,Saturday,-0.0023999999996249244
12683,2029-05-06,1013,Beauty,South,7,132.89,0.34,Card,7,3.0,613.95,930.2299999999999,316.27819999999997,613.9517999999999,2029,May,5,Q2,Sunday,-0.0017999999998892235
12684,2029-05-07,1503,Home,East,5,214.67,0.3,Card,1,1.5,751.34,1073.35,322.00499999999994,751.345,2029,May,5,Q2,Monday,-0.0049999999999954525
12685,2029-05-08,1230,Electronics,West,7,580.47,0.11,COD,1,4.9,3616.33,4063.29,446.9619,3616.3280999999997,2029,May,5,Q2,Tuesday,0.001900000000205182
12686,2029-05-09,1984,Beauty,West,1,362.58,0.34,COD,2,1.5,239.3,362.58,123.27720000000001,239.3028,2029,May,5,Q2,Wednesday,-0.0027999999999792635
12687,2029-05-10,1083,Clothing,South,3,483.68,0.24,Card,5,2.8,1102.79,1451.04,348.2496,1102.7903999999999,2029,May,5,Q2,Thursday,-0.0003999999998995918
12688,2029-05-11,1129,Electronics,South,3,169.79,0.14,COD,11,2.8,438.06,509.37,71.3118,438.0582,2029,May,5,Q2,Friday,0.0018000000000029104
12689,2029-05-12,1742,Clothing,South,2,137.88,0.25,COD,10,1.0,206.82,275.76,68.94,206.82,2029,May,5,Q2,Saturday,0.0
12690,2029-05-13,1837,Clothing,West,3,473.59,0.01,Wallet,6,3.7,1406.56,1420.77,14.2077,1406.5623,2029,May,5,Q2,Sunday,-0.002300000000104774
12691,2029-05-14,1144,Beauty,West,5,416.24,0.05,COD,2,3.2,1977.14,2081.2,104.06,1977.1399999999999,2029,May,5,Q2,Monday,2.2737367544323206e-13
12692,2029-05-15,1890,Electronics,South,4,413.37,0.29,COD,1,3.0,1173.97,1653.48,479.50919999999996,1173.9708,2029,May,5,Q2,Tuesday,-0.0008000000000265572
12693,2029-05-16,1856,Home,East,3,338.29,0.23,COD,9,4.3,781.45,1014.8700000000001,233.42010000000005,781.4499000000001,2029,May,5,Q2,Wednesday,9.999999997489795e-05
12694,2029-05-17,1027,Clothing,North,1,344.69,0.13,Card,7,2.0,299.88,344.69,44.8097,299.8803,2029,May,5,Q2,Thursday,-0.00029999999998153726
12695,2029-05-18,1065,Electronics,North,5,445.38,0.18,Card,8,4.4,1826.06,2226.9,400.842,1826.058,2029,May,5,Q2,Friday,0.0019999999999527063
12696,2029-05-19,1162,Beauty,North,3,172.95,0.32,COD,6,4.5,352.82,518.8499999999999,166.03199999999998,352.8179999999999,2029,May,5,Q2,Saturday,0.002000000000066393
12697,2029-05-20,1228,Clothing,West,6,221.37,0.22,Card,9,4.3,1036.01,1328.22,292.2084,1036.0116,2029,May,5,Q2,Sunday,-0.0016000000000531145
12698,2029-05-21,1260,Electronics,West,7,524.91,0.14,Card,8,2.4,3159.96,3674.37,514.4118000000001,3159.9582,2029,May,5,Q2,Monday,0.0018000000000029104
12699,2029-05-22,1448,Clothing,North,3,195.69,0.04,COD,4,1.7,563.59,587.0699999999999,23.482799999999997,563.5871999999999,2029,May,5,Q2,Tuesday,0.0028000000000929504
12700,2029-05-23,1423,Beauty,North,6,334.59,0.1,Card,5,2.9,1806.79,2007.54,200.75400000000002,1806.786,2029,May,5,Q2,Wednesday,0.0039999999999054126
12701,2029-05-24,1459,Electronics,East,5,426.04,0.34,Card,2,2.0,1405.93,2130.2000000000003,724.2680000000001,1405.9320000000002,2029,May,5,Q2,Thursday,-0.00200000000018008
12702,2029-05-25,1951,Electronics,West,3,599.96,0.15,COD,1,1.2,1529.9,1799.88,269.982,1529.8980000000001,2029,May,5,Q2,Friday,0.0019999999999527063
12703,2029-05-26,1675,Electronics,West,6,269.65,0.17,COD,6,2.1,1342.86,1617.8999999999999,275.043,1342.857,2029,May,5,Q2,Saturday,0.0029999999999290594
12704,2029-05-27,1300,Electronics,North,4,265.43,0.17,Wallet,3,2.9,881.23,1061.72,180.4924,881.2276,2029,May,5,Q2,Sunday,0.002399999999965985
12705,2029-05-28,1918,Home,East,2,507.91,0.31,COD,11,1.5,700.92,1015.82,314.9042,700.9158,2029,May,5,Q2,Monday,0.004199999999968895
12706,2029-05-29,1302,Clothing,East,5,486.22,0.21,COD,4,4.8,1920.57,2431.1000000000004,510.53100000000006,1920.5690000000004,2029,May,5,Q2,Tuesday,0.0009999999995216058
12707,2029-05-30,1286,Electronics,North,6,442.68,0.24,Card,1,3.6,2018.62,2656.08,637.4592,2018.6208,2029,May,5,Q2,Wednesday,-0.0008000000000265572
12708,2029-05-31,1394,Electronics,North,1,285.99,0.14,Card,6,1.5,245.95,285.99,40.0386,245.9514,2029,May,5,Q2,Thursday,-0.0014000000000180535
12709,2029-06-01,1009,Electronics,West,3,204.5,0.01,Card,8,4.2,607.36,613.5,6.135,607.365,2029,June,6,Q2,Friday,-0.0049999999999954525
12710,2029-06-02,1706,Beauty,North,6,371.11,0.33,COD,10,4.7,1491.86,2226.66,734.7977999999999,1491.8622,2029,June,6,Q2,Saturday,-0.002200000000129876
12711,2029-06-03,1629,Electronics,South,7,527.59,0.33,COD,4,2.1,2474.4,3693.13,1218.7329000000002,2474.3971,2029,June,6,Q2,Sunday,0.0028999999999541615
12712,2029-06-04,1269,Beauty,East,6,532.01,0.33,COD,10,1.6,2138.68,3192.06,1053.3798,2138.6802,2029,June,6,Q2,Monday,-0.0001999999999497959
12713,2029-06-05,1591,Clothing,North,6,78.47,0.33,COD,8,2.3,315.45,470.82,155.3706,315.44939999999997,2029,June,6,Q2,Tuesday,0.0006000000000199179
12714,2029-06-06,1969,Electronics,South,7,265.58,0.29,Card,11,4.3,1319.93,1859.06,539.1274,1319.9326,2029,June,6,Q2,Wednesday,-0.0026000000000294676
12715,2029-06-07,1604,Beauty,East,2,286.86,0.24,COD,10,1.7,436.03,573.72,137.6928,436.0272,2029,June,6,Q2,Thursday,0.0027999999999792635
12716,2029-06-08,1777,Clothing,South,7,586.9,0.3,Card,3,4.1,2875.81,4108.3,1232.49,2875.8100000000004,2029,June,6,Q2,Friday,-4.547473508864641e-13
12717,2029-06-09,1843,Home,South,7,411.63,0.21,Card,11,3.9,2276.31,2881.41,605.0961,2276.3139,2029,June,6,Q2,Saturday,-0.0039000000001578883
12718,2029-06-10,1861,Beauty,North,1,253.24,0.05,COD,7,3.6,240.58,253.24,12.662,240.578,2029,June,6,Q2,Sunday,0.0020000000000095497
12719,2029-06-11,1360,Electronics,East,7,30.24,0.14,Wallet,3,2.7,182.04,211.67999999999998,29.6352,182.04479999999998,2029,June,6,Q2,Monday,-0.004799999999988813
12720,2029-06-12,1256,Electronics,South,1,345.75,0.34,Wallet,6,2.5,228.19,345.75,117.555,228.195,2029,June,6,Q2,Tuesday,-0.0049999999999954525
12721,2029-06-13,1132,Home,West,4,71.2,0.12,Wallet,4,1.3,250.62,284.8,34.176,250.62400000000002,2029,June,6,Q2,Wednesday,-0.004000000000019099
12722,2029-06-14,1275,Electronics,East,7,503.15,0.3,Card,6,2.4,2465.43,3522.0499999999997,1056.6149999999998,2465.435,2029,June,6,Q2,Thursday,-0.005000000000109139
12723,2029-06-15,1775,Electronics,West,2,455.22,0.03,Card,7,3.4,883.13,910.44,27.313200000000002,883.1268,2029,June,6,Q2,Friday,0.003199999999992542
12724,2029-06-16,1682,Electronics,North,7,284.4,0.12,Card,8,4.6,1751.9,1990.7999999999997,238.89599999999996,1751.9039999999998,2029,June,6,Q2,Saturday,-0.003999999999678039
12725,2029-06-17,1971,Electronics,West,6,266.09,0.12,Card,6,4.3,1404.96,1596.54,191.5848,1404.9551999999999,2029,June,6,Q2,Sunday,0.0048000000001593435
12726,2029-06-18,1512,Home,East,5,539.94,0.02,Card,4,1.1,2645.71,2699.7000000000003,53.99400000000001,2645.706,2029,June,6,Q2,Monday,0.0039999999999054126
12727,2029-06-19,1312,Electronics,South,2,183.75,0.04,COD,9,1.6,352.8,367.5,14.700000000000001,352.8,2029,June,6,Q2,Tuesday,0.0
12728,2029-06-20,1575,Clothing,South,7,160.68,0.07,COD,7,4.4,1046.03,1124.76,78.73320000000001,1046.0268,2029,June,6,Q2,Wednesday,0.0031999999998788553
12729,2029-06-21,1885,Clothing,East,2,564.43,0.29,Wallet,9,4.8,801.49,1128.86,327.3693999999999,801.4906,2029,June,6,Q2,Thursday,-0.0005999999999630745
12730,2029-06-22,1979,Clothing,South,1,488.41,0.02,Wallet,3,1.2,478.64,488.41,9.7682,478.64180000000005,2029,June,6,Q2,Friday,-0.0018000000000597538
12731,2029-06-23,1283,Electronics,West,4,495.07,0.1,Card,5,3.8,1782.25,1980.28,198.02800000000002,1782.252,2029,June,6,Q2,Saturday,-0.0019999999999527063
12732,2029-06-24,1120,Home,South,4,129.19,0.0,Wallet,1,2.5,516.76,516.76,0.0,516.76,2029,June,6,Q2,Sunday,0.0
12733,2029-06-25,1106,Electronics,South,2,98.83,0.24,COD,11,2.5,150.22,197.66,47.438399999999994,150.2216,2029,June,6,Q2,Monday,-0.001599999999996271
12734,2029-06-26,1932,Home,West,2,30.23,0.22,COD,8,3.6,47.16,60.46,13.3012,47.1588,2029,June,6,Q2,Tuesday,0.0011999999999972033
12735,2029-06-27,1686,Beauty,West,7,153.67,0.23,COD,1,4.2,828.28,1075.6899999999998,247.40869999999998,828.2812999999999,2029,June,6,Q2,Wednesday,-0.001299999999901047
12736,2029-06-28,1996,Clothing,West,3,467.9,0.13,Card,1,2.1,1221.22,1403.6999999999998,182.481,1221.2189999999998,2029,June,6,Q2,Thursday,0.0010000000002037268
12737,2029-06-29,1203,Clothing,North,6,155.42,0.07,Wallet,7,3.8,867.24,932.52,65.27640000000001,867.2436,2029,June,6,Q2,Friday,-0.0036000000000058208
12738,2029-06-30,1164,Clothing,West,1,441.53,0.25,COD,11,3.5,331.15,441.53,110.3825,331.1475,2029,June,6,Q2,Saturday,0.0024999999999977263
12739,2029-07-01,1304,Clothing,West,6,162.37,0.28,Wallet,8,3.1,701.44,974.22,272.7816,701.4384,2029,July,7,Q3,Sunday,0.0016000000000531145
12740,2029-07-02,1496,Beauty,North,5,246.25,0.05,Wallet,3,3.4,1169.69,1231.25,61.5625,1169.6875,2029,July,7,Q3,Monday,0.0025000000000545697
12741,2029-07-03,1631,Beauty,South,5,590.15,0.17,COD,2,1.1,2449.12,2950.75,501.62750000000005,2449.1225,2029,July,7,Q3,Tuesday,-0.0025000000000545697
12742,2029-07-04,1555,Electronics,West,4,158.21,0.09,Card,7,1.0,575.88,632.84,56.955600000000004,575.8844,2029,July,7,Q3,Wednesday,-0.004400000000032378
12743,2029-07-05,1823,Clothing,East,1,235.18,0.06,Card,10,3.2,221.07,235.18,14.1108,221.0692,2029,July,7,Q3,Thursday,0.0007999999999981355
12744,2029-07-06,1155,Beauty,West,6,191.14,0.26,Card,5,3.1,848.66,1146.84,298.1784,848.6615999999999,2029,July,7,Q3,Friday,-0.0015999999999394277
12745,2029-07-07,1366,Beauty,West,4,79.13,0.19,Card,1,1.3,256.38,316.52,60.138799999999996,256.3812,2029,July,7,Q3,Saturday,-0.0011999999999829924
12746,2029-07-08,1718,Clothing,North,5,301.59,0.08,Wallet,2,3.0,1387.31,1507.9499999999998,120.63599999999998,1387.3139999999999,2029,July,7,Q3,Sunday,-0.0039999999999054126
12747,2029-07-09,1901,Clothing,East,2,236.53,0.11,Card,3,4.0,421.02,473.06,52.0366,421.0234,2029,July,7,Q3,Monday,-0.0033999999999991815
12748,2029-07-10,1619,Electronics,South,1,421.51,0.34,Wallet,6,3.2,278.2,421.51,143.3134,278.1966,2029,July,7,Q3,Tuesday,0.0033999999999991815
12749,2029-07-11,1250,Beauty,South,1,493.29,0.3,COD,1,3.1,345.3,493.29,147.987,345.303,2029,July,7,Q3,Wednesday,-0.002999999999985903
12750,2029-07-12,1956,Electronics,East,6,333.39,0.31,Card,8,3.9,1380.23,2000.34,620.1053999999999,1380.2346,2029,July,7,Q3,Thursday,-0.004599999999982174
12751,2029-07-13,1915,Clothing,West,7,33.83,0.16,COD,2,1.7,198.92,236.81,37.8896,198.9204,2029,July,7,Q3,Friday,-0.0004000000000132786
12752,2029-07-14,1881,Electronics,North,3,377.07,0.22,COD,5,2.8,882.34,1131.21,248.86620000000002,882.3438,2029,July,7,Q3,Saturday,-0.0037999999999556167
12753,2029-07-15,1333,Electronics,East,6,47.4,0.13,COD,8,1.6,247.43,284.4,36.972,247.42799999999997,2029,July,7,Q3,Sunday,0.0020000000000379714
12754,2029-07-16,1641,Clothing,East,2,375.57,0.03,COD,5,3.1,728.61,751.14,22.5342,728.6058,2029,July,7,Q3,Monday,0.004199999999968895
12755,2029-07-17,1968,Beauty,South,7,415.74,0.14,Card,8,3.4,2502.75,2910.1800000000003,407.4252000000001,2502.7548,2029,July,7,Q3,Tuesday,-0.0048000000001593435
12756,2029-07-18,1510,Electronics,North,7,130.69,0.21,COD,6,1.5,722.72,914.8299999999999,192.1143,722.7157,2029,July,7,Q3,Wednesday,0.00430000000005748
12757,2029-07-19,1292,Clothing,East,7,494.32,0.1,COD,7,1.3,3114.22,3460.24,346.024,3114.216,2029,July,7,Q3,Thursday,0.0039999999999054126
12758,2029-07-20,1019,Electronics,North,2,547.98,0.3,COD,8,1.7,767.17,1095.96,328.788,767.172,2029,July,7,Q3,Friday,-0.002000000000066393
12759,2029-07-21,1281,Electronics,West,4,490.66,0.05,Wallet,3,3.3,1864.51,1962.64,98.132,1864.508,2029,July,7,Q3,Saturday,0.0019999999999527063
12760,2029-07-22,1796,Clothing,South,1,193.49,0.13,Card,5,1.8,168.34,193.49,25.1537,168.3363,2029,July,7,Q3,Sunday,0.0037000000000091404
12761,2029-07-23,1000,Clothing,West,4,358.19,0.04,Card,10,2.1,1375.45,1432.76,57.3104,1375.4496,2029,July,7,Q3,Monday,0.00040000000012696546
12762,2029-07-24,1118,Electronics,North,2,550.17,0.14,COD,7,3.8,946.29,1100.34,154.04760000000002,946.2923999999999,2029,July,7,Q3,Tuesday,-0.002399999999965985
12763,2029-07-25,1034,Electronics,West,3,202.59,0.01,Wallet,9,2.0,601.69,607.77,6.0777,601.6922999999999,2029,July,7,Q3,Wednesday,-0.0022999999998774
12764,2029-07-26,1197,Electronics,South,1,494.72,0.1,Card,6,2.6,445.25,494.72,49.47200000000001,445.24800000000005,2029,July,7,Q3,Thursday,0.0019999999999527063
12765,2029-07-27,1484,Electronics,North,2,20.54,0.14,Card,10,4.7,35.33,41.08,5.7512,35.3288,2029,July,7,Q3,Friday,0.0011999999999972033
12766,2029-07-28,1756,Beauty,East,3,17.13,0.17,Card,1,4.3,42.65,51.39,8.7363,42.6537,2029,July,7,Q3,Saturday,-0.003700000000002035
12767,2029-07-29,1058,Beauty,West,6,459.43,0.19,Card,11,2.0,2232.83,2756.58,523.7502,2232.8298,2029,July,7,Q3,Sunday,0.0001999999999497959
12768,2029-07-30,1836,Electronics,South,5,460.45,0.1,Card,8,3.4,2072.02,2302.25,230.22500000000002,2072.025,2029,July,7,Q3,Monday,-0.005000000000109139
12769,2029-07-31,1160,Clothing,East,7,476.55,0.18,Card,6,3.7,2735.4,3335.85,600.453,2735.397,2029,July,7,Q3,Tuesday,0.003000000000156433
12770,2029-08-01,1690,Beauty,South,2,559.07,0.18,COD,1,4.6,916.87,1118.14,201.26520000000002,916.8748,2029,August,8,Q3,Wednesday,-0.004800000000045657
12771,2029-08-02,1205,Electronics,North,5,83.98,0.11,Card,4,3.2,373.71,419.90000000000003,46.18900000000001,373.711,2029,August,8,Q3,Thursday,-0.0010000000000331966
12772,2029-08-03,1011,Home,North,4,150.71,0.29,Card,6,3.2,428.02,602.84,174.8236,428.01640000000003,2029,August,8,Q3,Friday,0.0035999999999489773
12773,2029-08-04,1489,Beauty,West,5,543.68,0.19,Card,10,4.6,2201.9,2718.3999999999996,516.496,2201.9039999999995,2029,August,8,Q3,Saturday,-0.003999999999450665
12774,2029-08-05,1275,Electronics,South,2,118.68,0.12,Wallet,1,1.2,208.88,237.36,28.4832,208.8768,2029,August,8,Q3,Sunday,0.003199999999992542
12775,2029-08-06,1692,Electronics,South,5,414.1,0.33,COD,10,3.5,1387.24,2070.5,683.265,1387.2350000000001,2029,August,8,Q3,Monday,0.004999999999881766
12776,2029-08-07,1241,Beauty,South,7,325.32,0.3,Wallet,5,2.7,1594.07,2277.24,683.1719999999999,1594.0679999999998,2029,August,8,Q3,Tuesday,0.00200000000018008
12777,2029-08-08,1215,Clothing,North,1,63.67,0.34,COD,3,4.6,42.02,63.67,21.647800000000004,42.0222,2029,August,8,Q3,Wednesday,-0.0021999999999948727
12778,2029-08-09,1250,Electronics,West,2,181.88,0.24,Card,7,4.8,276.46,363.76,87.30239999999999,276.4576,2029,August,8,Q3,Thursday,0.002399999999965985
12779,2029-08-10,1810,Electronics,South,3,319.42,0.13,Card,8,1.7,833.69,958.26,124.5738,833.6862,2029,August,8,Q3,Friday,0.0038000000000693035
12780,2029-08-11,1125,Clothing,South,5,513.62,0.1,COD,3,2.1,2311.29,2568.1,256.81,2311.29,2029,August,8,Q3,Saturday,0.0
12781,2029-08-12,1993,Home,East,1,428.91,0.23,COD,10,2.1,330.26,428.91,98.64930000000001,330.26070000000004,2029,August,8,Q3,Sunday,-0.0007000000000516593
12782,2029-08-13,1216,Home,South,7,378.8,0.34,COD,3,1.4,1750.06,2651.6,901.544,1750.056,2029,August,8,Q3,Monday,0.0039999999999054126
12783,2029-08-14,1305,Beauty,West,4,305.18,0.22,COD,11,2.9,952.16,1220.72,268.5584,952.1616,2029,August,8,Q3,Tuesday,-0.0016000000000531145
12784,2029-08-15,1796,Electronics,East,4,189.73,0.31,COD,3,3.1,523.65,758.92,235.2652,523.6548,2029,August,8,Q3,Wednesday,-0.004800000000045657
12785,2029-08-16,1184,Clothing,East,7,84.76,0.12,Card,11,3.3,522.12,593.32,71.1984,522.1216000000001,2029,August,8,Q3,Thursday,-0.0016000000000531145
12786,2029-08-17,1038,Clothing,East,5,254.31,0.14,Wallet,6,3.7,1093.53,1271.55,178.01700000000002,1093.533,2029,August,8,Q3,Friday,-0.0029999999999290594
12787,2029-08-18,1222,Clothing,North,4,31.68,0.32,COD,6,1.3,86.17,126.72,40.5504,86.1696,2029,August,8,Q3,Saturday,0.00039999999999906777
12788,2029-08-19,1183,Electronics,East,3,138.47,0.26,Card,3,3.5,307.4,415.40999999999997,108.00659999999999,307.4034,2029,August,8,Q3,Sunday,-0.0033999999999991815
12789,2029-08-20,1494,Beauty,South,2,268.0,0.34,COD,6,4.7,353.76,536.0,182.24,353.76,2029,August,8,Q3,Monday,0.0
12790,2029-08-21,1426,Beauty,North,1,259.88,0.27,COD,9,2.8,189.71,259.88,70.16760000000001,189.7124,2029,August,8,Q3,Tuesday,-0.0023999999999944066
12791,2029-08-22,1177,Clothing,North,6,40.91,0.16,Card,11,1.4,206.19,245.45999999999998,39.273599999999995,206.1864,2029,August,8,Q3,Wednesday,0.0036000000000058208
12792,2029-08-23,1918,Clothing,North,5,359.6,0.19,Card,8,1.3,1456.38,1798.0,341.62,1456.38,2029,August,8,Q3,Thursday,0.0
12793,2029-08-24,1427,Electronics,North,4,336.57,0.32,Card,11,2.1,915.47,1346.28,430.8096,915.4703999999999,2029,August,8,Q3,Friday,-0.0003999999998995918
12794,2029-08-25,1293,Clothing,North,2,60.69,0.19,Card,7,4.0,98.32,121.38,23.0622,98.31779999999999,2029,August,8,Q3,Saturday,0.002200000000001978
12795,2029-08-26,1851,Home,North,6,566.75,0.09,Card,7,2.0,3094.46,3400.5,306.045,3094.455,2029,August,8,Q3,Sunday,0.005000000000109139
12796,2029-08-27,1150,Clothing,North,3,73.14,0.15,Card,8,4.3,186.51,219.42000000000002,32.913000000000004,186.507,2029,August,8,Q3,Monday,0.002999999999985903
12797,2029-08-28,1383,Beauty,East,4,515.08,0.18,Card,7,4.3,1689.46,2060.32,370.8576,1689.4624000000001,2029,August,8,Q3,Tuesday,-0.0024000000000796717
12798,2029-08-29,1637,Clothing,West,4,15.18,0.03,Card,3,2.8,58.9,60.72,1.8215999999999999,58.8984,2029,August,8,Q3,Wednesday,0.001599999999996271
12799,2029-08-30,1812,Clothing,South,1,531.13,0.26,Wallet,8,2.2,393.04,531.13,138.09380000000002,393.0362,2029,August,8,Q3,Thursday,0.00380000000001246
12800,2029-08-31,1307,Home,South,3,26.54,0.04,Card,8,3.4,76.44,79.62,3.1848,76.43520000000001,2029,August,8,Q3,Friday,0.004799999999988813
12801,2029-09-01,1335,Electronics,East,3,458.32,0.14,Card,1,4.2,1182.47,1374.96,192.4944,1182.4656,2029,September,9,Q3,Saturday,0.004400000000032378
12802,2029-09-02,1945,Clothing,East,5,226.59,0.28,Card,10,1.3,815.72,1132.95,317.22600000000006,815.7239999999999,2029,September,9,Q3,Sunday,-0.0039999999999054126
12803,2029-09-03,1745,Electronics,North,6,446.86,0.16,COD,5,4.8,2252.17,2681.16,428.9856,2252.1744,2029,September,9,Q3,Monday,-0.004399999999805004
12804,2029-09-04,1891,Clothing,West,1,250.02,0.29,Card,5,3.6,177.51,250.02,72.5058,177.51420000000002,2029,September,9,Q3,Tuesday,-0.004200000000025739
12805,2029-09-05,1374,Home,North,5,56.48,0.12,Card,1,2.6,248.51,282.4,33.888,248.51199999999997,2029,September,9,Q3,Wednesday,-0.001999999999981128
12806,2029-09-06,1007,Clothing,East,1,463.99,0.34,Card,6,3.0,306.23,463.99,157.75660000000002,306.23339999999996,2029,September,9,Q3,Thursday,-0.003399999999942338
12807,2029-09-07,1340,Home,North,3,56.68,0.07,Wallet,6,2.5,158.14,170.04,11.902800000000001,158.13719999999998,2029,September,9,Q3,Friday,0.0028000000000076852
12808,2029-09-08,1128,Clothing,South,1,554.44,0.01,COD,4,2.7,548.9,554.44,5.5444,548.8956000000001,2029,September,9,Q3,Saturday,0.004399999999918691
12809,2029-09-09,1775,Electronics,South,1,44.82,0.31,Card,6,3.4,30.93,44.82,13.8942,30.925800000000002,2029,September,9,Q3,Sunday,0.004199999999997317
12810,2029-09-10,1668,Home,North,1,295.41,0.26,Card,6,1.2,218.6,295.41,76.8066,218.60340000000002,2029,September,9,Q3,Monday,-0.003400000000027603
12811,2029-09-11,1351,Electronics,West,2,437.98,0.08,Card,1,1.7,805.88,875.96,70.0768,805.8832,2029,September,9,Q3,Tuesday,-0.003199999999992542
12812,2029-09-12,1357,Electronics,North,2,245.05,0.34,Card,5,1.9,323.47,490.1,166.63400000000001,323.466,2029,September,9,Q3,Wednesday,0.004000000000019099
12813,2029-09-13,1516,Clothing,North,6,142.08,0.18,COD,2,2.6,699.03,852.48,153.4464,699.0336,2029,September,9,Q3,Thursday,-0.0036000000000058208
12814,2029-09-14,1494,Electronics,West,6,459.07,0.33,COD,7,2.5,1845.46,2754.42,908.9586,1845.4614000000001,2029,September,9,Q3,Friday,-0.0014000000001033186
12815,2029-09-15,1085,Electronics,West,7,473.81,0.18,COD,9,3.9,2719.67,3316.67,597.0006,2719.6694,2029,September,9,Q3,Saturday,0.0005999999998493877
12816,2029-09-16,1174,Clothing,West,3,554.78,0.17,Card,9,2.0,1381.4,1664.34,282.9378,1381.4022,2029,September,9,Q3,Sunday,-0.002199999999902502
12817,2029-09-17,1801,Clothing,South,1,235.06,0.16,COD,11,1.2,197.45,235.06,37.6096,197.4504,2029,September,9,Q3,Monday,-0.0004000000000132786
12818,2029-09-18,1192,Clothing,North,3,311.16,0.12,Card,9,1.2,821.46,933.48,112.0176,821.4624,2029,September,9,Q3,Tuesday,-0.002399999999965985
12819,2029-09-19,1310,Beauty,East,2,227.43,0.19,Card,11,1.0,368.44,454.86,86.4234,368.4366,2029,September,9,Q3,Wednesday,0.0033999999999991815
12820,2029-09-20,1118,Clothing,West,1,165.39,0.16,COD,7,1.2,138.93,165.39,26.4624,138.92759999999998,2029,September,9,Q3,Thursday,0.0024000000000228283
12821,2029-09-21,1217,Beauty,West,5,454.35,0.01,Card,7,4.4,2249.03,2271.75,22.7175,2249.0325,2029,September,9,Q3,Friday,-0.0024999999995998223
12822,2029-09-22,1426,Electronics,North,2,213.7,0.09,COD,1,3.8,388.93,427.4,38.465999999999994,388.93399999999997,2029,September,9,Q3,Saturday,-0.003999999999962256
12823,2029-09-23,1969,Clothing,East,2,265.47,0.07,Wallet,11,5.0,493.77,530.94,37.165800000000004,493.77420000000006,2029,September,9,Q3,Sunday,-0.004200000000082582
12824,2029-09-24,1413,Beauty,North,2,251.15,0.3,Card,11,1.1,351.61,502.3,150.69,351.61,2029,September,9,Q3,Monday,0.0
12825,2029-09-25,1113,Clothing,North,7,431.91,0.21,Wallet,6,4.4,2388.46,3023.3700000000003,634.9077000000001,2388.4623,2029,September,9,Q3,Tuesday,-0.002300000000104774
12826,2029-09-26,1977,Home,West,1,551.91,0.27,Card,5,3.8,402.89,551.91,149.0157,402.89429999999993,2029,September,9,Q3,Wednesday,-0.004299999999943793
12827,2029-09-27,1144,Clothing,West,6,405.05,0.33,Card,8,3.6,1628.3,2430.3,801.9990000000001,1628.301,2029,September,9,Q3,Thursday,-0.0009999999999763531
12828,2029-09-28,1537,Electronics,South,4,290.88,0.23,COD,8,2.4,895.91,1163.52,267.6096,895.9104,2029,September,9,Q3,Friday,-0.0004000000000132786
12829,2029-09-29,1647,Clothing,East,5,470.83,0.34,COD,11,2.5,1553.74,2354.15,800.4110000000001,1553.739,2029,September,9,Q3,Saturday,0.0009999999999763531
12830,2029-09-30,1302,Clothing,East,5,389.97,0.11,Card,4,4.4,1735.37,1949.8500000000001,214.48350000000002,1735.3665,2029,September,9,Q3,Sunday,0.003499999999803549
12831,2029-10-01,1743,Beauty,West,3,50.46,0.07,COD,1,3.9,140.78,151.38,10.5966,140.7834,2029,October,10,Q4,Monday,-0.0033999999999991815
12832,2029-10-02,1880,Electronics,West,1,70.96,0.14,Wallet,6,3.7,61.03,70.96,9.9344,61.0256,2029,October,10,Q4,Tuesday,0.004400000000003956
12833,2029-10-03,1587,Beauty,West,6,37.18,0.16,Card,10,1.1,187.39,223.07999999999998,35.6928,187.38719999999998,2029,October,10,Q4,Wednesday,0.0028000000000076852
12834,2029-10-04,1986,Beauty,East,2,282.24,0.31,Wallet,1,1.7,389.49,564.48,174.9888,389.49120000000005,2029,October,10,Q4,Thursday,-0.0012000000000398359
12835,2029-10-05,1839,Electronics,South,4,498.12,0.2,COD,5,4.9,1593.98,1992.48,398.49600000000004,1593.984,2029,October,10,Q4,Friday,-0.0039999999999054126
12836,2029-10-06,1344,Electronics,East,1,198.15,0.1,Wallet,5,2.8,178.34,198.15,19.815,178.335,2029,October,10,Q4,Saturday,0.0049999999999954525
12837,2029-10-07,1813,Beauty,West,1,239.73,0.26,Card,3,4.1,177.4,239.73,62.3298,177.40019999999998,2029,October,10,Q4,Sunday,-0.0001999999999782176
12838,2029-10-08,1963,Beauty,West,7,547.04,0.18,COD,5,2.6,3140.01,3829.2799999999997,689.2703999999999,3140.0096,2029,October,10,Q4,Monday,0.00040000000035433914
12839,2029-10-09,1800,Clothing,South,6,504.59,0.06,Card,6,4.1,2845.89,3027.54,181.6524,2845.8876,2029,October,10,Q4,Tuesday,0.002399999999852298
12840,2029-10-10,1000,Electronics,North,4,404.05,0.2,Wallet,5,1.5,1292.96,1616.2,323.24,1292.96,2029,October,10,Q4,Wednesday,0.0
12841,2029-10-11,1146,Clothing,North,2,171.08,0.32,COD,1,1.2,232.67,342.16,109.4912,232.66880000000003,2029,October,10,Q4,Thursday,0.0011999999999545707
12842,2029-10-12,1286,Home,East,1,83.47,0.29,Card,7,2.9,59.26,83.47,24.2063,59.2637,2029,October,10,Q4,Friday,-0.003700000000002035
12843,2029-10-13,1975,Electronics,North,5,24.39,0.21,Card,3,3.4,96.34,121.95,25.6095,96.3405,2029,October,10,Q4,Saturday,-0.0005000000000023874
12844,2029-10-14,1653,Home,North,5,77.6,0.13,Wallet,7,2.3,337.56,388.0,50.440000000000005,337.56,2029,October,10,Q4,Sunday,0.0
12845,2029-10-15,1052,Electronics,East,4,186.17,0.03,COD,5,3.9,722.34,744.68,22.3404,722.3395999999999,2029,October,10,Q4,Monday,0.00040000000012696546
12846,2029-10-16,1303,Electronics,West,2,337.8,0.16,Card,3,3.0,567.5,675.6,108.096,567.504,2029,October,10,Q4,Tuesday,-0.004000000000019099
12847,2029-10-17,1068,Clothing,North,4,52.44,0.26,Card,11,4.7,155.22,209.76,54.5376,155.2224,2029,October,10,Q4,Wednesday,-0.0023999999999944066
12848,2029-10-18,1360,Clothing,West,1,94.69,0.13,Wallet,6,1.3,82.38,94.69,12.3097,82.3803,2029,October,10,Q4,Thursday,-0.00030000000000995897
12849,2029-10-19,1601,Electronics,East,7,120.93,0.08,Card,1,1.3,778.79,846.51,67.7208,778.7891999999999,2029,October,10,Q4,Friday,0.0008000000000265572
12850,2029-10-20,1957,Clothing,West,7,384.71,0.33,Card,6,4.6,1804.29,2692.97,888.6800999999999,1804.2898999999998,2029,October,10,Q4,Saturday,0.00010000000020227162
12851,2029-10-21,1219,Electronics,West,5,375.24,0.29,Wallet,4,3.7,1332.1,1876.2,544.098,1332.102,2029,October,10,Q4,Sunday,-0.00200000000018008
12852,2029-10-22,1961,Electronics,East,7,337.2,0.22,Card,4,3.7,1841.11,2360.4,519.288,1841.112,2029,October,10,Q4,Monday,-0.00200000000018008
12853,2029-10-23,1703,Electronics,West,3,161.54,0.05,Card,5,1.1,460.39,484.62,24.231,460.389,2029,October,10,Q4,Tuesday,0.0009999999999763531
12854,2029-10-24,1965,Beauty,North,4,232.11,0.05,Card,9,4.8,882.02,928.44,46.422000000000004,882.018,2029,October,10,Q4,Wednesday,0.0019999999999527063
12855,2029-10-25,1574,Clothing,North,7,71.56,0.04,Wallet,1,4.1,480.88,500.92,20.0368,480.8832,2029,October,10,Q4,Thursday,-0.003199999999992542
12856,2029-10-26,1584,Clothing,North,3,147.48,0.22,Card,3,4.1,345.1,442.43999999999994,97.33679999999998,345.10319999999996,2029,October,10,Q4,Friday,-0.0031999999999356987
12857,2029-10-27,1160,Clothing,North,3,540.16,0.04,COD,11,4.6,1555.66,1620.48,64.8192,1555.6608,2029,October,10,Q4,Saturday,-0.0008000000000265572
12858,2029-10-28,1680,Beauty,West,6,588.12,0.29,Wallet,4,3.3,2505.39,3528.7200000000003,1023.3288,2505.3912,2029,October,10,Q4,Sunday,-0.0012000000001535227
12859,2029-10-29,1088,Electronics,North,5,393.88,0.35,Card,2,2.6,1280.11,1969.4,689.29,1280.1100000000001,2029,October,10,Q4,Monday,-2.2737367544323206e-13
12860,2029-10-30,1687,Home,West,4,551.34,0.13,Wallet,9,2.9,1918.66,2205.36,286.69680000000005,1918.6632,2029,October,10,Q4,Tuesday,-0.0031999999998788553
12861,2029-10-31,1780,Home,South,3,391.0,0.16,Card,11,4.1,985.32,1173.0,187.68,985.3199999999999,2029,October,10,Q4,Wednesday,1.1368683772161603e-13
12862,2029-11-01,1584,Clothing,West,1,34.42,0.25,COD,7,4.1,25.82,34.42,8.605,25.815,2029,November,11,Q4,Thursday,0.004999999999999005
12863,2029-11-02,1756,Electronics,North,7,598.11,0.33,Card,1,3.4,2805.14,4186.77,1381.6341000000002,2805.1359,2029,November,11,Q4,Friday,0.004099999999652937
12864,2029-11-03,1588,Home,South,6,72.89,0.31,COD,9,1.9,301.76,437.34000000000003,135.5754,301.76460000000003,2029,November,11,Q4,Saturday,-0.004600000000039017
12865,2029-11-04,1158,Electronics,East,2,414.35,0.02,Card,6,4.3,812.13,828.7,16.574,812.1260000000001,2029,November,11,Q4,Sunday,0.0039999999999054126
12866,2029-11-05,1488,Clothing,West,7,162.91,0.06,Card,2,3.6,1071.95,1140.37,68.42219999999999,1071.9478,2029,November,11,Q4,Monday,0.002200000000129876
12867,2029-11-06,1970,Home,North,7,244.31,0.26,Wallet,1,1.9,1265.53,1710.17,444.6442,1265.5258000000001,2029,November,11,Q4,Tuesday,0.0041999999998552084
12868,2029-11-07,1323,Electronics,North,7,392.87,0.24,Card,6,2.9,2090.07,2750.09,660.0216,2090.0684,2029,November,11,Q4,Wednesday,0.0016000000000531145
12869,2029-11-08,1609,Home,North,6,270.35,0.05,Wallet,7,5.0,1541.0,1622.1000000000001,81.10500000000002,1540.9950000000001,2029,November,11,Q4,Thursday,0.004999999999881766
12870,2029-11-09,1380,Electronics,East,2,161.57,0.18,Card,10,2.3,264.97,323.14,58.1652,264.97479999999996,2029,November,11,Q4,Friday,-0.00479999999993197
12871,2029-11-10,1101,Home,South,5,210.65,0.27,Card,6,1.5,768.87,1053.25,284.3775,768.8725,2029,November,11,Q4,Saturday,-0.002499999999940883
12872,2029-11-11,1493,Clothing,South,4,214.81,0.08,Wallet,7,1.1,790.5,859.24,68.7392,790.5008,2029,November,11,Q4,Sunday,-0.0008000000000265572
12873,2029-11-12,1643,Electronics,North,4,576.2,0.3,Card,6,1.7,1613.36,2304.8,691.44,1613.3600000000001,2029,November,11,Q4,Monday,-2.2737367544323206e-13
12874,2029-11-13,1613,Electronics,West,2,482.19,0.02,Wallet,8,1.7,945.09,964.38,19.2876,945.0924,2029,November,11,Q4,Tuesday,-0.002399999999965985
12875,2029-11-14,1018,Beauty,North,7,283.25,0.27,COD,2,4.4,1447.41,1982.75,535.3425000000001,1447.4074999999998,2029,November,11,Q4,Wednesday,0.0025000000002819434
12876,2029-11-15,1453,Electronics,North,1,131.9,0.22,Card,9,1.6,102.88,131.9,29.018,102.882,2029,November,11,Q4,Thursday,-0.0020000000000095497
12877,2029-11-16,1481,Electronics,West,2,489.44,0.11,COD,9,4.5,871.2,978.88,107.6768,871.2032,2029,November,11,Q4,Friday,-0.003199999999992542
12878,2029-11-17,1593,Electronics,North,2,106.95,0.25,Card,11,1.3,160.43,213.9,53.475,160.425,2029,November,11,Q4,Saturday,0.0049999999999954525
12879,2029-11-18,1396,Clothing,East,4,138.12,0.27,Card,9,4.6,403.31,552.48,149.1696,403.3104,2029,November,11,Q4,Sunday,-0.0004000000000132786
12880,2029-11-19,1278,Clothing,North,3,229.12,0.33,COD,7,2.0,460.53,687.36,226.8288,460.5312,2029,November,11,Q4,Monday,-0.0012000000000398359
12881,2029-11-20,1850,Electronics,East,1,530.0,0.13,Card,9,3.4,461.1,530.0,68.9,461.1,2029,November,11,Q4,Tuesday,0.0
12882,2029-11-21,1364,Electronics,North,4,92.1,0.24,Card,1,1.6,279.98,368.4,88.416,279.984,2029,November,11,Q4,Wednesday,-0.003999999999962256
12883,2029-11-22,1330,Electronics,South,6,86.51,0.21,Wallet,3,2.6,410.06,519.0600000000001,109.00260000000002,410.05740000000003,2029,November,11,Q4,Thursday,0.002599999999972624
12884,2029-11-23,1640,Electronics,West,2,303.98,0.18,Wallet,2,1.3,498.53,607.96,109.4328,498.52720000000005,2029,November,11,Q4,Friday,0.00279999999992242
12885,2029-11-24,1343,Clothing,South,3,176.7,0.31,COD,11,3.3,365.77,530.0999999999999,164.33099999999996,365.76899999999995,2029,November,11,Q4,Saturday,0.0010000000000331966
12886,2029-11-25,1821,Home,North,1,347.71,0.0,COD,1,2.4,347.71,347.71,0.0,347.71,2029,November,11,Q4,Sunday,0.0
12887,2029-11-26,1454,Electronics,North,5,279.21,0.1,COD,5,4.4,1256.44,1396.05,139.605,1256.445,2029,November,11,Q4,Monday,-0.004999999999881766
12888,2029-11-27,1600,Clothing,East,1,269.45,0.19,COD,1,1.7,218.25,269.45,51.195499999999996,218.2545,2029,November,11,Q4,Tuesday,-0.004500000000007276
12889,2029-11-28,1724,Clothing,North,1,80.5,0.06,Card,3,2.1,75.67,80.5,4.83,75.67,2029,November,11,Q4,Wednesday,0.0
12890,2029-11-29,1654,Beauty,North,7,97.51,0.32,Wallet,6,1.7,464.15,682.57,218.4224,464.1476,2029,November,11,Q4,Thursday,0.002399999999965985
12891,2029-11-30,1064,Beauty,North,2,495.33,0.23,Card,6,3.3,762.81,990.66,227.8518,762.8081999999999,2029,November,11,Q4,Friday,0.0018000000000029104
12892,2029-12-01,1075,Home,South,2,533.24,0.17,COD,3,1.4,885.18,1066.48,181.3016,885.1784,2029,December,12,Q4,Saturday,0.0015999999999394277
12893,2029-12-02,1710,Electronics,East,5,152.29,0.29,Wallet,4,1.8,540.63,761.4499999999999,220.82049999999995,540.6295,2029,December,12,Q4,Sunday,0.0004999999999881766
12894,2029-12-03,1142,Electronics,South,5,81.37,0.16,COD,7,3.7,341.75,406.85,65.096,341.754,2029,December,12,Q4,Monday,-0.004000000000019099
12895,2029-12-04,1916,Electronics,East,5,46.25,0.2,Wallet,6,1.3,185.0,231.25,46.25,185.0,2029,December,12,Q4,Tuesday,0.0
12896,2029-12-05,1914,Electronics,South,4,370.85,0.0,Card,11,4.0,1483.4,1483.4,0.0,1483.4,2029,December,12,Q4,Wednesday,0.0
12897,2029-12-06,1827,Clothing,North,4,433.48,0.13,Card,2,1.4,1508.51,1733.92,225.4096,1508.5104000000001,2029,December,12,Q4,Thursday,-0.00040000000012696546
12898,2029-12-07,1604,Home,South,2,233.09,0.05,Wallet,9,3.3,442.87,466.18,23.309,442.871,2029,December,12,Q4,Friday,-0.0009999999999763531
12899,2029-12-08,1472,Beauty,South,2,412.61,0.24,Card,6,5.0,627.17,825.22,198.0528,627.1672000000001,2029,December,12,Q4,Saturday,0.0027999999998655767
12900,2029-12-09,1416,Home,East,5,432.08,0.17,COD,2,1.7,1793.13,2160.4,367.26800000000003,1793.132,2029,December,12,Q4,Sunday,-0.0019999999999527063
12901,2029-12-10,1304,Clothing,East,4,562.18,0.11,Card,7,2.0,2001.36,2248.72,247.3592,2001.3608,2029,December,12,Q4,Monday,-0.0008000000000265572
12902,2029-12-11,1735,Home,South,3,52.95,0.16,COD,11,4.6,133.43,158.85000000000002,25.416000000000004,133.43400000000003,2029,December,12,Q4,Tuesday,-0.004000000000019099
12903,2029-12-12,1496,Electronics,East,4,127.49,0.07,COD,11,3.5,474.26,509.96,35.6972,474.26279999999997,2029,December,12,Q4,Wednesday,-0.0027999999999792635
12904,2029-12-13,1290,Electronics,East,2,55.09,0.32,Card,10,3.0,74.92,110.18,35.257600000000004,74.92240000000001,2029,December,12,Q4,Thursday,-0.0024000000000086175
12905,2029-12-14,1939,Home,East,4,522.78,0.02,COD,10,3.3,2049.3,2091.12,41.8224,2049.2976,2029,December,12,Q4,Friday,0.0024000000003070454
12906,2029-12-15,1101,Electronics,West,2,478.66,0.3,COD,4,2.2,670.12,957.32,287.196,670.124,2029,December,12,Q4,Saturday,-0.004000000000019099
12907,2029-12-16,1985,Clothing,East,5,351.17,0.18,Card,1,4.4,1439.8,1755.8500000000001,316.053,1439.797,2029,December,12,Q4,Sunday,0.0029999999999290594
12908,2029-12-17,1266,Electronics,West,7,63.94,0.22,COD,10,4.0,349.11,447.58,98.46759999999999,349.1124,2029,December,12,Q4,Monday,-0.002399999999965985
12909,2029-12-18,1866,Home,West,5,174.89,0.11,COD,9,3.6,778.26,874.4499999999999,96.1895,778.2605,2029,December,12,Q4,Tuesday,-0.0004999999999881766
12910,2029-12-19,1967,Home,East,5,189.17,0.34,Card,11,4.7,624.26,945.8499999999999,321.589,624.261,2029,December,12,Q4,Wednesday,-0.0009999999999763531
12911,2029-12-20,1621,Electronics,South,3,343.03,0.1,COD,10,3.3,926.18,1029.09,102.90899999999999,926.1809999999999,2029,December,12,Q4,Thursday,-0.0009999999999763531
12912,2029-12-21,1973,Home,East,7,165.96,0.21,Card,8,3.0,917.76,1161.72,243.9612,917.7588000000001,2029,December,12,Q4,Friday,0.001199999999926149
12913,2029-12-22,1841,Electronics,North,3,57.68,0.35,Card,5,4.9,112.48,173.04,60.56399999999999,112.476,2029,December,12,Q4,Saturday,0.0040000000000048885
12914,2029-12-23,1961,Clothing,South,2,442.5,0.31,COD,3,1.8,610.65,885.0,274.35,610.65,2029,December,12,Q4,Sunday,0.0
12915,2029-12-24,1941,Home,West,1,189.96,0.19,COD,4,1.6,153.87,189.96,36.092400000000005,153.8676,2029,December,12,Q4,Monday,0.0023999999999944066
12916,2029-12-25,1776,Home,West,6,279.64,0.35,Wallet,3,1.6,1090.6,1677.84,587.2439999999999,1090.596,2029,December,12,Q4,Tuesday,0.0039999999999054126
12917,2029-12-26,1002,Beauty,South,3,89.68,0.25,Card,10,5.0,201.78,269.04,67.26,201.78000000000003,2029,December,12,Q4,Wednesday,-2.842170943040401e-14
12918,2029-12-27,1084,Electronics,South,2,484.49,0.07,Card,8,3.6,901.15,968.98,67.82860000000001,901.1514,2029,December,12,Q4,Thursday,-0.0013999999999896318
12919,2029-12-28,1793,Home,East,7,345.84,0.14,Card,5,2.2,2081.96,2420.8799999999997,338.9232,2081.9567999999995,2029,December,12,Q4,Friday,0.0032000000005609763
12920,2029-12-29,1327,Clothing,West,4,542.43,0.12,COD,11,2.0,1909.35,2169.72,260.36639999999994,1909.3536,2029,December,12,Q4,Saturday,-0.0036000000000058208
12921,2029-12-30,1815,Beauty,North,7,304.85,0.12,Card,8,1.2,1877.88,2133.9500000000003,256.074,1877.8760000000002,2029,December,12,Q4,Sunday,0.0039999999999054126
12922,2029-12-31,1449,Electronics,East,5,565.73,0.27,COD,1,1.5,2064.91,2828.65,763.7355000000001,2064.9145,2029,December,12,Q4,Monday,-0.004500000000007276
12923,2030-01-01,1453,Home,South,5,536.74,0.2,Card,9,4.6,2146.96,2683.7,536.74,2146.96,2030,January,1,Q1,Tuesday,0.0
12924,2030-01-02,1923,Clothing,West,5,352.23,0.01,Wallet,11,4.0,1743.54,1761.15,17.611500000000003,1743.5385,2030,January,1,Q1,Wednesday,0.0014999999998508429
12925,2030-01-03,1628,Electronics,South,2,561.33,0.31,COD,10,4.8,774.64,1122.66,348.0246,774.6354000000001,2030,January,1,Q1,Thursday,0.004599999999868487
12926,2030-01-04,1220,Clothing,South,5,204.01,0.1,Wallet,3,2.7,918.04,1020.05,102.005,918.045,2030,January,1,Q1,Friday,-0.0049999999999954525
12927,2030-01-05,1153,Electronics,South,3,228.9,0.35,Card,1,3.4,446.36,686.7,240.345,446.355,2030,January,1,Q1,Saturday,0.0049999999999954525
12928,2030-01-06,1664,Clothing,East,4,41.6,0.33,COD,3,2.9,111.49,166.4,54.912000000000006,111.488,2030,January,1,Q1,Sunday,0.001999999999995339
12929,2030-01-07,1011,Beauty,North,5,359.68,0.33,COD,2,4.5,1204.93,1798.4,593.4720000000001,1204.9279999999999,2030,January,1,Q1,Monday,0.00200000000018008
12930,2030-01-08,1132,Clothing,North,2,437.33,0.28,COD,7,5.0,629.76,874.66,244.90480000000002,629.7552,2030,January,1,Q1,Tuesday,0.004800000000045657
12931,2030-01-09,1993,Clothing,West,4,467.51,0.08,Card,10,4.7,1720.44,1870.04,149.6032,1720.4368,2030,January,1,Q1,Wednesday,0.003200000000106229
12932,2030-01-10,1303,Clothing,South,5,102.64,0.19,Wallet,4,3.4,415.69,513.2,97.50800000000001,415.692,2030,January,1,Q1,Thursday,-0.0020000000000095497
12933,2030-01-11,1292,Electronics,North,1,274.83,0.08,Card,7,1.2,252.84,274.83,21.9864,252.84359999999998,2030,January,1,Q1,Friday,-0.003599999999977399
12934,2030-01-12,1974,Electronics,South,5,118.46,0.09,Card,3,3.5,538.99,592.3,53.306999999999995,538.9929999999999,2030,January,1,Q1,Saturday,-0.0029999999999290594
12935,2030-01-13,1299,Clothing,West,6,402.34,0.21,COD,6,1.4,1907.09,2414.04,506.9484,1907.0916,2030,January,1,Q1,Sunday,-0.0016000000000531145
12936,2030-01-14,1739,Electronics,South,7,107.4,0.01,COD,7,1.6,744.28,751.8000000000001,7.518000000000001,744.282,2030,January,1,Q1,Monday,-0.002000000000066393
12937,2030-01-15,1782,Electronics,North,3,543.94,0.34,COD,7,1.8,1077.0,1631.8200000000002,554.8188000000001,1077.0012000000002,2030,January,1,Q1,Tuesday,-0.0012000000001535227
12938,2030-01-16,1042,Clothing,South,4,149.92,0.32,Card,5,2.5,407.78,599.68,191.89759999999998,407.78239999999994,2030,January,1,Q1,Wednesday,-0.002399999999965985
12939,2030-01-17,1943,Electronics,North,3,185.47,0.13,Card,6,3.4,484.08,556.41,72.3333,484.07669999999996,2030,January,1,Q1,Thursday,0.0033000000000242835
12940,2030-01-18,1342,Electronics,West,1,512.78,0.18,COD,3,2.3,420.48,512.78,92.3004,420.4796,2030,January,1,Q1,Friday,0.0004000000000132786
12941,2030-01-19,1325,Clothing,South,1,283.2,0.16,Card,4,2.8,237.89,283.2,45.312,237.88799999999998,2030,January,1,Q1,Saturday,0.0020000000000095497
12942,2030-01-20,1813,Electronics,North,6,29.04,0.31,Wallet,11,1.2,120.23,174.24,54.0144,120.22560000000001,2030,January,1,Q1,Sunday,0.0043999999999897454
12943,2030-01-21,1497,Beauty,West,3,304.33,0.24,Wallet,6,3.5,693.87,912.99,219.11759999999998,693.8724,2030,January,1,Q1,Monday,-0.002399999999965985
12944,2030-01-22,1363,Beauty,South,4,64.46,0.1,COD,3,3.6,232.06,257.84,25.784,232.05599999999998,2030,January,1,Q1,Tuesday,0.004000000000019099
12945,2030-01-23,1890,Home,West,1,591.43,0.16,Card,7,1.4,496.8,591.43,94.6288,496.80119999999994,2030,January,1,Q1,Wednesday,-0.001199999999926149
12946,2030-01-24,1426,Electronics,North,1,359.05,0.15,Wallet,3,4.1,305.19,359.05,53.8575,305.1925,2030,January,1,Q1,Thursday,-0.0024999999999977263
12947,2030-01-25,1020,Home,South,5,165.07,0.34,Card,9,3.6,544.73,825.3499999999999,280.61899999999997,544.731,2030,January,1,Q1,Friday,-0.0009999999999763531
12948,2030-01-26,1406,Home,South,6,344.77,0.06,Card,4,3.0,1944.5,2068.62,124.11719999999998,1944.5028,2030,January,1,Q1,Saturday,-0.0027999999999792635
12949,2030-01-27,1618,Home,South,7,59.97,0.03,Card,2,3.2,407.2,419.78999999999996,12.593699999999998,407.19629999999995,2030,January,1,Q1,Sunday,0.003700000000037562
12950,2030-01-28,1335,Electronics,West,2,482.94,0.31,Card,6,3.0,666.46,965.88,299.4228,666.4572000000001,2030,January,1,Q1,Monday,0.0027999999999792635
12951,2030-01-29,1814,Clothing,West,7,556.32,0.31,Wallet,9,1.2,2687.03,3894.2400000000002,1207.2144,2687.0256,2030,January,1,Q1,Tuesday,0.004400000000259752
12952,2030-01-30,1116,Home,North,7,526.55,0.31,COD,10,3.9,2543.24,3685.8499999999995,1142.6135,2543.2364999999995,2030,January,1,Q1,Wednesday,0.0035000000002582965
12953,2030-01-31,1123,Clothing,East,1,214.93,0.18,Wallet,10,3.0,176.24,214.93,38.6874,176.2426,2030,January,1,Q1,Thursday,-0.002600000000001046
12954,2030-02-01,1398,Clothing,South,4,205.57,0.23,Card,2,1.7,633.16,822.28,189.1244,633.1555999999999,2030,February,2,Q1,Friday,0.004400000000032378
12955,2030-02-02,1792,Clothing,South,4,35.53,0.2,COD,4,3.7,113.7,142.12,28.424000000000003,113.696,2030,February,2,Q1,Saturday,0.0040000000000048885
12956,2030-02-03,1803,Clothing,North,5,396.07,0.02,Wallet,5,3.8,1940.74,1980.35,39.607,1940.743,2030,February,2,Q1,Sunday,-0.0029999999999290594
12957,2030-02-04,1714,Electronics,South,4,327.92,0.21,Wallet,9,1.9,1036.23,1311.68,275.4528,1036.2272,2030,February,2,Q1,Monday,0.0027999999999792635
12958,2030-02-05,1050,Clothing,West,5,283.72,0.0,COD,7,4.2,1418.6,1418.6000000000001,0.0,1418.6000000000001,2030,February,2,Q1,Tuesday,-2.2737367544323206e-13
12959,2030-02-06,1782,Electronics,West,1,545.96,0.11,Card,5,2.8,485.9,545.96,60.055600000000005,485.9044,2030,February,2,Q1,Wednesday,-0.004400000000032378
12960,2030-02-07,1323,Clothing,South,1,113.21,0.33,COD,6,1.7,75.85,113.21,37.3593,75.85069999999999,2030,February,2,Q1,Thursday,-0.0006999999999948159
12961,2030-02-08,1788,Electronics,South,7,20.65,0.11,Card,9,3.6,128.65,144.54999999999998,15.900499999999997,128.6495,2030,February,2,Q1,Friday,0.0005000000000165983
12962,2030-02-09,1140,Clothing,West,1,57.89,0.33,COD,4,3.4,38.79,57.89,19.1037,38.7863,2030,February,2,Q1,Saturday,0.003700000000002035
12963,2030-02-10,1469,Electronics,South,1,145.67,0.09,COD,2,1.7,132.56,145.67,13.110299999999999,132.5597,2030,February,2,Q1,Sunday,0.00030000000000995897
12964,2030-02-11,1786,Home,West,2,34.47,0.11,COD,5,4.5,61.36,68.94,7.5834,61.3566,2030,February,2,Q1,Monday,0.0033999999999991815
12965,2030-02-12,1801,Home,East,6,309.16,0.22,COD,7,4.4,1446.87,1854.96,408.0912,1446.8688,2030,February,2,Q1,Tuesday,0.001199999999926149
12966,2030-02-13,1333,Electronics,East,7,198.74,0.27,COD,4,4.3,1015.56,1391.18,375.6186,1015.5614,2030,February,2,Q1,Wednesday,-0.0014000000001033186
12967,2030-02-14,1892,Electronics,South,7,120.58,0.18,Card,1,2.6,692.13,844.06,151.93079999999998,692.1292,2030,February,2,Q1,Thursday,0.0008000000000265572
12968,2030-02-15,1963,Electronics,South,6,453.8,0.31,COD,8,4.3,1878.73,2722.8,844.0680000000001,1878.732,2030,February,2,Q1,Friday,-0.0019999999999527063
12969,2030-02-16,1372,Beauty,South,2,134.6,0.01,COD,5,4.4,266.51,269.2,2.6919999999999997,266.508,2030,February,2,Q1,Saturday,0.0020000000000095497
12970,2030-02-17,1563,Clothing,West,1,417.25,0.32,Card,10,5.0,283.73,417.25,133.52,283.73,2030,February,2,Q1,Sunday,0.0
12971,2030-02-18,1493,Clothing,East,4,219.32,0.07,Card,2,4.8,815.87,877.28,61.409600000000005,815.8704,2030,February,2,Q1,Monday,-0.0004000000000132786
12972,2030-02-19,1538,Electronics,East,5,314.42,0.31,Card,3,2.5,1084.75,1572.1000000000001,487.35100000000006,1084.749,2030,February,2,Q1,Tuesday,0.0009999999999763531
12973,2030-02-20,1668,Clothing,North,7,561.31,0.14,Card,10,1.8,3379.09,3929.1699999999996,550.0838,3379.0861999999997,2030,February,2,Q1,Wednesday,0.003800000000410364
12974,2030-02-21,1750,Beauty,North,6,36.85,0.29,Wallet,10,2.2,156.98,221.10000000000002,64.119,156.98100000000002,2030,February,2,Q1,Thursday,-0.0010000000000331966
12975,2030-02-22,1155,Home,South,3,307.65,0.24,Card,5,3.0,701.44,922.9499999999999,221.50799999999998,701.442,2030,February,2,Q1,Friday,-0.0019999999999527063
12976,2030-02-23,1290,Clothing,West,5,514.84,0.06,COD,11,4.2,2419.75,2574.2000000000003,154.452,2419.7480000000005,2030,February,2,Q1,Saturday,0.001999999999497959
12977,2030-02-24,1647,Electronics,South,3,358.96,0.32,COD,4,3.9,732.28,1076.8799999999999,344.60159999999996,732.2783999999999,2030,February,2,Q1,Sunday,0.0016000000000531145
12978,2030-02-25,1143,Electronics,East,3,176.97,0.09,Card,9,4.2,483.13,530.91,47.78189999999999,483.12809999999996,2030,February,2,Q1,Monday,0.0019000000000346517
12979,2030-02-26,1105,Electronics,South,7,247.64,0.09,Wallet,9,2.5,1577.47,1733.48,156.01319999999998,1577.4668000000001,2030,February,2,Q1,Tuesday,0.0031999999998788553
12980,2030-02-27,1419,Electronics,South,1,412.96,0.28,Card,8,2.0,297.33,412.96,115.6288,297.33119999999997,2030,February,2,Q1,Wednesday,-0.0011999999999829924
12981,2030-02-28,1669,Electronics,East,3,536.12,0.04,Wallet,2,1.1,1544.03,1608.3600000000001,64.3344,1544.0256000000002,2030,February,2,Q1,Thursday,0.004399999999805004
12982,2030-03-01,1657,Electronics,East,1,39.02,0.08,Card,5,3.5,35.9,39.02,3.1216000000000004,35.8984,2030,March,3,Q1,Friday,0.001599999999996271
12983,2030-03-02,1001,Clothing,East,2,56.85,0.18,Card,8,4.2,93.23,113.7,20.466,93.23400000000001,2030,March,3,Q1,Saturday,-0.0040000000000048885
12984,2030-03-03,1944,Beauty,East,4,205.16,0.29,Card,8,4.6,582.65,820.64,237.98559999999998,582.6544,2030,March,3,Q1,Sunday,-0.004400000000032378
12985,2030-03-04,1588,Clothing,North,3,151.18,0.05,Card,7,2.9,430.86,453.54,22.677000000000003,430.863,2030,March,3,Q1,Monday,-0.002999999999985903
12986,2030-03-05,1643,Home,West,7,169.98,0.19,Wallet,4,4.7,963.79,1189.86,226.0734,963.7865999999999,2030,March,3,Q1,Tuesday,0.003400000000056025
12987,2030-03-06,1089,Home,West,4,144.44,0.25,Card,3,1.8,433.32,577.76,144.44,433.32,2030,March,3,Q1,Wednesday,0.0
12988,2030-03-07,1344,Electronics,East,1,129.56,0.3,COD,8,3.1,90.69,129.56,38.868,90.69200000000001,2030,March,3,Q1,Thursday,-0.0020000000000095497
12989,2030-03-08,1349,Home,West,3,91.42,0.33,Card,8,1.9,183.75,274.26,90.50580000000001,183.75419999999997,2030,March,3,Q1,Friday,-0.004199999999968895
12990,2030-03-09,1458,Electronics,West,5,561.36,0.27,Wallet,10,1.8,2048.96,2806.8,757.8360000000001,2048.964,2030,March,3,Q1,Saturday,-0.0039999999999054126
12991,2030-03-10,1262,Clothing,West,7,99.35,0.23,COD,5,4.8,535.5,695.4499999999999,159.9535,535.4965,2030,March,3,Q1,Sunday,0.003500000000030923
12992,2030-03-11,1350,Electronics,West,2,134.58,0.15,COD,3,4.3,228.79,269.16,40.374,228.78600000000003,2030,March,3,Q1,Monday,0.003999999999962256
12993,2030-03-12,1107,Beauty,East,6,159.07,0.04,Card,5,1.0,916.24,954.42,38.1768,916.2432,2030,March,3,Q1,Tuesday,-0.003199999999992542
12994,2030-03-13,1585,Electronics,South,2,560.81,0.25,COD,4,2.1,841.21,1121.62,280.405,841.2149999999999,2030,March,3,Q1,Wednesday,-0.004999999999881766
12995,2030-03-14,1038,Electronics,South,3,457.09,0.35,Card,8,1.8,891.33,1371.27,479.94449999999995,891.3255,2030,March,3,Q1,Thursday,0.004500000000007276
12996,2030-03-15,1908,Beauty,South,7,476.97,0.26,Card,2,1.6,2470.7,3338.79,868.0854,2470.7046,2030,March,3,Q1,Friday,-0.004600000000209548
12997,2030-03-16,1158,Electronics,North,2,76.28,0.01,COD,11,3.8,151.03,152.56,1.5256,151.0344,2030,March,3,Q1,Saturday,-0.004400000000003956
12998,2030-03-17,1582,Home,West,6,504.24,0.17,Wallet,8,3.3,2511.12,3025.44,514.3248000000001,2511.1152,2030,March,3,Q1,Sunday,0.004799999999704596
12999,2030-03-18,1958,Home,East,5,253.79,0.22,Wallet,10,2.8,989.78,1268.95,279.16900000000004,989.781,2030,March,3,Q1,Monday,-0.0009999999999763531
13000,2030-03-19,1311,Home,East,4,168.75,0.24,COD,6,1.8,513.0,675.0,162.0,513.0,2030,March,3,Q1,Tuesday,0.0
13001,2030-03-20,1240,Beauty,North,5,351.81,0.25,COD,4,2.1,1319.29,1759.05,439.7625,1319.2875,2030,March,3,Q1,Wednesday,0.0025000000000545697
13002,2030-03-21,1937,Beauty,East,2,495.98,0.2,Wallet,11,2.4,793.57,991.96,198.39200000000002,793.568,2030,March,3,Q1,Thursday,0.002000000000066393
13003,2030-03-22,1444,Electronics,South,6,470.51,0.08,COD,3,4.1,2597.22,2823.06,225.8448,2597.2152,2030,March,3,Q1,Friday,0.004799999999704596
13004,2030-03-23,1297,Home,North,4,535.65,0.33,Card,10,5.0,1435.54,2142.6,707.058,1435.542,2030,March,3,Q1,Saturday,-0.0019999999999527063
13005,2030-03-24,1951,Clothing,East,7,557.96,0.24,Wallet,5,1.7,2968.35,3905.7200000000003,937.3728,2968.3472,2030,March,3,Q1,Sunday,0.00279999999975189
13006,2030-03-25,1035,Clothing,North,6,154.3,0.08,Card,6,2.4,851.74,925.8000000000001,74.06400000000001,851.7360000000001,2030,March,3,Q1,Monday,0.0039999999999054126
13007,2030-03-26,1083,Electronics,North,5,262.96,0.11,Card,1,2.1,1170.17,1314.8,144.628,1170.172,2030,March,3,Q1,Tuesday,-0.0019999999999527063
13008,2030-03-27,1451,Home,East,1,23.56,0.32,COD,1,1.2,16.02,23.56,7.5392,16.020799999999998,2030,March,3,Q1,Wednesday,-0.0007999999999981355
13009,2030-03-28,1885,Beauty,South,1,529.4,0.31,Card,11,1.9,365.29,529.4,164.114,365.28599999999994,2030,March,3,Q1,Thursday,0.004000000000075943
13010,2030-03-29,1774,Beauty,East,4,105.42,0.14,Card,10,4.6,362.64,421.68,59.0352,362.64480000000003,2030,March,3,Q1,Friday,-0.004800000000045657
13011,2030-03-30,1821,Clothing,West,4,518.96,0.01,Card,3,4.4,2055.08,2075.84,20.7584,2055.0816,2030,March,3,Q1,Saturday,-0.0016000000000531145
13012,2030-03-31,1384,Electronics,West,4,207.69,0.02,COD,2,1.7,814.14,830.76,16.6152,814.1448,2030,March,3,Q1,Sunday,-0.004800000000045657
13013,2030-04-01,1171,Clothing,East,1,230.36,0.1,Wallet,1,2.5,207.32,230.36,23.036,207.324,2030,April,4,Q2,Monday,-0.004000000000019099
13014,2030-04-02,1375,Home,South,5,37.89,0.22,Card,11,2.2,147.77,189.45,41.678999999999995,147.771,2030,April,4,Q2,Tuesday,-0.0009999999999763531
13015,2030-04-03,1684,Home,West,4,206.22,0.2,Card,8,1.6,659.9,824.88,164.976,659.904,2030,April,4,Q2,Wednesday,-0.004000000000019099
13016,2030-04-04,1361,Clothing,West,1,534.69,0.22,Card,1,3.5,417.06,534.69,117.63180000000001,417.05820000000006,2030,April,4,Q2,Thursday,0.001799999999946067
13017,2030-04-05,1558,Electronics,East,4,29.95,0.25,COD,10,3.2,89.85,119.8,29.95,89.85,2030,April,4,Q2,Friday,0.0
13018,2030-04-06,1890,Clothing,East,4,252.7,0.01,COD,8,2.7,1000.69,1010.8,10.108,1000.692,2030,April,4,Q2,Saturday,-0.0019999999999527063
13019,2030-04-07,1140,Clothing,East,6,33.37,0.04,COD,5,4.4,192.21,200.21999999999997,8.008799999999999,192.21119999999996,2030,April,4,Q2,Sunday,-0.0011999999999545707
13020,2030-04-08,1886,Beauty,North,4,231.99,0.13,Card,4,3.5,807.33,927.96,120.63480000000001,807.3252,2030,April,4,Q2,Monday,0.004800000000045657
13021,2030-04-09,1917,Clothing,North,1,115.99,0.05,COD,8,2.0,110.19,115.99,5.7995,110.1905,2030,April,4,Q2,Tuesday,-0.0005000000000023874
13022,2030-04-10,1117,Electronics,North,5,162.55,0.03,COD,8,2.5,788.37,812.75,24.3825,788.3675,2030,April,4,Q2,Wednesday,0.0025000000000545697
13023,2030-04-11,1276,Clothing,East,1,528.4,0.22,Card,11,1.6,412.15,528.4,116.24799999999999,412.152,2030,April,4,Q2,Thursday,-0.0020000000000095497
13024,2030-04-12,1725,Electronics,South,1,270.09,0.29,Card,8,3.4,191.76,270.09,78.32609999999998,191.76389999999998,2030,April,4,Q2,Friday,-0.003899999999987358
13025,2030-04-13,1219,Beauty,West,4,175.17,0.26,Card,3,3.3,518.5,700.68,182.1768,518.5032,2030,April,4,Q2,Saturday,-0.003199999999992542
13026,2030-04-14,1904,Clothing,North,6,359.76,0.29,Wallet,8,4.5,1532.58,2158.56,625.9824,1532.5776,2030,April,4,Q2,Sunday,0.002399999999852298
13027,2030-04-15,1025,Clothing,South,3,98.13,0.23,Wallet,1,4.4,226.68,294.39,67.7097,226.6803,2030,April,4,Q2,Monday,-0.00029999999998153726
13028,2030-04-16,1520,Clothing,East,7,166.74,0.26,COD,4,4.3,863.71,1167.18,303.46680000000003,863.7132,2030,April,4,Q2,Tuesday,-0.003199999999992542
13029,2030-04-17,1782,Home,North,3,334.56,0.1,Wallet,5,3.2,903.31,1003.6800000000001,100.36800000000001,903.312,2030,April,4,Q2,Wednesday,-0.002000000000066393
13030,2030-04-18,1009,Home,East,3,153.95,0.35,COD,6,3.6,300.2,461.84999999999997,161.64749999999998,300.2025,2030,April,4,Q2,Thursday,-0.0024999999999977263
13031,2030-04-19,1983,Home,South,1,412.29,0.06,Wallet,5,4.1,387.55,412.29,24.7374,387.55260000000004,2030,April,4,Q2,Friday,-0.0026000000000294676
13032,2030-04-20,1377,Electronics,North,4,302.52,0.08,Card,5,1.4,1113.27,1210.08,96.8064,1113.2736,2030,April,4,Q2,Saturday,-0.0036000000000058208
13033,2030-04-21,1632,Electronics,North,7,466.61,0.1,COD,5,2.2,2939.64,3266.27,326.627,2939.643,2030,April,4,Q2,Sunday,-0.003000000000156433
13034,2030-04-22,1636,Electronics,North,3,569.72,0.34,COD,9,1.7,1128.05,1709.16,581.1144,1128.0456,2030,April,4,Q2,Monday,0.004400000000032378
13035,2030-04-23,1681,Home,North,2,82.75,0.35,COD,10,3.0,107.58,165.5,57.925,107.575,2030,April,4,Q2,Tuesday,0.0049999999999954525
13036,2030-04-24,1583,Electronics,South,2,210.78,0.28,Card,10,4.4,303.52,421.56,118.03680000000001,303.5232,2030,April,4,Q2,Wednesday,-0.003199999999992542
13037,2030-04-25,1151,Clothing,North,2,201.94,0.22,Card,3,1.9,315.03,403.88,88.8536,315.02639999999997,2030,April,4,Q2,Thursday,0.0036000000000058208
13038,2030-04-26,1719,Beauty,West,5,103.44,0.18,Card,2,3.9,424.1,517.2,93.096,424.10400000000004,2030,April,4,Q2,Friday,-0.004000000000019099
13039,2030-04-27,1048,Beauty,West,4,489.03,0.34,Card,10,2.6,1291.04,1956.12,665.0808000000001,1291.0391999999997,2030,April,4,Q2,Saturday,0.0008000000002539309
13040,2030-04-28,1153,Clothing,East,1,459.53,0.24,Card,2,4.6,349.24,459.53,110.28719999999998,349.2428,2030,April,4,Q2,Sunday,-0.0027999999999792635
13041,2030-04-29,1858,Clothing,North,1,298.39,0.33,COD,8,3.5,199.92,298.39,98.4687,199.92129999999997,2030,April,4,Q2,Monday,-0.001299999999986312
13042,2030-04-30,1292,Electronics,West,4,329.6,0.11,Wallet,5,4.9,1173.38,1318.4,145.024,1173.3760000000002,2030,April,4,Q2,Tuesday,0.0039999999999054126
13043,2030-05-01,1579,Home,West,6,49.83,0.12,COD,5,2.0,263.1,298.98,35.8776,263.1024,2030,May,5,Q2,Wednesday,-0.002399999999965985
13044,2030-05-02,1049,Home,West,7,339.97,0.3,Wallet,6,4.7,1665.85,2379.79,713.937,1665.853,2030,May,5,Q2,Thursday,-0.003000000000156433
13045,2030-05-03,1663,Electronics,South,6,477.93,0.05,Wallet,9,2.4,2724.2,2867.58,143.379,2724.201,2030,May,5,Q2,Friday,-0.0010000000002037268
13046,2030-05-04,1530,Clothing,North,5,350.69,0.33,Card,7,3.5,1174.81,1753.45,578.6385,1174.8115,2030,May,5,Q2,Saturday,-0.0015000000000782165
13047,2030-05-05,1611,Home,South,4,170.2,0.18,Card,5,1.7,558.26,680.8,122.54399999999998,558.256,2030,May,5,Q2,Sunday,0.004000000000019099
13048,2030-05-06,1059,Beauty,South,6,405.52,0.32,Card,5,4.0,1654.52,2433.12,778.5984,1654.5216,2030,May,5,Q2,Monday,-0.0016000000000531145
13049,2030-05-07,1166,Electronics,West,7,226.47,0.12,Wallet,10,4.9,1395.06,1585.29,190.23479999999998,1395.0552,2030,May,5,Q2,Tuesday,0.00479999999993197
13050,2030-05-08,1201,Clothing,West,5,333.75,0.25,Card,9,4.1,1251.56,1668.75,417.1875,1251.5625,2030,May,5,Q2,Wednesday,-0.0025000000000545697
13051,2030-05-09,1856,Electronics,East,3,300.23,0.17,COD,9,3.5,747.57,900.69,153.11730000000003,747.5727,2030,May,5,Q2,Thursday,-0.0027000000000043656
13052,2030-05-10,1145,Electronics,North,3,237.99,0.22,Card,2,2.8,556.9,713.97,157.07340000000002,556.8966,2030,May,5,Q2,Friday,0.003399999999942338
13053,2030-05-11,1914,Beauty,North,5,435.54,0.18,Wallet,7,2.4,1785.71,2177.7000000000003,391.98600000000005,1785.7140000000002,2030,May,5,Q2,Saturday,-0.004000000000132786
13054,2030-05-12,1675,Home,West,4,532.07,0.34,Card,10,2.7,1404.66,2128.28,723.6152000000001,1404.6648,2030,May,5,Q2,Sunday,-0.00479999999993197
13055,2030-05-13,1969,Home,West,3,18.05,0.24,Wallet,1,2.3,41.15,54.150000000000006,12.996,41.154,2030,May,5,Q2,Monday,-0.0040000000000048885
13056,2030-05-14,1992,Electronics,North,4,561.17,0.09,Card,4,4.3,2042.66,2244.68,202.02119999999996,2042.6588,2030,May,5,Q2,Tuesday,0.0012000000001535227
13057,2030-05-15,1438,Home,East,6,314.24,0.32,Card,2,4.6,1282.1,1885.44,603.3408000000001,1282.0992,2030,May,5,Q2,Wednesday,0.0007999999997991836
13058,2030-05-16,1241,Clothing,West,3,424.93,0.1,COD,10,4.8,1147.31,1274.79,127.479,1147.311,2030,May,5,Q2,Thursday,-0.0009999999999763531
13059,2030-05-17,1580,Electronics,East,7,515.54,0.13,Wallet,9,2.7,3139.64,3608.7799999999997,469.1414,3139.6385999999998,2030,May,5,Q2,Friday,0.0014000000001033186
13060,2030-05-18,1686,Clothing,South,7,288.26,0.04,COD,6,3.2,1937.11,2017.82,80.7128,1937.1072,2030,May,5,Q2,Saturday,0.0027999999999792635
13061,2030-05-19,1560,Electronics,West,6,503.46,0.31,Wallet,4,3.3,2084.32,3020.7599999999998,936.4355999999999,2084.3244,2030,May,5,Q2,Sunday,-0.004399999999805004
13062,2030-05-20,1482,Home,South,7,118.91,0.1,COD,3,3.6,749.13,832.37,83.23700000000001,749.133,2030,May,5,Q2,Monday,-0.0030000000000427463
13063,2030-05-21,1107,Clothing,West,4,108.11,0.09,COD,4,1.0,393.52,432.44,38.919599999999996,393.5204,2030,May,5,Q2,Tuesday,-0.0004000000000132786
13064,2030-05-22,1225,Electronics,South,4,399.62,0.32,Card,2,4.4,1086.97,1598.48,511.5136,1086.9664,2030,May,5,Q2,Wednesday,0.0036000000000058208
13065,2030-05-23,1672,Electronics,West,7,524.03,0.28,Card,5,2.1,2641.11,3668.21,1027.0988000000002,2641.1112,2030,May,5,Q2,Thursday,-0.0011999999996987754
13066,2030-05-24,1630,Electronics,East,2,537.07,0.05,Card,9,2.9,1020.43,1074.14,53.70700000000001,1020.4330000000001,2030,May,5,Q2,Friday,-0.003000000000156433
13067,2030-05-25,1660,Electronics,East,5,391.59,0.27,Wallet,6,4.4,1429.3,1957.9499999999998,528.6465,1429.3035,2030,May,5,Q2,Saturday,-0.003500000000030923
13068,2030-05-26,1976,Clothing,East,1,322.41,0.32,Wallet,2,5.0,219.24,322.41,103.17120000000001,219.23880000000003,2030,May,5,Q2,Sunday,0.0011999999999829924
13069,2030-05-27,1661,Home,South,5,208.86,0.03,COD,6,4.2,1012.97,1044.3000000000002,31.329000000000004,1012.9710000000002,2030,May,5,Q2,Monday,-0.0010000000002037268
13070,2030-05-28,1431,Electronics,East,7,588.3,0.29,Card,9,1.1,2923.85,4118.099999999999,1194.2489999999998,2923.8509999999997,2030,May,5,Q2,Tuesday,-0.0009999999997489795
13071,2030-05-29,1804,Electronics,South,4,202.02,0.19,Card,4,2.5,654.54,808.08,153.5352,654.5448,2030,May,5,Q2,Wednesday,-0.004800000000045657
13072,2030-05-30,1654,Clothing,West,4,450.35,0.23,Wallet,1,2.0,1387.08,1801.4,414.32200000000006,1387.078,2030,May,5,Q2,Thursday,0.0019999999999527063
13073,2030-05-31,1418,Home,South,5,326.21,0.17,Card,2,4.9,1353.77,1631.05,277.2785,1353.7714999999998,2030,May,5,Q2,Friday,-0.0014999999998508429
13074,2030-06-01,1987,Electronics,West,4,370.98,0.24,Wallet,5,2.1,1127.78,1483.92,356.1408,1127.7792,2030,June,6,Q2,Saturday,0.0008000000000265572
13075,2030-06-02,1454,Electronics,North,6,245.19,0.01,Card,10,4.8,1456.43,1471.1399999999999,14.7114,1456.4286,2030,June,6,Q2,Sunday,0.0014000000001033186
13076,2030-06-03,1159,Clothing,North,3,579.42,0.27,Card,7,4.8,1268.93,1738.2599999999998,469.3302,1268.9298,2030,June,6,Q2,Monday,0.00020000000017716957
13077,2030-06-04,1522,Electronics,North,4,349.43,0.01,Wallet,8,4.4,1383.74,1397.72,13.9772,1383.7428,2030,June,6,Q2,Tuesday,-0.0027999999999792635
13078,2030-06-05,1649,Electronics,South,7,563.61,0.16,Card,3,1.4,3314.03,3945.27,631.2432,3314.0268,2030,June,6,Q2,Wednesday,0.003200000000106229
13079,2030-06-06,1968,Home,North,7,19.44,0.05,Card,9,1.0,129.28,136.08,6.804000000000001,129.276,2030,June,6,Q2,Thursday,0.003999999999990678
13080,2030-06-07,1589,Clothing,North,5,350.01,0.29,Wallet,2,4.2,1242.54,1750.05,507.51449999999994,1242.5355,2030,June,6,Q2,Friday,0.004500000000007276
13081,2030-06-08,1076,Clothing,North,5,434.55,0.11,COD,4,4.4,1933.75,2172.75,239.0025,1933.7475,2030,June,6,Q2,Saturday,0.0025000000000545697
13082,2030-06-09,1508,Home,West,5,450.87,0.16,COD,4,4.8,1893.65,2254.35,360.69599999999997,1893.654,2030,June,6,Q2,Sunday,-0.0039999999999054126
13083,2030-06-10,1440,Home,East,7,544.41,0.15,COD,6,1.9,3239.24,3810.87,571.6305,3239.2394999999997,2030,June,6,Q2,Monday,0.0005000000001018634
13084,2030-06-11,1253,Electronics,South,2,17.57,0.27,Card,10,3.9,25.65,35.14,9.4878,25.6522,2030,June,6,Q2,Tuesday,-0.002200000000001978
13085,2030-06-12,1920,Clothing,North,7,15.19,0.17,Card,6,3.1,88.25,106.33,18.0761,88.2539,2030,June,6,Q2,Wednesday,-0.003900000000001569
13086,2030-06-13,1769,Electronics,West,6,291.27,0.28,COD,3,2.3,1258.29,1747.62,489.3336,1258.2864,2030,June,6,Q2,Thursday,0.0036000000000058208
13087,2030-06-14,1319,Electronics,East,7,32.14,0.03,Card,9,3.4,218.23,224.98000000000002,6.7494000000000005,218.2306,2030,June,6,Q2,Friday,-0.0006000000000199179
13088,2030-06-15,1802,Home,East,6,585.1,0.07,Card,11,3.2,3264.86,3510.6000000000004,245.74200000000005,3264.858,2030,June,6,Q2,Saturday,0.0019999999999527063
13089,2030-06-16,1262,Beauty,East,7,144.91,0.19,COD,5,2.2,821.64,1014.37,192.7303,821.6397,2030,June,6,Q2,Sunday,0.0003000000000383807
13090,2030-06-17,1596,Beauty,West,7,291.51,0.33,Card,2,2.1,1367.18,2040.57,673.3881,1367.1819,2030,June,6,Q2,Monday,-0.0018999999999778083
13091,2030-06-18,1657,Clothing,North,2,50.77,0.03,COD,6,2.9,98.49,101.54,3.0462000000000002,98.49380000000001,2030,June,6,Q2,Tuesday,-0.00380000000001246
13092,2030-06-19,1834,Electronics,East,6,320.4,0.02,Card,3,2.9,1883.95,1922.3999999999999,38.448,1883.9519999999998,2030,June,6,Q2,Wednesday,-0.0019999999997253326
13093,2030-06-20,1553,Electronics,West,2,237.27,0.05,Card,8,2.2,450.81,474.54,23.727000000000004,450.813,2030,June,6,Q2,Thursday,-0.002999999999985903
13094,2030-06-21,1373,Home,West,6,41.13,0.22,Card,3,2.1,192.49,246.78000000000003,54.29160000000001,192.4884,2030,June,6,Q2,Friday,0.001599999999996271
13095,2030-06-22,1636,Clothing,South,2,211.05,0.14,Wallet,5,4.8,363.01,422.1,59.09400000000001,363.00600000000003,2030,June,6,Q2,Saturday,0.003999999999962256
13096,2030-06-23,1166,Clothing,West,2,243.99,0.29,Card,4,4.4,346.47,487.98,141.5142,346.46580000000006,2030,June,6,Q2,Sunday,0.004199999999968895
13097,2030-06-24,1936,Home,East,6,594.1,0.03,COD,4,4.3,3457.66,3564.6000000000004,106.938,3457.6620000000003,2030,June,6,Q2,Monday,-0.0020000000004074536
13098,2030-06-25,1752,Home,East,2,136.61,0.07,COD,2,1.9,254.09,273.22,19.125400000000003,254.0946,2030,June,6,Q2,Tuesday,-0.004600000000010596
13099,2030-06-26,1458,Home,West,7,333.7,0.11,Card,8,1.8,2078.95,2335.9,256.949,2078.951,2030,June,6,Q2,Wednesday,-0.0010000000002037268
13100,2030-06-27,1998,Electronics,East,6,592.58,0.22,COD,3,4.2,2773.27,3555.4800000000005,782.2056000000001,2773.2744000000002,2030,June,6,Q2,Thursday,-0.004400000000259752
13101,2030-06-28,1279,Home,West,2,478.33,0.24,Wallet,4,1.7,727.06,956.66,229.5984,727.0616,2030,June,6,Q2,Friday,-0.0016000000000531145
13102,2030-06-29,1699,Beauty,East,7,596.12,0.04,COD,6,3.0,4005.93,4172.84,166.9136,4005.9264000000003,2030,June,6,Q2,Saturday,0.0035999999995510734
13103,2030-06-30,1301,Electronics,South,7,581.45,0.33,Card,9,1.9,2727.0,4070.1500000000005,1343.1495000000002,2727.0005,2030,June,6,Q2,Sunday,-0.0005000000001018634
13104,2030-07-01,1530,Clothing,North,5,301.38,0.12,COD,4,2.5,1326.07,1506.9,180.828,1326.0720000000001,2030,July,7,Q3,Monday,-0.00200000000018008
13105,2030-07-02,1579,Electronics,South,1,422.38,0.25,COD,3,4.4,316.78,422.38,105.595,316.78499999999997,2030,July,7,Q3,Tuesday,-0.0049999999999954525
13106,2030-07-03,1217,Beauty,South,6,79.61,0.18,Card,5,4.6,391.68,477.65999999999997,85.97879999999999,391.6812,2030,July,7,Q3,Wednesday,-0.0011999999999829924
13107,2030-07-04,1101,Electronics,North,2,273.07,0.08,Card,9,5.0,502.45,546.14,43.6912,502.4488,2030,July,7,Q3,Thursday,0.0011999999999829924
13108,2030-07-05,1553,Clothing,East,5,488.28,0.3,Card,1,4.8,1708.98,2441.3999999999996,732.4199999999998,1708.9799999999998,2030,July,7,Q3,Friday,2.2737367544323206e-13
13109,2030-07-06,1287,Electronics,North,1,310.62,0.29,Card,5,3.7,220.54,310.62,90.07979999999999,220.54020000000003,2030,July,7,Q3,Saturday,-0.00020000000003506102
13110,2030-07-07,1166,Home,West,2,426.08,0.14,Card,11,2.7,732.86,852.16,119.3024,732.8575999999999,2030,July,7,Q3,Sunday,0.0024000000000796717
13111,2030-07-08,1620,Electronics,North,1,451.26,0.21,COD,4,1.2,356.5,451.26,94.7646,356.4954,2030,July,7,Q3,Monday,0.004599999999982174
13112,2030-07-09,1035,Electronics,South,6,163.28,0.09,Card,5,3.4,891.51,979.6800000000001,88.1712,891.5088000000001,2030,July,7,Q3,Tuesday,0.001199999999926149
13113,2030-07-10,1743,Clothing,North,7,527.28,0.24,Wallet,7,1.8,2805.13,3690.96,885.8303999999999,2805.1296,2030,July,7,Q3,Wednesday,0.0003999999998995918
13114,2030-07-11,1740,Beauty,East,7,284.0,0.11,COD,7,4.4,1769.32,1988.0,218.68,1769.32,2030,July,7,Q3,Thursday,0.0
13115,2030-07-12,1352,Electronics,South,1,137.96,0.3,Wallet,7,3.2,96.57,137.96,41.388,96.572,2030,July,7,Q3,Friday,-0.0020000000000095497
13116,2030-07-13,1675,Electronics,West,7,521.27,0.08,COD,1,3.9,3356.98,3648.89,291.9112,3356.9788,2030,July,7,Q3,Saturday,0.0012000000001535227
13117,2030-07-14,1898,Home,East,3,259.42,0.01,Card,9,3.7,770.48,778.26,7.7826,770.4774,2030,July,7,Q3,Sunday,0.0026000000000294676
13118,2030-07-15,1072,Clothing,South,4,453.93,0.09,COD,7,2.4,1652.31,1815.72,163.41479999999999,1652.3052,2030,July,7,Q3,Monday,0.00479999999993197
13119,2030-07-16,1647,Beauty,West,7,335.6,0.07,Wallet,4,4.0,2184.76,2349.2000000000003,164.44400000000005,2184.7560000000003,2030,July,7,Q3,Tuesday,0.0039999999999054126
13120,2030-07-17,1352,Electronics,East,3,238.39,0.18,Card,4,4.4,586.44,715.17,128.73059999999998,586.4394,2030,July,7,Q3,Wednesday,0.0006000000000767614
13121,2030-07-18,1890,Clothing,West,6,488.78,0.07,Card,2,4.0,2727.39,2932.68,205.2876,2727.3923999999997,2030,July,7,Q3,Thursday,-0.002399999999852298
13122,2030-07-19,1069,Electronics,North,6,356.91,0.27,Card,6,4.1,1563.27,2141.46,578.1942,1563.2658000000001,2030,July,7,Q3,Friday,0.0041999999998552084
13123,2030-07-20,1424,Electronics,North,1,243.48,0.08,Card,10,2.4,224.0,243.48,19.4784,224.0016,2030,July,7,Q3,Saturday,-0.001599999999996271
13124,2030-07-21,1998,Home,West,7,79.11,0.25,Card,3,4.8,415.33,553.77,138.4425,415.3275,2030,July,7,Q3,Sunday,0.0024999999999977263
13125,2030-07-22,1707,Clothing,North,7,538.84,0.2,Card,1,2.7,3017.5,3771.88,754.3760000000001,3017.504,2030,July,7,Q3,Monday,-0.0039999999999054126
13126,2030-07-23,1780,Home,West,7,35.75,0.35,Card,5,4.6,162.66,250.25,87.58749999999999,162.66250000000002,2030,July,7,Q3,Tuesday,-0.002500000000026148
13127,2030-07-24,1560,Electronics,East,5,519.96,0.35,COD,6,4.4,1689.87,2599.8,909.93,1689.8700000000003,2030,July,7,Q3,Wednesday,-4.547473508864641e-13
13128,2030-07-25,1827,Clothing,South,2,225.58,0.3,Card,11,1.5,315.81,451.16,135.348,315.812,2030,July,7,Q3,Thursday,-0.0020000000000095497
13129,2030-07-26,1641,Clothing,West,4,389.01,0.27,COD,5,4.9,1135.91,1556.04,420.1308,1135.9092,2030,July,7,Q3,Friday,0.0008000000000265572
13130,2030-07-27,1955,Beauty,South,7,554.49,0.14,COD,5,5.0,3338.03,3881.4300000000003,543.4002,3338.0298000000003,2030,July,7,Q3,Saturday,0.0001999999999497959
13131,2030-07-28,1516,Electronics,South,2,103.75,0.26,COD,10,3.4,153.55,207.5,53.95,153.55,2030,July,7,Q3,Sunday,0.0
13132,2030-07-29,1427,Electronics,West,5,346.67,0.33,Card,11,4.1,1161.34,1733.3500000000001,572.0055000000001,1161.3445000000002,2030,July,7,Q3,Monday,-0.00450000000023465
13133,2030-07-30,1538,Clothing,North,6,462.19,0.01,COD,8,4.7,2745.41,2773.14,27.7314,2745.4085999999998,2030,July,7,Q3,Tuesday,0.0014000000001033186
13134,2030-07-31,1159,Clothing,East,4,458.19,0.19,Card,10,1.1,1484.54,1832.76,348.2244,1484.5356,2030,July,7,Q3,Wednesday,0.004400000000032378
13135,2030-08-01,1148,Electronics,South,3,322.49,0.08,Card,1,4.7,890.07,967.47,77.3976,890.0724,2030,August,8,Q3,Thursday,-0.002399999999965985
13136,2030-08-02,1775,Beauty,East,6,380.47,0.2,COD,8,3.5,1826.26,2282.82,456.5640000000001,1826.256,2030,August,8,Q3,Friday,0.0039999999999054126
13137,2030-08-03,1229,Electronics,South,6,458.15,0.16,Card,11,4.3,2309.08,2748.8999999999996,439.82399999999996,2309.0759999999996,2030,August,8,Q3,Saturday,0.00400000000036016
13138,2030-08-04,1711,Beauty,West,1,507.0,0.2,Card,7,3.2,405.6,507.0,101.4,405.6,2030,August,8,Q3,Sunday,0.0
13139,2030-08-05,1561,Electronics,North,5,460.66,0.19,Card,1,3.1,1865.67,2303.3,437.62700000000007,1865.6730000000002,2030,August,8,Q3,Monday,-0.003000000000156433
13140,2030-08-06,1066,Home,East,1,222.09,0.34,Card,9,4.6,146.58,222.09,75.51060000000001,146.5794,2030,August,8,Q3,Tuesday,0.0006000000000199179
13141,2030-08-07,1811,Beauty,South,1,598.08,0.19,Card,4,3.0,484.44,598.08,113.63520000000001,484.44480000000004,2030,August,8,Q3,Wednesday,-0.004800000000045657
13142,2030-08-08,1380,Electronics,West,2,269.18,0.3,Wallet,7,2.9,376.85,538.36,161.508,376.852,2030,August,8,Q3,Thursday,-0.0019999999999527063
13143,2030-08-09,1057,Beauty,West,6,29.31,0.11,Card,3,3.4,156.52,175.85999999999999,19.3446,156.5154,2030,August,8,Q3,Friday,0.004600000000010596
13144,2030-08-10,1258,Clothing,South,5,227.13,0.15,COD,8,3.1,965.3,1135.65,170.3475,965.3025000000001,2030,August,8,Q3,Saturday,-0.0025000000001682565
13145,2030-08-11,1341,Beauty,South,1,89.75,0.16,COD,4,2.8,75.39,89.75,14.36,75.39,2030,August,8,Q3,Sunday,0.0
13146,2030-08-12,1837,Home,South,3,86.04,0.1,COD,2,1.7,232.31,258.12,25.812,232.308,2030,August,8,Q3,Monday,0.0020000000000095497
13147,2030-08-13,1129,Electronics,North,4,179.7,0.13,Wallet,2,2.6,625.36,718.8,93.444,625.356,2030,August,8,Q3,Tuesday,0.004000000000019099
13148,2030-08-14,1726,Electronics,South,7,46.22,0.21,Wallet,8,2.1,255.6,323.53999999999996,67.9434,255.59659999999997,2030,August,8,Q3,Wednesday,0.003400000000027603
13149,2030-08-15,1171,Electronics,South,5,417.78,0.2,COD,8,2.6,1671.12,2088.8999999999996,417.78,1671.1199999999997,2030,August,8,Q3,Thursday,2.2737367544323206e-13
13150,2030-08-16,1769,Electronics,North,2,58.28,0.22,Wallet,1,3.4,90.92,116.56,25.6432,90.9168,2030,August,8,Q3,Friday,0.003200000000006753
13151,2030-08-17,1613,Electronics,West,5,133.92,0.12,Card,6,3.4,589.25,669.5999999999999,80.35199999999999,589.2479999999999,2030,August,8,Q3,Saturday,0.002000000000066393
13152,2030-08-18,1208,Electronics,South,6,69.35,0.11,COD,9,2.0,370.33,416.09999999999997,45.770999999999994,370.32899999999995,2030,August,8,Q3,Sunday,0.0010000000000331966
13153,2030-08-19,1802,Clothing,East,2,51.95,0.21,Wallet,9,1.3,82.08,103.9,21.819,82.081,2030,August,8,Q3,Monday,-0.0010000000000047748
13154,2030-08-20,1353,Home,West,4,171.63,0.05,COD,2,4.0,652.19,686.52,34.326,652.194,2030,August,8,Q3,Tuesday,-0.0039999999999054126
13155,2030-08-21,1470,Electronics,East,3,349.56,0.09,Wallet,8,3.1,954.3,1048.68,94.3812,954.2988,2030,August,8,Q3,Wednesday,0.001199999999926149
13156,2030-08-22,1797,Electronics,South,1,579.34,0.01,Card,8,2.8,573.55,579.34,5.7934,573.5466,2030,August,8,Q3,Thursday,0.003399999999942338
13157,2030-08-23,1115,Clothing,North,5,527.2,0.03,Card,4,1.5,2556.92,2636.0,79.08,2556.92,2030,August,8,Q3,Friday,0.0
13158,2030-08-24,1263,Electronics,North,2,527.42,0.09,Wallet,4,2.7,959.9,1054.84,94.9356,959.9043999999999,2030,August,8,Q3,Saturday,-0.004399999999918691
13159,2030-08-25,1661,Electronics,North,4,118.0,0.01,Card,5,4.3,467.28,472.0,4.72,467.28,2030,August,8,Q3,Sunday,0.0
13160,2030-08-26,1811,Electronics,South,1,169.97,0.09,COD,11,3.3,154.67,169.97,15.2973,154.6727,2030,August,8,Q3,Monday,-0.0027000000000043656
13161,2030-08-27,1441,Beauty,South,7,59.69,0.23,Card,10,1.4,321.73,417.83,96.1009,321.7291,2030,August,8,Q3,Tuesday,0.0009000000000014552
13162,2030-08-28,1547,Home,East,4,470.4,0.02,COD,7,2.3,1843.97,1881.6,37.632,1843.9679999999998,2030,August,8,Q3,Wednesday,0.00200000000018008
13163,2030-08-29,1452,Clothing,North,3,55.84,0.15,Wallet,1,4.9,142.39,167.52,25.128,142.392,2030,August,8,Q3,Thursday,-0.0020000000000095497
13164,2030-08-30,1844,Home,South,1,340.67,0.32,Card,11,3.2,231.66,340.67,109.01440000000001,231.6556,2030,August,8,Q3,Friday,0.004400000000003956
13165,2030-08-31,1476,Clothing,West,1,160.01,0.28,Card,9,2.1,115.21,160.01,44.802800000000005,115.20719999999999,2030,August,8,Q3,Saturday,0.0028000000000076852
13166,2030-09-01,1286,Home,South,7,157.42,0.11,Card,3,4.7,980.73,1101.9399999999998,121.21339999999998,980.7265999999998,2030,September,9,Q3,Sunday,0.0034000000001697117
13167,2030-09-02,1302,Home,South,1,594.57,0.32,Wallet,11,2.3,404.31,594.57,190.2624,404.30760000000004,2030,September,9,Q3,Monday,0.002399999999965985
13168,2030-09-03,1310,Clothing,West,2,457.72,0.12,COD,4,3.9,805.59,915.44,109.8528,805.5872,2030,September,9,Q3,Tuesday,0.0027999999999792635
13169,2030-09-04,1207,Electronics,North,1,504.61,0.03,Card,7,1.6,489.47,504.61,15.1383,489.4717,2030,September,9,Q3,Wednesday,-0.001699999999971169
13170,2030-09-05,1617,Electronics,West,4,349.61,0.35,Card,5,1.6,908.99,1398.44,489.454,908.9860000000001,2030,September,9,Q3,Thursday,0.0039999999999054126
13171,2030-09-06,1445,Clothing,North,2,524.54,0.3,Wallet,5,3.2,734.36,1049.08,314.724,734.356,2030,September,9,Q3,Friday,0.004000000000019099
13172,2030-09-07,1669,Beauty,West,1,392.61,0.16,Wallet,1,2.0,329.79,392.61,62.817600000000006,329.7924,2030,September,9,Q3,Saturday,-0.002399999999965985
13173,2030-09-08,1632,Clothing,East,4,568.51,0.23,Card,2,1.2,1751.01,2274.04,523.0292000000001,1751.0108,2030,September,9,Q3,Sunday,-0.0008000000000265572
13174,2030-09-09,1054,Home,North,4,179.58,0.23,Card,5,4.7,553.11,718.32,165.2136,553.1064,2030,September,9,Q3,Monday,0.0036000000000058208
13175,2030-09-10,1911,Beauty,South,5,363.26,0.07,COD,2,1.2,1689.16,1816.3,127.141,1689.1589999999999,2030,September,9,Q3,Tuesday,0.0010000000002037268
13176,2030-09-11,1011,Electronics,East,4,418.73,0.07,COD,1,3.9,1557.68,1674.92,117.24440000000001,1557.6756,2030,September,9,Q3,Wednesday,0.004400000000032378
13177,2030-09-12,1656,Home,North,7,244.87,0.16,Wallet,10,2.3,1439.84,1714.0900000000001,274.25440000000003,1439.8356,2030,September,9,Q3,Thursday,0.004399999999805004
13178,2030-09-13,1399,Home,North,6,529.63,0.32,COD,3,4.7,2160.89,3177.7799999999997,1016.8896,2160.8903999999998,2030,September,9,Q3,Friday,-0.0003999999998995918
13179,2030-09-14,1907,Beauty,North,3,588.18,0.0,COD,11,4.9,1764.54,1764.54,0.0,1764.54,2030,September,9,Q3,Saturday,0.0
13180,2030-09-15,1647,Beauty,West,1,303.86,0.27,COD,1,2.3,221.82,303.86,82.04220000000001,221.8178,2030,September,9,Q3,Sunday,0.0021999999999877673
13181,2030-09-16,1979,Home,North,7,243.52,0.02,Wallet,10,3.4,1670.55,1704.64,34.092800000000004,1670.5472000000002,2030,September,9,Q3,Monday,0.00279999999975189
13182,2030-09-17,1514,Electronics,South,1,291.08,0.17,Card,8,4.1,241.6,291.08,49.4836,241.5964,2030,September,9,Q3,Tuesday,0.0036000000000058208
13183,2030-09-18,1655,Home,North,1,513.85,0.22,Card,8,1.5,400.8,513.85,113.04700000000001,400.803,2030,September,9,Q3,Wednesday,-0.002999999999985903
13184,2030-09-19,1541,Electronics,South,4,392.6,0.24,Card,8,3.8,1193.5,1570.4,376.896,1193.5040000000001,2030,September,9,Q3,Thursday,-0.004000000000132786
13185,2030-09-20,1236,Home,South,4,41.19,0.02,Wallet,7,4.6,161.46,164.76,3.2952,161.4648,2030,September,9,Q3,Friday,-0.004799999999988813
13186,2030-09-21,1278,Beauty,South,1,332.17,0.15,COD,7,1.7,282.34,332.17,49.8255,282.34450000000004,2030,September,9,Q3,Saturday,-0.004500000000064119
13187,2030-09-22,1347,Clothing,East,6,25.12,0.2,Card,2,4.4,120.58,150.72,30.144000000000002,120.576,2030,September,9,Q3,Sunday,0.0040000000000048885
13188,2030-09-23,1626,Clothing,South,2,470.44,0.02,COD,9,1.5,922.06,940.88,18.8176,922.0624,2030,September,9,Q3,Monday,-0.0024000000000796717
13189,2030-09-24,1103,Clothing,West,2,207.06,0.05,Card,7,3.3,393.41,414.12,20.706000000000003,393.414,2030,September,9,Q3,Tuesday,-0.003999999999962256
13190,2030-09-25,1629,Clothing,North,3,291.12,0.23,Card,5,2.4,672.49,873.36,200.8728,672.4872,2030,September,9,Q3,Wednesday,0.0027999999999792635
13191,2030-09-26,1516,Electronics,West,5,482.23,0.18,Card,4,2.9,1977.14,2411.15,434.007,1977.143,2030,September,9,Q3,Thursday,-0.0029999999999290594
13192,2030-09-27,1979,Home,East,7,42.17,0.06,COD,8,2.2,277.48,295.19,17.711399999999998,277.47860000000003,2030,September,9,Q3,Friday,0.0013999999999896318
13193,2030-09-28,1871,Beauty,North,3,107.75,0.19,COD,5,2.0,261.83,323.25,61.417500000000004,261.8325,2030,September,9,Q3,Saturday,-0.0024999999999977263
13194,2030-09-29,1247,Beauty,South,1,247.81,0.32,Wallet,6,4.0,168.51,247.81,79.2992,168.51080000000002,2030,September,9,Q3,Sunday,-0.0008000000000265572
13195,2030-09-30,1363,Electronics,North,7,149.51,0.01,Wallet,4,1.9,1036.1,1046.57,10.4657,1036.1043,2030,September,9,Q3,Monday,-0.00430000000005748
13196,2030-10-01,1320,Beauty,East,1,212.67,0.22,Card,2,2.6,165.88,212.67,46.7874,165.8826,2030,October,10,Q4,Tuesday,-0.002600000000001046
13197,2030-10-02,1632,Home,East,1,598.93,0.03,COD,7,2.1,580.96,598.93,17.967899999999997,580.9621,2030,October,10,Q4,Wednesday,-0.0020999999999276042
13198,2030-10-03,1285,Electronics,West,5,497.87,0.0,Card,2,2.0,2489.35,2489.35,0.0,2489.35,2030,October,10,Q4,Thursday,0.0
13199,2030-10-04,1148,Electronics,North,4,532.08,0.05,Card,11,3.5,2021.9,2128.32,106.41600000000001,2021.9040000000002,2030,October,10,Q4,Friday,-0.004000000000132786
13200,2030-10-05,1083,Electronics,North,5,563.18,0.15,Card,7,1.2,2393.51,2815.8999999999996,422.38499999999993,2393.515,2030,October,10,Q4,Saturday,-0.004999999999654392
13201,2030-10-06,1965,Beauty,North,3,214.45,0.28,Card,7,4.2,463.21,643.3499999999999,180.138,463.2119999999999,2030,October,10,Q4,Sunday,-0.001999999999895863
13202,2030-10-07,1405,Clothing,West,4,188.79,0.1,Card,1,3.2,679.64,755.16,75.516,679.644,2030,October,10,Q4,Monday,-0.004000000000019099
13203,2030-10-08,1977,Home,East,4,151.93,0.22,Card,10,4.3,474.02,607.72,133.69840000000002,474.02160000000003,2030,October,10,Q4,Tuesday,-0.0016000000000531145
13204,2030-10-09,1455,Electronics,South,3,500.62,0.14,COD,10,1.9,1291.6,1501.8600000000001,210.26040000000003,1291.5996,2030,October,10,Q4,Wednesday,0.0003999999998995918
13205,2030-10-10,1742,Home,North,4,412.54,0.08,Card,3,3.8,1518.15,1650.16,132.0128,1518.1472,2030,October,10,Q4,Thursday,0.0027999999999792635
13206,2030-10-11,1799,Electronics,West,7,153.16,0.18,COD,3,2.7,879.14,1072.12,192.9816,879.1383999999999,2030,October,10,Q4,Friday,0.0016000000000531145
13207,2030-10-12,1160,Clothing,West,2,235.54,0.28,Card,11,1.3,339.18,471.08,131.9024,339.1776,2030,October,10,Q4,Saturday,0.0024000000000228283
13208,2030-10-13,1783,Clothing,South,3,311.43,0.29,Card,6,4.0,663.35,934.29,270.9441,663.3459,2030,October,10,Q4,Sunday,0.004099999999993997
13209,2030-10-14,1459,Electronics,East,3,323.96,0.3,Card,11,4.0,680.32,971.8799999999999,291.56399999999996,680.3159999999999,2030,October,10,Q4,Monday,0.004000000000132786
13210,2030-10-15,1549,Home,North,2,534.91,0.12,Card,3,2.1,941.44,1069.82,128.3784,941.4415999999999,2030,October,10,Q4,Tuesday,-0.0015999999998257408
13211,2030-10-16,1499,Electronics,North,5,237.63,0.28,Card,9,4.7,855.47,1188.15,332.6820000000001,855.4680000000001,2030,October,10,Q4,Wednesday,0.0019999999999527063
13212,2030-10-17,1737,Home,West,5,546.49,0.07,COD,5,4.1,2541.18,2732.45,191.2715,2541.1785,2030,October,10,Q4,Thursday,0.0014999999998508429
13213,2030-10-18,1508,Clothing,East,5,273.2,0.26,COD,6,2.2,1010.84,1366.0,355.16,1010.8399999999999,2030,October,10,Q4,Friday,1.1368683772161603e-13
13214,2030-10-19,1653,Clothing,North,4,451.63,0.33,Card,6,2.0,1210.37,1806.52,596.1516,1210.3683999999998,2030,October,10,Q4,Saturday,0.0016000000000531145
13215,2030-10-20,1803,Electronics,South,2,559.2,0.0,Card,8,2.8,1118.4,1118.4,0.0,1118.4,2030,October,10,Q4,Sunday,0.0
13216,2030-10-21,1480,Electronics,East,7,545.93,0.15,Wallet,10,2.2,3248.28,3821.5099999999998,573.2265,3248.2834999999995,2030,October,10,Q4,Monday,-0.003499999999348802
13217,2030-10-22,1662,Beauty,East,3,48.32,0.23,Card,11,1.9,111.62,144.96,33.3408,111.6192,2030,October,10,Q4,Tuesday,0.0007999999999981355
13218,2030-10-23,1113,Electronics,West,3,135.34,0.25,Card,3,2.6,304.52,406.02,101.505,304.515,2030,October,10,Q4,Wednesday,0.0049999999999954525
13219,2030-10-24,1748,Home,West,3,293.99,0.06,COD,9,1.1,829.05,881.97,52.9182,829.0518000000001,2030,October,10,Q4,Thursday,-0.0018000000001165972
13220,2030-10-25,1577,Beauty,North,4,267.46,0.34,COD,7,2.6,706.09,1069.84,363.7456,706.0944,2030,October,10,Q4,Friday,-0.004399999999918691
13221,2030-10-26,1360,Electronics,West,4,389.92,0.22,COD,11,1.9,1216.55,1559.68,343.12960000000004,1216.5504,2030,October,10,Q4,Saturday,-0.00040000000012696546
13222,2030-10-27,1340,Electronics,East,6,567.65,0.06,COD,6,2.1,3201.55,3405.8999999999996,204.35399999999996,3201.546,2030,October,10,Q4,Sunday,0.00400000000036016
13223,2030-10-28,1769,Home,North,7,80.76,0.01,Card,11,1.3,559.67,565.32,5.653200000000001,559.6668000000001,2030,October,10,Q4,Monday,0.0031999999998788553
13224,2030-10-29,1986,Beauty,North,5,279.34,0.27,Card,1,3.4,1019.59,1396.6999999999998,377.109,1019.5909999999999,2030,October,10,Q4,Tuesday,-0.0009999999998626663
13225,2030-10-30,1760,Beauty,East,6,127.56,0.03,Card,4,2.9,742.4,765.36,22.9608,742.3992000000001,2030,October,10,Q4,Wednesday,0.0007999999999128704
13226,2030-10-31,1968,Clothing,North,6,538.05,0.05,COD,5,4.0,3066.88,3228.2999999999997,161.415,3066.8849999999998,2030,October,10,Q4,Thursday,-0.004999999999654392
13227,2030-11-01,1448,Home,South,4,579.28,0.2,Wallet,2,4.9,1853.7,2317.12,463.424,1853.696,2030,November,11,Q4,Friday,0.004000000000132786
13228,2030-11-02,1842,Electronics,South,5,295.04,0.21,Card,1,1.5,1165.41,1475.2,309.792,1165.4080000000001,2030,November,11,Q4,Saturday,0.0019999999999527063
13229,2030-11-03,1834,Beauty,North,5,75.85,0.24,Card,2,2.1,288.23,379.25,91.02,288.23,2030,November,11,Q4,Sunday,0.0
13230,2030-11-04,1179,Beauty,West,3,474.4,0.14,Card,8,3.7,1223.95,1423.1999999999998,199.248,1223.9519999999998,2030,November,11,Q4,Monday,-0.0019999999997253326
13231,2030-11-05,1701,Electronics,South,4,422.83,0.27,Card,10,1.9,1234.66,1691.32,456.6564,1234.6635999999999,2030,November,11,Q4,Tuesday,-0.003599999999778447
13232,2030-11-06,1406,Electronics,North,5,222.48,0.34,Card,6,1.1,734.18,1112.3999999999999,378.216,734.1839999999999,2030,November,11,Q4,Wednesday,-0.0039999999999054126
13233,2030-11-07,1665,Electronics,South,6,534.13,0.09,COD,10,1.4,2916.35,3204.7799999999997,288.43019999999996,2916.3498,2030,November,11,Q4,Thursday,0.0001999999999497959
13234,2030-11-08,1195,Electronics,West,2,585.86,0.25,Wallet,2,2.7,878.79,1171.72,292.93,878.79,2030,November,11,Q4,Friday,0.0
13235,2030-11-09,1465,Home,East,2,341.34,0.32,Card,9,2.7,464.22,682.68,218.45759999999999,464.2224,2030,November,11,Q4,Saturday,-0.002399999999965985
13236,2030-11-10,1310,Clothing,North,4,345.95,0.24,Card,8,4.9,1051.69,1383.8,332.11199999999997,1051.688,2030,November,11,Q4,Sunday,0.0019999999999527063
13237,2030-11-11,1261,Electronics,North,3,189.05,0.24,Card,4,2.9,431.03,567.1500000000001,136.116,431.0340000000001,2030,November,11,Q4,Monday,-0.004000000000132786
13238,2030-11-12,1418,Electronics,North,3,356.94,0.08,Card,11,3.7,985.15,1070.82,85.6656,985.1543999999999,2030,November,11,Q4,Tuesday,-0.004399999999918691
13239,2030-11-13,1405,Beauty,North,5,272.19,0.19,Card,10,3.0,1102.37,1360.95,258.58050000000003,1102.3695,2030,November,11,Q4,Wednesday,0.0004999999998744897
13240,2030-11-14,1938,Clothing,North,7,191.78,0.2,COD,7,2.1,1073.97,1342.46,268.492,1073.968,2030,November,11,Q4,Thursday,0.0019999999999527063
13241,2030-11-15,1142,Clothing,North,4,54.3,0.25,Card,3,1.4,162.9,217.2,54.3,162.89999999999998,2030,November,11,Q4,Friday,2.842170943040401e-14
13242,2030-11-16,1341,Electronics,West,7,162.83,0.35,Wallet,6,4.4,740.88,1139.8100000000002,398.93350000000004,740.8765000000001,2030,November,11,Q4,Saturday,0.003499999999917236
13243,2030-11-17,1315,Beauty,East,2,130.74,0.01,COD,3,1.6,258.87,261.48,2.6148000000000002,258.8652,2030,November,11,Q4,Sunday,0.004799999999988813
13244,2030-11-18,1100,Home,West,6,332.09,0.02,COD,10,1.4,1952.69,1992.54,39.8508,1952.6892,2030,November,11,Q4,Monday,0.0008000000000265572
13245,2030-11-19,1243,Electronics,West,5,366.98,0.03,Card,3,1.9,1779.85,1834.9,55.047000000000004,1779.853,2030,November,11,Q4,Tuesday,-0.003000000000156433
13246,2030-11-20,1489,Electronics,East,6,371.01,0.26,COD,11,1.0,1647.28,2226.06,578.7756,1647.2844,2030,November,11,Q4,Wednesday,-0.004400000000032378
13247,2030-11-21,1011,Electronics,West,7,242.09,0.05,COD,9,1.3,1609.9,1694.63,84.73150000000001,1609.8985,2030,November,11,Q4,Thursday,0.0015000000000782165
13248,2030-11-22,1238,Electronics,South,5,261.42,0.22,Card,6,3.5,1019.54,1307.1000000000001,287.562,1019.5380000000001,2030,November,11,Q4,Friday,0.0019999999998390194
13249,2030-11-23,1560,Clothing,West,1,503.03,0.11,Card,8,2.0,447.7,503.03,55.333299999999994,447.69669999999996,2030,November,11,Q4,Saturday,0.0033000000000242835
13250,2030-11-24,1041,Beauty,North,6,293.6,0.16,Wallet,4,2.4,1479.74,1761.6000000000001,281.85600000000005,1479.7440000000001,2030,November,11,Q4,Sunday,-0.004000000000132786
13251,2030-11-25,1677,Clothing,South,4,592.85,0.08,Card,4,4.3,2181.69,2371.4,189.71200000000002,2181.688,2030,November,11,Q4,Monday,0.0019999999999527063
13252,2030-11-26,1593,Home,South,6,272.18,0.3,Card,8,4.1,1143.16,1633.08,489.924,1143.156,2030,November,11,Q4,Tuesday,0.004000000000132786
13253,2030-11-27,1428,Clothing,East,6,395.0,0.21,Card,7,3.0,1872.3,2370.0,497.7,1872.3,2030,November,11,Q4,Wednesday,0.0
13254,2030-11-28,1802,Home,West,5,44.46,0.33,Card,5,3.5,148.94,222.3,73.35900000000001,148.941,2030,November,11,Q4,Thursday,-0.0010000000000047748
13255,2030-11-29,1157,Home,West,2,397.2,0.2,Card,2,1.3,635.52,794.4,158.88,635.52,2030,November,11,Q4,Friday,0.0
13256,2030-11-30,1215,Electronics,South,7,513.08,0.04,Card,6,4.0,3447.9,3591.5600000000004,143.66240000000002,3447.8976000000002,2030,November,11,Q4,Saturday,0.002399999999852298
13257,2030-12-01,1669,Clothing,West,1,566.34,0.06,COD,1,3.1,532.36,566.34,33.9804,532.3596,2030,December,12,Q4,Sunday,0.0004000000000132786
13258,2030-12-02,1461,Clothing,West,6,598.43,0.35,Card,7,3.3,2333.88,3590.58,1256.703,2333.877,2030,December,12,Q4,Monday,0.003000000000156433
13259,2030-12-03,1133,Electronics,East,7,180.07,0.25,COD,9,3.7,945.37,1260.49,315.1225,945.3675000000001,2030,December,12,Q4,Tuesday,0.002499999999940883
13260,2030-12-04,1066,Clothing,South,7,351.59,0.02,COD,5,3.0,2411.91,2461.1299999999997,49.22259999999999,2411.9073999999996,2030,December,12,Q4,Wednesday,0.0026000000002568413
13261,2030-12-05,1847,Clothing,North,2,278.67,0.25,Card,5,3.1,418.0,557.34,139.335,418.005,2030,December,12,Q4,Thursday,-0.0049999999999954525
13262,2030-12-06,1006,Beauty,South,3,344.83,0.14,COD,7,3.0,889.66,1034.49,144.82860000000002,889.6614,2030,December,12,Q4,Friday,-0.0013999999999896318
13263,2030-12-07,1947,Clothing,East,1,107.11,0.11,COD,5,3.0,95.33,107.11,11.7821,95.3279,2030,December,12,Q4,Saturday,0.0020999999999986585
13264,2030-12-08,1525,Home,East,1,515.85,0.05,COD,10,4.0,490.06,515.85,25.792500000000004,490.0575,2030,December,12,Q4,Sunday,0.0024999999999977263
13265,2030-12-09,1072,Clothing,East,7,547.1,0.29,COD,4,2.7,2719.09,3829.7000000000003,1110.613,2719.0870000000004,2030,December,12,Q4,Monday,0.0029999999997016857
13266,2030-12-10,1398,Home,West,5,278.05,0.02,COD,1,1.0,1362.44,1390.25,27.805,1362.445,2030,December,12,Q4,Tuesday,-0.004999999999881766
13267,2030-12-11,1404,Clothing,South,6,179.05,0.1,Card,6,3.4,966.87,1074.3000000000002,107.43000000000002,966.8700000000001,2030,December,12,Q4,Wednesday,-1.1368683772161603e-13
13268,2030-12-12,1674,Beauty,West,3,97.39,0.11,COD,9,4.8,260.03,292.17,32.1387,260.0313,2030,December,12,Q4,Thursday,-0.0013000000000147338
13269,2030-12-13,1577,Clothing,West,5,415.0,0.06,Card,4,2.0,1950.5,2075.0,124.5,1950.5,2030,December,12,Q4,Friday,0.0
13270,2030-12-14,1858,Clothing,South,4,197.66,0.18,COD,10,4.3,648.32,790.64,142.3152,648.3248,2030,December,12,Q4,Saturday,-0.00479999999993197
13271,2030-12-15,1129,Clothing,East,2,547.08,0.0,Card,11,2.8,1094.16,1094.16,0.0,1094.16,2030,December,12,Q4,Sunday,0.0
13272,2030-12-16,1930,Clothing,North,2,407.54,0.11,Wallet,4,3.6,725.42,815.08,89.6588,725.4212,2030,December,12,Q4,Monday,-0.0012000000000398359
13273,2030-12-17,1465,Electronics,North,5,392.73,0.33,COD,5,4.6,1315.65,1963.65,648.0045,1315.6455,2030,December,12,Q4,Tuesday,0.004500000000007276
13274,2030-12-18,1205,Electronics,South,7,342.25,0.11,COD,6,4.1,2132.22,2395.75,263.5325,2132.2174999999997,2030,December,12,Q4,Wednesday,0.0025000000000545697
13275,2030-12-19,1787,Electronics,South,2,41.78,0.13,COD,3,4.5,72.7,83.56,10.8628,72.69720000000001,2030,December,12,Q4,Thursday,0.0027999999999934744
13276,2030-12-20,1977,Beauty,East,6,560.17,0.17,Wallet,9,1.0,2789.65,3361.0199999999995,571.3734,2789.6465999999996,2030,December,12,Q4,Friday,0.0034000000005107722
13277,2030-12-21,1767,Electronics,South,2,382.34,0.2,COD,1,1.7,611.74,764.68,152.936,611.7439999999999,2030,December,12,Q4,Saturday,-0.0039999999999054126
13278,2030-12-22,1265,Electronics,South,6,596.53,0.28,Card,11,2.7,2577.01,3579.18,1002.1704000000001,2577.0096,2030,December,12,Q4,Sunday,0.00040000000035433914
13279,2030-12-23,1536,Home,East,4,329.35,0.07,Wallet,6,4.4,1225.18,1317.4,92.21800000000002,1225.182,2030,December,12,Q4,Monday,-0.0019999999999527063
13280,2030-12-24,1961,Electronics,East,3,430.41,0.31,COD,6,4.4,890.95,1291.23,400.2813,890.9487,2030,December,12,Q4,Tuesday,0.0013000000000147338
13281,2030-12-25,1792,Clothing,West,1,47.88,0.27,COD,8,1.7,34.95,47.88,12.927600000000002,34.9524,2030,December,12,Q4,Wednesday,-0.0023999999999944066
13282,2030-12-26,1252,Electronics,South,5,384.57,0.25,Wallet,5,1.6,1442.14,1922.85,480.7125,1442.1374999999998,2030,December,12,Q4,Thursday,0.0025000000002819434
13283,2030-12-27,1821,Beauty,North,5,462.32,0.03,Card,9,4.3,2242.25,2311.6,69.348,2242.252,2030,December,12,Q4,Friday,-0.0019999999999527063
13284,2030-12-28,1288,Beauty,South,6,470.43,0.01,Card,9,3.2,2794.35,2822.58,28.2258,2794.3541999999998,2030,December,12,Q4,Saturday,-0.0041999999998552084
13285,2030-12-29,1163,Beauty,North,4,465.52,0.21,COD,2,3.5,1471.04,1862.08,391.03679999999997,1471.0432,2030,December,12,Q4,Sunday,-0.003200000000106229
13286,2030-12-30,1094,Clothing,North,4,147.38,0.3,COD,5,4.2,412.66,589.52,176.856,412.664,2030,December,12,Q4,Monday,-0.003999999999962256
13287,2030-12-31,1781,Home,North,7,585.61,0.2,Card,7,1.8,3279.42,4099.27,819.8540000000002,3279.416,2030,December,12,Q4,Tuesday,0.0039999999999054126
13288,2031-01-01,1832,Electronics,West,1,597.18,0.07,COD,2,1.5,555.38,597.18,41.8026,555.3774,2031,January,1,Q1,Wednesday,0.0026000000000294676
13289,2031-01-02,1109,Electronics,East,3,59.22,0.03,COD,7,4.4,172.33,177.66,5.3298,172.3302,2031,January,1,Q1,Thursday,-0.0001999999999782176
13290,2031-01-03,1335,Electronics,East,5,562.82,0.24,COD,9,1.4,2138.72,2814.1000000000004,675.384,2138.7160000000003,2031,January,1,Q1,Friday,0.003999999999450665
13291,2031-01-04,1821,Clothing,West,6,184.33,0.25,Wallet,8,1.4,829.48,1105.98,276.495,829.485,2031,January,1,Q1,Saturday,-0.0049999999999954525
13292,2031-01-05,1237,Clothing,East,4,418.23,0.06,Card,10,2.1,1572.54,1672.92,100.3752,1572.5448000000001,2031,January,1,Q1,Sunday,-0.0048000000001593435
13293,2031-01-06,1380,Clothing,West,5,212.79,0.01,COD,9,2.3,1053.31,1063.95,10.6395,1053.3105,2031,January,1,Q1,Monday,-0.0005000000001018634
13294,2031-01-07,1435,Electronics,South,6,581.14,0.14,COD,4,2.0,2998.68,3486.84,488.15760000000006,2998.6824,2031,January,1,Q1,Tuesday,-0.0024000000003070454
13295,2031-01-08,1898,Clothing,West,2,74.38,0.2,Card,8,4.0,119.01,148.76,29.752,119.008,2031,January,1,Q1,Wednesday,0.0020000000000095497
13296,2031-01-09,1482,Home,East,5,306.18,0.25,Card,9,4.9,1148.18,1530.9,382.725,1148.1750000000002,2031,January,1,Q1,Thursday,0.004999999999881766
13297,2031-01-10,1936,Clothing,East,3,265.41,0.28,Card,10,1.8,573.29,796.23,222.94440000000003,573.2855999999999,2031,January,1,Q1,Friday,0.004400000000032378
13298,2031-01-11,1901,Home,South,6,205.72,0.21,COD,2,4.1,975.11,1234.32,259.2072,975.1127999999999,2031,January,1,Q1,Saturday,-0.0027999999998655767
13299,2031-01-12,1024,Electronics,West,3,392.64,0.04,Card,10,1.2,1130.8,1177.92,47.116800000000005,1130.8032,2031,January,1,Q1,Sunday,-0.003200000000106229
13300,2031-01-13,1652,Home,South,5,91.67,0.24,Card,3,1.5,348.35,458.35,110.004,348.346,2031,January,1,Q1,Monday,0.004000000000019099
13301,2031-01-14,1116,Clothing,North,2,434.25,0.34,Card,1,3.1,573.21,868.5,295.29,573.21,2031,January,1,Q1,Tuesday,0.0
13302,2031-01-15,1481,Electronics,West,3,588.65,0.32,COD,1,5.0,1200.85,1765.9499999999998,565.1039999999999,1200.846,2031,January,1,Q1,Wednesday,0.0039999999999054126
13303,2031-01-16,1391,Electronics,South,4,485.67,0.31,COD,10,4.8,1340.45,1942.68,602.2308,1340.4492,2031,January,1,Q1,Thursday,0.0008000000000265572
13304,2031-01-17,1916,Clothing,South,6,518.11,0.11,COD,6,1.4,2766.71,3108.66,341.95259999999996,2766.7074,2031,January,1,Q1,Friday,0.0026000000002568413
13305,2031-01-18,1993,Home,East,5,225.39,0.26,Card,1,2.0,833.94,1126.9499999999998,293.00699999999995,833.9429999999999,2031,January,1,Q1,Saturday,-0.0029999999998153726
13306,2031-01-19,1963,Clothing,West,2,205.06,0.3,COD,5,4.8,287.08,410.12,123.036,287.084,2031,January,1,Q1,Sunday,-0.004000000000019099
13307,2031-01-20,1536,Electronics,North,4,317.47,0.24,COD,6,1.6,965.11,1269.88,304.7712,965.1088000000001,2031,January,1,Q1,Monday,0.001199999999926149
13308,2031-01-21,1078,Beauty,North,5,41.75,0.09,Card,9,4.0,189.96,208.75,18.787499999999998,189.9625,2031,January,1,Q1,Tuesday,-0.0024999999999977263
13309,2031-01-22,1579,Home,West,7,568.03,0.33,Card,6,1.0,2664.06,3976.21,1312.1493,2664.0607,2031,January,1,Q1,Wednesday,-0.0007000000000516593
13310,2031-01-23,1172,Clothing,West,2,99.11,0.16,Wallet,4,3.5,166.5,198.22,31.7152,166.5048,2031,January,1,Q1,Thursday,-0.004799999999988813
13311,2031-01-24,1955,Clothing,South,4,543.26,0.05,COD,1,3.0,2064.39,2173.04,108.652,2064.388,2031,January,1,Q1,Friday,0.0019999999999527063
13312,2031-01-25,1011,Electronics,East,3,63.9,0.04,COD,6,2.9,184.03,191.7,7.667999999999999,184.03199999999998,2031,January,1,Q1,Saturday,-0.001999999999981128
13313,2031-01-26,1799,Clothing,East,5,496.24,0.23,Card,7,4.3,1910.52,2481.2,570.6759999999999,1910.524,2031,January,1,Q1,Sunday,-0.0039999999999054126
13314,2031-01-27,1127,Clothing,East,5,103.9,0.15,Wallet,5,1.3,441.58,519.5,77.925,441.575,2031,January,1,Q1,Monday,0.0049999999999954525
13315,2031-01-28,1607,Beauty,West,3,37.31,0.03,COD,6,2.5,108.57,111.93,3.3579,108.5721,2031,January,1,Q1,Tuesday,-0.0021000000000128694
13316,2031-01-29,1091,Clothing,East,7,435.9,0.26,Wallet,10,2.8,2257.96,3051.2999999999997,793.338,2257.9619999999995,2031,January,1,Q1,Wednesday,-0.001999999999497959
13317,2031-01-30,1652,Clothing,South,1,178.96,0.28,Wallet,8,1.5,128.85,178.96,50.10880000000001,128.8512,2031,January,1,Q1,Thursday,-0.0012000000000114142
13318,2031-01-31,1542,Clothing,West,4,432.98,0.25,Wallet,1,1.3,1298.94,1731.92,432.98,1298.94,2031,January,1,Q1,Friday,0.0
13319,2031-02-01,1845,Beauty,West,3,339.72,0.07,Wallet,8,1.7,947.82,1019.1600000000001,71.34120000000001,947.8188,2031,February,2,Q1,Saturday,0.0012000000000398359
13320,2031-02-02,1531,Home,East,5,78.65,0.24,Card,11,2.0,298.87,393.25,94.38,298.87,2031,February,2,Q1,Sunday,0.0
13321,2031-02-03,1657,Clothing,North,4,560.3,0.0,Wallet,2,4.9,2241.2,2241.2,0.0,2241.2,2031,February,2,Q1,Monday,0.0
13322,2031-02-04,1988,Home,North,7,279.6,0.11,Card,2,2.9,1741.91,1957.2000000000003,215.29200000000003,1741.9080000000004,2031,February,2,Q1,Tuesday,0.0019999999997253326
13323,2031-02-05,1827,Clothing,South,4,444.65,0.14,Wallet,8,3.0,1529.6,1778.6,249.00400000000002,1529.596,2031,February,2,Q1,Wednesday,0.0039999999999054126
13324,2031-02-06,1446,Clothing,East,1,308.1,0.29,Card,2,3.8,218.75,308.1,89.349,218.75100000000003,2031,February,2,Q1,Thursday,-0.0010000000000331966
13325,2031-02-07,1389,Electronics,East,5,368.55,0.14,COD,8,3.7,1584.76,1842.75,257.985,1584.7649999999999,2031,February,2,Q1,Friday,-0.004999999999881766
13326,2031-02-08,1671,Clothing,West,2,192.12,0.0,Card,5,3.0,384.24,384.24,0.0,384.24,2031,February,2,Q1,Saturday,0.0
13327,2031-02-09,1860,Electronics,West,1,132.21,0.12,COD,9,2.4,116.34,132.21,15.8652,116.3448,2031,February,2,Q1,Sunday,-0.004800000000003024
13328,2031-02-10,1042,Beauty,East,1,332.4,0.17,Card,9,2.3,275.89,332.4,56.508,275.892,2031,February,2,Q1,Monday,-0.0020000000000095497
13329,2031-02-11,1253,Electronics,West,2,272.53,0.33,Card,8,1.2,365.19,545.06,179.8698,365.19019999999995,2031,February,2,Q1,Tuesday,-0.0001999999999497959
13330,2031-02-12,1129,Beauty,East,2,243.22,0.33,Wallet,9,4.6,325.91,486.44,160.5252,325.9148,2031,February,2,Q1,Wednesday,-0.004799999999988813
13331,2031-02-13,1059,Clothing,South,7,408.45,0.06,COD,7,4.1,2687.6,2859.15,171.549,2687.601,2031,February,2,Q1,Thursday,-0.0010000000002037268
13332,2031-02-14,1662,Clothing,West,7,418.95,0.06,Card,8,3.5,2756.69,2932.65,175.959,2756.6910000000003,2031,February,2,Q1,Friday,-0.0010000000002037268
13333,2031-02-15,1466,Clothing,East,1,41.86,0.06,Card,6,2.6,39.35,41.86,2.5116,39.3484,2031,February,2,Q1,Saturday,0.0016000000000033765
13334,2031-02-16,1286,Electronics,West,4,213.17,0.28,Card,9,3.3,613.93,852.68,238.7504,613.9295999999999,2031,February,2,Q1,Sunday,0.0004000000000132786
13335,2031-02-17,1516,Clothing,South,3,255.88,0.0,COD,2,2.9,767.64,767.64,0.0,767.64,2031,February,2,Q1,Monday,0.0
13336,2031-02-18,1466,Electronics,West,3,71.68,0.04,Wallet,3,2.1,206.44,215.04000000000002,8.601600000000001,206.43840000000003,2031,February,2,Q1,Tuesday,0.0015999999999678494
13337,2031-02-19,1929,Clothing,East,1,153.0,0.19,COD,2,2.2,123.93,153.0,29.07,123.93,2031,February,2,Q1,Wednesday,0.0
13338,2031-02-20,1777,Clothing,West,4,45.21,0.09,Card,6,4.5,164.56,180.84,16.2756,164.5644,2031,February,2,Q1,Thursday,-0.004400000000003956
13339,2031-02-21,1344,Home,West,2,597.8,0.03,Card,3,3.5,1159.73,1195.6,35.867999999999995,1159.732,2031,February,2,Q1,Friday,-0.0019999999999527063
13340,2031-02-22,1641,Electronics,East,6,445.89,0.13,Wallet,11,1.0,2327.55,2675.34,347.79420000000005,2327.5458,2031,February,2,Q1,Saturday,0.004200000000309956
13341,2031-02-23,1381,Electronics,North,1,66.16,0.1,Card,1,2.3,59.54,66.16,6.616,59.544,2031,February,2,Q1,Sunday,-0.003999999999997783
13342,2031-02-24,1778,Clothing,West,5,26.85,0.18,COD,4,2.4,110.08,134.25,24.165,110.08500000000001,2031,February,2,Q1,Monday,-0.005000000000009663
13343,2031-02-25,1689,Beauty,West,4,435.78,0.34,Card,5,3.8,1150.46,1743.12,592.6608,1150.4591999999998,2031,February,2,Q1,Tuesday,0.0008000000002539309
13344,2031-02-26,1252,Home,South,5,271.93,0.04,COD,11,3.8,1305.26,1359.65,54.386,1305.2640000000001,2031,February,2,Q1,Wednesday,-0.004000000000132786
13345,2031-02-27,1926,Clothing,North,5,475.28,0.13,Wallet,4,2.9,2067.47,2376.3999999999996,308.93199999999996,2067.468,2031,February,2,Q1,Thursday,0.0019999999999527063
13346,2031-02-28,1055,Clothing,South,1,555.23,0.33,Card,6,4.8,372.0,555.23,183.22590000000002,372.0041,2031,February,2,Q1,Friday,-0.004099999999993997
13347,2031-03-01,1462,Electronics,East,4,365.59,0.31,COD,3,4.5,1009.03,1462.36,453.3316,1009.0283999999999,2031,March,3,Q1,Saturday,0.0016000000000531145
13348,2031-03-02,1456,Beauty,East,5,124.46,0.14,COD,10,4.5,535.18,622.3,87.122,535.178,2031,March,3,Q1,Sunday,0.0019999999999527063
13349,2031-03-03,1982,Home,South,7,472.58,0.24,Card,6,2.4,2514.13,3308.06,793.9344,2514.1256,2031,March,3,Q1,Monday,0.004400000000259752
13350,2031-03-04,1082,Electronics,West,7,574.15,0.03,Card,10,2.7,3898.48,4019.0499999999997,120.57149999999999,3898.4784999999997,2031,March,3,Q1,Tuesday,0.0015000000003055902
13351,2031-03-05,1904,Clothing,North,4,354.44,0.25,COD,1,2.7,1063.32,1417.76,354.44,1063.32,2031,March,3,Q1,Wednesday,0.0
13352,2031-03-06,1098,Electronics,South,3,413.97,0.34,Card,6,2.8,819.66,1241.91,422.24940000000004,819.6606,2031,March,3,Q1,Thursday,-0.0006000000000767614
13353,2031-03-07,1148,Beauty,South,6,212.42,0.19,Wallet,8,4.6,1032.36,1274.52,242.15879999999999,1032.3612,2031,March,3,Q1,Friday,-0.0012000000001535227
13354,2031-03-08,1328,Electronics,East,5,238.19,0.17,Card,10,2.0,988.49,1190.95,202.46150000000003,988.4885,2031,March,3,Q1,Saturday,0.0014999999999645297
13355,2031-03-09,1155,Clothing,West,5,444.77,0.07,Card,8,4.2,2068.18,2223.85,155.6695,2068.1805,2031,March,3,Q1,Sunday,-0.0005000000001018634
13356,2031-03-10,1189,Electronics,North,4,557.75,0.22,Card,1,3.1,1740.18,2231.0,490.82,1740.18,2031,March,3,Q1,Monday,0.0
13357,2031-03-11,1493,Home,South,7,382.96,0.21,Card,7,2.0,2117.77,2680.72,562.9512,2117.7688,2031,March,3,Q1,Tuesday,0.0012000000001535227
13358,2031-03-12,1882,Home,North,6,477.06,0.23,COD,10,3.1,2204.02,2862.36,658.3428,2204.0172000000002,2031,March,3,Q1,Wednesday,0.00279999999975189
13359,2031-03-13,1262,Home,North,3,115.41,0.01,Card,10,1.8,342.77,346.23,3.4623000000000004,342.7677,2031,March,3,Q1,Thursday,0.002299999999991087
13360,2031-03-14,1079,Clothing,South,5,139.0,0.19,COD,4,1.4,562.95,695.0,132.05,562.95,2031,March,3,Q1,Friday,0.0
13361,2031-03-15,1399,Beauty,North,1,326.24,0.21,Wallet,6,4.4,257.73,326.24,68.5104,257.7296,2031,March,3,Q1,Saturday,0.0004000000000132786
13362,2031-03-16,1763,Electronics,East,7,118.28,0.07,COD,6,3.8,770.0,827.96,57.95720000000001,770.0028,2031,March,3,Q1,Sunday,-0.0027999999999792635
13363,2031-03-17,1608,Electronics,West,4,386.47,0.07,Card,5,1.8,1437.67,1545.88,108.21160000000002,1437.6684,2031,March,3,Q1,Monday,0.0016000000000531145
13364,2031-03-18,1259,Electronics,West,4,185.62,0.1,Wallet,10,4.8,668.23,742.48,74.248,668.232,2031,March,3,Q1,Tuesday,-0.0019999999999527063
13365,2031-03-19,1771,Beauty,West,7,478.05,0.25,Card,9,1.1,2509.76,3346.35,836.5875,2509.7625,2031,March,3,Q1,Wednesday,-0.0024999999995998223
13366,2031-03-20,1614,Clothing,East,5,487.74,0.21,COD,11,2.3,1926.57,2438.7,512.127,1926.5729999999999,2031,March,3,Q1,Thursday,-0.0029999999999290594
13367,2031-03-21,1551,Home,East,3,286.32,0.3,Card,10,1.1,601.27,858.96,257.688,601.272,2031,March,3,Q1,Friday,-0.002000000000066393
13368,2031-03-22,1784,Home,East,5,120.77,0.1,Card,8,1.6,543.46,603.85,60.385000000000005,543.465,2031,March,3,Q1,Saturday,-0.0049999999999954525
13369,2031-03-23,1100,Electronics,West,7,393.36,0.32,Wallet,6,1.7,1872.39,2753.52,881.1264,1872.3935999999999,2031,March,3,Q1,Sunday,-0.003599999999778447
13370,2031-03-24,1358,Electronics,North,2,595.78,0.26,Card,4,4.2,881.75,1191.56,309.80559999999997,881.7544,2031,March,3,Q1,Monday,-0.004400000000032378
13371,2031-03-25,1379,Electronics,East,5,379.22,0.14,COD,4,5.0,1630.65,1896.1000000000001,265.45400000000006,1630.6460000000002,2031,March,3,Q1,Tuesday,0.0039999999999054126
13372,2031-03-26,1819,Clothing,South,6,35.93,0.03,Card,9,4.5,209.11,215.57999999999998,6.4674,209.1126,2031,March,3,Q1,Wednesday,-0.002599999999972624
13373,2031-03-27,1220,Electronics,East,7,25.12,0.09,COD,4,3.5,160.01,175.84,15.8256,160.0144,2031,March,3,Q1,Thursday,-0.004400000000003956
13374,2031-03-28,1819,Electronics,South,6,202.41,0.33,COD,7,3.9,813.69,1214.46,400.77180000000004,813.6882,2031,March,3,Q1,Friday,0.0018000000000029104
13375,2031-03-29,1419,Beauty,West,7,129.53,0.11,Card,6,3.1,806.97,906.71,99.7381,806.9719,2031,March,3,Q1,Saturday,-0.0018999999999778083
13376,2031-03-30,1123,Beauty,South,2,490.63,0.12,COD,2,2.7,863.51,981.26,117.7512,863.5088,2031,March,3,Q1,Sunday,0.0012000000000398359
13377,2031-03-31,1421,Electronics,East,6,509.21,0.07,COD,5,3.8,2841.39,3055.2599999999998,213.8682,2841.3918,2031,March,3,Q1,Monday,-0.0018000000000029104
13378,2031-04-01,1230,Electronics,East,6,166.29,0.28,COD,3,4.9,718.37,997.74,279.3672,718.3728,2031,April,4,Q2,Tuesday,-0.0027999999999792635
13379,2031-04-02,1689,Electronics,North,1,205.5,0.1,COD,9,1.1,184.95,205.5,20.55,184.95,2031,April,4,Q2,Wednesday,0.0
13380,2031-04-03,1062,Home,West,4,153.2,0.12,COD,10,2.3,539.26,612.8,73.53599999999999,539.264,2031,April,4,Q2,Thursday,-0.004000000000019099
13381,2031-04-04,1484,Home,South,6,546.4,0.15,Card,1,2.3,2786.64,3278.3999999999996,491.75999999999993,2786.64,2031,April,4,Q2,Friday,0.0
13382,2031-04-05,1627,Electronics,West,4,309.05,0.15,COD,10,2.7,1050.77,1236.2,185.43,1050.77,2031,April,4,Q2,Saturday,0.0
13383,2031-04-06,1702,Electronics,East,7,398.84,0.14,COD,4,3.5,2401.02,2791.8799999999997,390.8632,2401.0167999999994,2031,April,4,Q2,Sunday,0.0032000000005609763
13384,2031-04-07,1573,Home,North,3,258.06,0.18,Card,4,3.1,634.83,774.1800000000001,139.35240000000002,634.8276000000001,2031,April,4,Q2,Monday,0.002399999999965985
13385,2031-04-08,1767,Clothing,East,5,384.14,0.29,Wallet,9,1.1,1363.7,1920.6999999999998,557.0029999999999,1363.697,2031,April,4,Q2,Tuesday,0.003000000000156433
13386,2031-04-09,1482,Electronics,East,1,240.73,0.29,Card,1,2.6,170.92,240.73,69.81169999999999,170.9183,2031,April,4,Q2,Wednesday,0.0016999999999995907
13387,2031-04-10,1518,Clothing,East,7,213.71,0.28,Card,2,3.5,1077.1,1495.97,418.87160000000006,1077.0983999999999,2031,April,4,Q2,Thursday,0.0016000000000531145
13388,2031-04-11,1154,Electronics,South,2,386.17,0.04,Card,1,3.0,741.45,772.34,30.893600000000003,741.4464,2031,April,4,Q2,Friday,0.0036000000000058208
13389,2031-04-12,1091,Clothing,East,3,360.77,0.28,Card,1,4.5,779.26,1082.31,303.0468,779.2631999999999,2031,April,4,Q2,Saturday,-0.0031999999998788553
13390,2031-04-13,1981,Home,West,1,186.71,0.04,Card,1,2.6,179.24,186.71,7.468400000000001,179.2416,2031,April,4,Q2,Sunday,-0.001599999999996271
13391,2031-04-14,1525,Home,West,1,102.37,0.04,Wallet,3,1.1,98.28,102.37,4.0948,98.2752,2031,April,4,Q2,Monday,0.004800000000003024
13392,2031-04-15,1454,Clothing,North,7,230.62,0.33,Card,11,2.1,1081.61,1614.3400000000001,532.7322,1081.6078000000002,2031,April,4,Q2,Tuesday,0.0021999999996751285
13393,2031-04-16,1740,Beauty,West,2,257.89,0.29,COD,4,1.5,366.2,515.78,149.57619999999997,366.2038,2031,April,4,Q2,Wednesday,-0.00380000000001246
13394,2031-04-17,1597,Clothing,East,2,382.78,0.19,Card,10,2.0,620.1,765.56,145.4564,620.1035999999999,2031,April,4,Q2,Thursday,-0.003599999999892134
13395,2031-04-18,1644,Home,East,4,550.0,0.31,COD,2,2.4,1518.0,2200.0,682.0,1518.0,2031,April,4,Q2,Friday,0.0
13396,2031-04-19,1509,Clothing,West,5,36.17,0.35,Wallet,1,3.7,117.55,180.85000000000002,63.29750000000001,117.55250000000001,2031,April,4,Q2,Saturday,-0.002500000000011937
13397,2031-04-20,1182,Beauty,North,7,157.54,0.21,Card,5,2.3,871.2,1102.78,231.5838,871.1962,2031,April,4,Q2,Sunday,0.0038000000000693035
13398,2031-04-21,1385,Beauty,North,3,128.32,0.21,Wallet,6,4.5,304.12,384.96,80.8416,304.11839999999995,2031,April,4,Q2,Monday,0.0016000000000531145
13399,2031-04-22,1573,Electronics,West,5,308.84,0.26,Wallet,2,2.2,1142.71,1544.1999999999998,401.49199999999996,1142.7079999999999,2031,April,4,Q2,Tuesday,0.00200000000018008
13400,2031-04-23,1730,Beauty,South,3,266.37,0.08,COD,3,1.5,735.18,799.11,63.9288,735.1812,2031,April,4,Q2,Wednesday,-0.0012000000000398359
13401,2031-04-24,1404,Home,South,1,441.49,0.06,Card,10,1.7,415.0,441.49,26.4894,415.0006,2031,April,4,Q2,Thursday,-0.0006000000000199179
13402,2031-04-25,1245,Home,South,6,156.81,0.27,COD,3,4.7,686.83,940.86,254.03220000000002,686.8278,2031,April,4,Q2,Friday,0.002200000000016189
13403,2031-04-26,1741,Electronics,South,6,362.78,0.12,Wallet,2,2.8,1915.48,2176.68,261.2016,1915.4784,2031,April,4,Q2,Saturday,0.0016000000000531145
13404,2031-04-27,1590,Home,West,7,532.06,0.05,Card,4,2.6,3538.2,3724.4199999999996,186.221,3538.1989999999996,2031,April,4,Q2,Sunday,0.0010000000002037268
13405,2031-04-28,1660,Beauty,North,2,547.75,0.11,COD,5,1.3,975.0,1095.5,120.505,974.995,2031,April,4,Q2,Monday,0.0049999999999954525
13406,2031-04-29,1649,Electronics,East,2,575.89,0.13,Card,8,3.9,1002.05,1151.78,149.7314,1002.0486,2031,April,4,Q2,Tuesday,0.0013999999999896318
13407,2031-04-30,1470,Beauty,East,1,467.36,0.34,Card,6,3.8,308.46,467.36,158.90240000000003,308.45759999999996,2031,April,4,Q2,Wednesday,0.0024000000000228283
13408,2031-05-01,1825,Electronics,West,1,545.0,0.24,Wallet,9,2.5,414.2,545.0,130.79999999999998,414.20000000000005,2031,May,5,Q2,Thursday,-5.684341886080802e-14
13409,2031-05-02,1887,Electronics,East,3,152.2,0.19,Card,3,3.8,369.85,456.59999999999997,86.75399999999999,369.846,2031,May,5,Q2,Friday,0.004000000000019099
13410,2031-05-03,1422,Clothing,South,1,130.58,0.34,Card,10,2.5,86.18,130.58,44.397200000000005,86.18280000000001,2031,May,5,Q2,Saturday,-0.0028000000000076852
13411,2031-05-04,1900,Clothing,North,7,18.8,0.32,COD,9,1.3,89.49,131.6,42.112,89.488,2031,May,5,Q2,Sunday,0.001999999999995339
13412,2031-05-05,1064,Clothing,West,3,428.5,0.18,Card,11,4.0,1054.11,1285.5,231.39,1054.1100000000001,2031,May,5,Q2,Monday,-2.2737367544323206e-13
13413,2031-05-06,1012,Electronics,North,5,563.42,0.32,Card,11,4.9,1915.63,2817.1,901.472,1915.628,2031,May,5,Q2,Tuesday,0.00200000000018008
13414,2031-05-07,1212,Beauty,West,2,124.36,0.14,COD,4,3.6,213.9,248.72,34.820800000000006,213.8992,2031,May,5,Q2,Wednesday,0.0007999999999981355
13415,2031-05-08,1985,Electronics,West,2,387.61,0.08,Card,8,2.1,713.2,775.22,62.0176,713.2024,2031,May,5,Q2,Thursday,-0.002399999999965985
13416,2031-05-09,1241,Electronics,West,6,451.68,0.08,Card,10,2.1,2493.27,2710.08,216.8064,2493.2736,2031,May,5,Q2,Friday,-0.0036000000000058208
13417,2031-05-10,1492,Electronics,West,6,557.65,0.23,Card,7,4.7,2576.34,3345.8999999999996,769.5569999999999,2576.343,2031,May,5,Q2,Saturday,-0.0029999999997016857
13418,2031-05-11,1212,Clothing,North,7,393.41,0.18,COD,7,2.2,2258.17,2753.8700000000003,495.69660000000005,2258.1734,2031,May,5,Q2,Sunday,-0.003400000000056025
13419,2031-05-12,1692,Beauty,East,2,582.62,0.23,Wallet,9,4.1,897.23,1165.24,268.0052,897.2348,2031,May,5,Q2,Monday,-0.00479999999993197
13420,2031-05-13,1337,Home,West,7,216.63,0.24,Wallet,10,3.6,1152.47,1516.4099999999999,363.93839999999994,1152.4715999999999,2031,May,5,Q2,Tuesday,-0.0015999999998257408
13421,2031-05-14,1996,Home,South,5,219.71,0.01,Card,2,3.4,1087.56,1098.55,10.9855,1087.5645,2031,May,5,Q2,Wednesday,-0.004500000000007276
13422,2031-05-15,1172,Electronics,West,5,332.66,0.02,COD,5,1.7,1630.03,1663.3000000000002,33.266000000000005,1630.034,2031,May,5,Q2,Thursday,-0.004000000000132786
13423,2031-05-16,1671,Clothing,North,4,239.35,0.19,Wallet,3,1.1,775.49,957.4,181.906,775.4939999999999,2031,May,5,Q2,Friday,-0.0039999999999054126
13424,2031-05-17,1163,Clothing,West,3,15.83,0.07,Card,7,3.0,44.17,47.49,3.3243000000000005,44.1657,2031,May,5,Q2,Saturday,0.004300000000000637
13425,2031-05-18,1464,Clothing,South,6,443.09,0.22,Wallet,3,5.0,2073.66,2658.54,584.8788,2073.6612,2031,May,5,Q2,Sunday,-0.0012000000001535227
13426,2031-05-19,1994,Electronics,North,3,454.75,0.19,Wallet,5,1.8,1105.04,1364.25,259.2075,1105.0425,2031,May,5,Q2,Monday,-0.0025000000000545697
13427,2031-05-20,1496,Home,West,6,451.98,0.21,Card,5,3.1,2142.39,2711.88,569.4948,2142.3852,2031,May,5,Q2,Tuesday,0.004799999999704596
13428,2031-05-21,1699,Clothing,South,4,216.84,0.11,Card,2,3.7,771.95,867.36,95.4096,771.9504000000001,2031,May,5,Q2,Wednesday,-0.0004000000000132786
13429,2031-05-22,1394,Home,North,2,320.54,0.22,Card,11,2.9,500.04,641.08,141.0376,500.04240000000004,2031,May,5,Q2,Thursday,-0.0024000000000228283
13430,2031-05-23,1702,Clothing,West,7,225.58,0.29,Card,1,3.0,1121.13,1579.0600000000002,457.92740000000003,1121.1326000000001,2031,May,5,Q2,Friday,-0.0026000000000294676
13431,2031-05-24,1916,Electronics,South,3,24.38,0.35,Wallet,6,3.6,47.54,73.14,25.599,47.541,2031,May,5,Q2,Saturday,-0.0009999999999976694
13432,2031-05-25,1307,Clothing,North,6,344.03,0.29,Wallet,1,4.3,1465.57,2064.18,598.6121999999999,1465.5677999999998,2031,May,5,Q2,Sunday,0.002200000000129876
13433,2031-05-26,1767,Electronics,West,3,87.4,0.2,Card,9,2.3,209.76,262.20000000000005,52.44000000000001,209.76000000000005,2031,May,5,Q2,Monday,-5.684341886080802e-14
13434,2031-05-27,1182,Beauty,North,2,61.82,0.07,COD,10,4.6,114.99,123.64,8.654800000000002,114.98519999999999,2031,May,5,Q2,Tuesday,0.004800000000003024
13435,2031-05-28,1628,Clothing,South,7,456.97,0.24,COD,5,2.9,2431.08,3198.79,767.7095999999999,2431.0804,2031,May,5,Q2,Wednesday,-0.0003999999998995918
13436,2031-05-29,1793,Electronics,West,1,20.56,0.33,Card,1,3.6,13.78,20.56,6.7848,13.775199999999998,2031,May,5,Q2,Thursday,0.004800000000001248
13437,2031-05-30,1509,Beauty,West,6,576.02,0.07,COD,8,1.4,3214.19,3456.12,241.9284,3214.1916,2031,May,5,Q2,Friday,-0.0016000000000531145
13438,2031-05-31,1707,Clothing,West,1,316.42,0.09,Wallet,1,3.0,287.94,316.42,28.477800000000002,287.9422,2031,May,5,Q2,Saturday,-0.002200000000016189
13439,2031-06-01,1545,Electronics,South,4,590.06,0.05,Card,4,1.1,2242.23,2360.24,118.012,2242.2279999999996,2031,June,6,Q2,Sunday,0.0020000000004074536
13440,2031-06-02,1563,Clothing,East,7,48.93,0.26,Card,7,2.6,253.46,342.51,89.0526,253.4574,2031,June,6,Q2,Monday,0.002600000000001046
13441,2031-06-03,1623,Electronics,West,5,356.36,0.14,Card,4,1.2,1532.35,1781.8000000000002,249.45200000000006,1532.3480000000002,2031,June,6,Q2,Tuesday,0.0019999999997253326
13442,2031-06-04,1763,Home,South,3,219.36,0.02,Card,5,4.6,644.92,658.08,13.161600000000002,644.9184,2031,June,6,Q2,Wednesday,0.0015999999999394277
13443,2031-06-05,1593,Home,North,6,508.44,0.31,Card,7,3.7,2104.94,3050.64,945.6984,2104.9416,2031,June,6,Q2,Thursday,-0.0016000000000531145
13444,2031-06-06,1743,Beauty,North,3,226.32,0.2,Card,4,4.2,543.17,678.96,135.792,543.168,2031,June,6,Q2,Friday,0.0019999999999527063
13445,2031-06-07,1226,Clothing,South,4,167.39,0.12,COD,5,2.9,589.21,669.56,80.34719999999999,589.2128,2031,June,6,Q2,Saturday,-0.0027999999999792635
13446,2031-06-08,1744,Clothing,East,4,516.67,0.12,COD,7,4.4,1818.68,2066.68,248.00159999999997,1818.6783999999998,2031,June,6,Q2,Sunday,0.0016000000002804882
13447,2031-06-09,1732,Home,South,3,234.17,0.1,Card,1,4.5,632.26,702.51,70.251,632.259,2031,June,6,Q2,Monday,0.0009999999999763531
13448,2031-06-10,1435,Electronics,North,6,24.85,0.16,Card,3,2.4,125.24,149.10000000000002,23.856000000000005,125.24400000000001,2031,June,6,Q2,Tuesday,-0.004000000000019099
13449,2031-06-11,1924,Clothing,North,7,243.32,0.12,Wallet,1,2.5,1498.85,1703.24,204.3888,1498.8512,2031,June,6,Q2,Wednesday,-0.0012000000001535227
13450,2031-06-12,1421,Clothing,West,2,397.9,0.19,Wallet,3,3.0,644.6,795.8,151.202,644.598,2031,June,6,Q2,Thursday,0.002000000000066393
13451,2031-06-13,1553,Electronics,East,7,163.8,0.27,Card,11,1.2,837.02,1146.6000000000001,309.58200000000005,837.018,2031,June,6,Q2,Friday,0.0019999999999527063
13452,2031-06-14,1020,Clothing,South,2,267.71,0.24,Card,2,5.0,406.92,535.42,128.5008,406.91919999999993,2031,June,6,Q2,Saturday,0.0008000000000834007
13453,2031-06-15,1553,Beauty,North,5,48.18,0.1,Wallet,5,2.4,216.81,240.9,24.090000000000003,216.81,2031,June,6,Q2,Sunday,0.0
13454,2031-06-16,1396,Beauty,North,7,359.03,0.19,Card,10,2.9,2035.7,2513.21,477.5099,2035.7001,2031,June,6,Q2,Monday,-9.999999997489795e-05
13455,2031-06-17,1624,Electronics,North,3,457.43,0.29,Card,5,4.0,974.33,1372.29,397.9641,974.3259,2031,June,6,Q2,Tuesday,0.004099999999993997
13456,2031-06-18,1104,Electronics,South,3,256.79,0.02,Card,10,2.2,754.96,770.3700000000001,15.407400000000003,754.9626000000001,2031,June,6,Q2,Wednesday,-0.0026000000000294676
13457,2031-06-19,1191,Electronics,South,6,260.84,0.03,Card,9,1.8,1518.09,1565.04,46.9512,1518.0888,2031,June,6,Q2,Thursday,0.001199999999926149
13458,2031-06-20,1016,Beauty,East,3,66.65,0.19,Card,8,1.5,161.96,199.95000000000002,37.990500000000004,161.95950000000002,2031,June,6,Q2,Friday,0.0004999999999881766
13459,2031-06-21,1119,Electronics,West,6,133.14,0.22,Card,3,3.1,623.1,798.8399999999999,175.74479999999997,623.0952,2031,June,6,Q2,Saturday,0.004800000000045657
13460,2031-06-22,1392,Home,West,3,105.49,0.07,COD,1,1.0,294.32,316.46999999999997,22.1529,294.3171,2031,June,6,Q2,Sunday,0.002900000000011005
13461,2031-06-23,1424,Electronics,West,4,296.79,0.26,Wallet,5,3.8,878.5,1187.16,308.6616,878.4984000000001,2031,June,6,Q2,Monday,0.0015999999999394277
13462,2031-06-24,1128,Clothing,North,1,324.61,0.23,Wallet,11,2.8,249.95,324.61,74.6603,249.9497,2031,June,6,Q2,Tuesday,0.00029999999998153726
13463,2031-06-25,1129,Clothing,West,3,570.13,0.32,Card,3,3.1,1163.07,1710.3899999999999,547.3248,1163.0652,2031,June,6,Q2,Wednesday,0.00479999999993197
13464,2031-06-26,1571,Home,North,1,57.84,0.06,Card,5,2.1,54.37,57.84,3.4704,54.369600000000005,2031,June,6,Q2,Thursday,0.00039999999999196234
13465,2031-06-27,1559,Electronics,East,2,365.92,0.26,COD,9,1.7,541.56,731.84,190.2784,541.5616,2031,June,6,Q2,Friday,-0.0016000000000531145
13466,2031-06-28,1028,Clothing,North,5,323.0,0.03,COD,11,3.8,1566.55,1615.0,48.449999999999996,1566.55,2031,June,6,Q2,Saturday,0.0
13467,2031-06-29,1096,Electronics,East,7,317.0,0.2,Card,1,1.8,1775.2,2219.0,443.8,1775.2,2031,June,6,Q2,Sunday,0.0
13468,2031-06-30,1009,Home,East,7,525.8,0.19,Card,1,4.1,2981.29,3680.5999999999995,699.3139999999999,2981.2859999999996,2031,June,6,Q2,Monday,0.00400000000036016
13469,2031-07-01,1241,Beauty,West,2,135.24,0.14,Card,9,1.8,232.61,270.48,37.867200000000004,232.61280000000002,2031,July,7,Q3,Tuesday,-0.0028000000000076852
13470,2031-07-02,1825,Electronics,West,3,38.85,0.3,Card,3,3.5,81.59,116.55000000000001,34.965,81.58500000000001,2031,July,7,Q3,Wednesday,0.0049999999999954525
13471,2031-07-03,1955,Beauty,North,7,408.28,0.0,Card,10,3.6,2857.96,2857.96,0.0,2857.96,2031,July,7,Q3,Thursday,0.0
13472,2031-07-04,1231,Clothing,South,6,216.92,0.18,Wallet,5,3.0,1067.25,1301.52,234.2736,1067.2464,2031,July,7,Q3,Friday,0.0036000000000058208
13473,2031-07-05,1788,Electronics,West,2,25.29,0.08,Card,9,5.0,46.53,50.58,4.0464,46.5336,2031,July,7,Q3,Saturday,-0.0035999999999987153
13474,2031-07-06,1283,Clothing,West,4,162.05,0.26,Wallet,11,2.5,479.67,648.2,168.532,479.668,2031,July,7,Q3,Sunday,0.0020000000000095497
13475,2031-07-07,1714,Electronics,South,1,195.96,0.02,Wallet,5,4.5,192.04,195.96,3.9192000000000005,192.04080000000002,2031,July,7,Q3,Monday,-0.0008000000000265572
13476,2031-07-08,1758,Home,South,6,375.85,0.29,Card,3,1.7,1601.12,2255.1000000000004,653.979,1601.1210000000003,2031,July,7,Q3,Tuesday,-0.0010000000004311005
13477,2031-07-09,1801,Home,West,7,115.96,0.29,COD,9,2.3,576.32,811.7199999999999,235.39879999999997,576.3212,2031,July,7,Q3,Wednesday,-0.001199999999926149
13478,2031-07-10,1775,Electronics,South,6,256.64,0.29,COD,7,1.6,1093.29,1539.84,446.55359999999996,1093.2864,2031,July,7,Q3,Thursday,0.0036000000000058208
13479,2031-07-11,1954,Clothing,North,3,297.25,0.05,Card,7,3.4,847.16,891.75,44.587500000000006,847.1625,2031,July,7,Q3,Friday,-0.0025000000000545697
13480,2031-07-12,1725,Home,East,4,283.65,0.22,Card,8,3.6,884.99,1134.6,249.612,884.9879999999999,2031,July,7,Q3,Saturday,0.002000000000066393
13481,2031-07-13,1199,Beauty,East,1,584.76,0.01,COD,11,2.8,578.91,584.76,5.8476,578.9123999999999,2031,July,7,Q3,Sunday,-0.002399999999965985
13482,2031-07-14,1944,Clothing,West,4,41.62,0.3,COD,5,3.9,116.54,166.48,49.943999999999996,116.536,2031,July,7,Q3,Monday,0.0040000000000048885
13483,2031-07-15,1078,Beauty,West,2,571.32,0.25,COD,2,4.5,856.98,1142.64,285.66,856.98,2031,July,7,Q3,Tuesday,0.0
13484,2031-07-16,1912,Clothing,North,3,355.43,0.19,COD,11,4.1,863.69,1066.29,202.5951,863.6949,2031,July,7,Q3,Wednesday,-0.004899999999906868
13485,2031-07-17,1955,Clothing,South,6,480.5,0.26,Card,9,2.0,2133.42,2883.0,749.58,2133.42,2031,July,7,Q3,Thursday,0.0
13486,2031-07-18,1854,Home,West,6,266.78,0.03,COD,3,2.3,1552.66,1600.6799999999998,48.020399999999995,1552.6596,2031,July,7,Q3,Friday,0.00040000000012696546
13487,2031-07-19,1855,Clothing,East,2,280.5,0.19,Card,11,2.5,454.41,561.0,106.59,454.40999999999997,2031,July,7,Q3,Saturday,5.684341886080802e-14
13488,2031-07-20,1172,Clothing,North,6,529.41,0.1,COD,2,1.8,2858.81,3176.46,317.646,2858.814,2031,July,7,Q3,Sunday,-0.0039999999999054126
13489,2031-07-21,1466,Clothing,North,5,539.12,0.34,Wallet,10,2.4,1779.1,2695.6,916.504,1779.096,2031,July,7,Q3,Monday,0.0039999999999054126
13490,2031-07-22,1580,Home,South,3,154.63,0.3,COD,10,2.0,324.72,463.89,139.167,324.72299999999996,2031,July,7,Q3,Tuesday,-0.0029999999999290594
13491,2031-07-23,1415,Home,West,2,131.56,0.26,COD,5,5.0,194.71,263.12,68.41120000000001,194.7088,2031,July,7,Q3,Wednesday,0.0012000000000114142
13492,2031-07-24,1939,Clothing,West,3,305.3,0.33,COD,8,4.1,613.65,915.9000000000001,302.24700000000007,613.653,2031,July,7,Q3,Thursday,-0.0030000000000427463
13493,2031-07-25,1448,Electronics,North,1,541.66,0.12,COD,3,4.4,476.66,541.66,64.99919999999999,476.6608,2031,July,7,Q3,Friday,-0.0007999999999697138
13494,2031-07-26,1086,Clothing,East,3,203.58,0.32,COD,6,4.7,415.3,610.74,195.4368,415.3032,2031,July,7,Q3,Saturday,-0.003199999999992542
13495,2031-07-27,1100,Clothing,West,3,396.43,0.11,Card,9,3.7,1058.47,1189.29,130.8219,1058.4681,2031,July,7,Q3,Sunday,0.0018999999999778083
13496,2031-07-28,1007,Electronics,East,1,429.27,0.26,Wallet,2,1.7,317.66,429.27,111.6102,317.65979999999996,2031,July,7,Q3,Monday,0.00020000000006348273
13497,2031-07-29,1844,Home,North,2,470.52,0.26,Card,8,4.0,696.37,941.04,244.6704,696.3696,2031,July,7,Q3,Tuesday,0.0004000000000132786
13498,2031-07-30,1199,Clothing,West,3,344.9,0.01,Card,10,1.1,1024.35,1034.6999999999998,10.346999999999998,1024.3529999999998,2031,July,7,Q3,Wednesday,-0.0029999999999290594
13499,2031-07-31,1504,Electronics,East,4,250.44,0.13,Card,7,1.5,871.53,1001.76,130.2288,871.5312,2031,July,7,Q3,Thursday,-0.0012000000000398359
13500,2031-08-01,1086,Electronics,North,3,580.7,0.01,Card,3,1.1,1724.68,1742.1000000000001,17.421000000000003,1724.679,2031,August,8,Q3,Friday,0.0009999999999763531
13501,2031-08-02,1042,Electronics,East,2,372.63,0.35,COD,1,1.5,484.42,745.26,260.841,484.419,2031,August,8,Q3,Saturday,0.0010000000000331966
13502,2031-08-03,1384,Beauty,West,6,441.21,0.04,Card,6,4.0,2541.37,2647.2599999999998,105.8904,2541.3696,2031,August,8,Q3,Sunday,0.0003999999998995918
13503,2031-08-04,1620,Electronics,South,7,216.81,0.19,Wallet,2,4.5,1229.31,1517.67,288.3573,1229.3127,2031,August,8,Q3,Monday,-0.0027000000000043656
13504,2031-08-05,1434,Electronics,East,1,406.92,0.28,Card,3,2.1,292.98,406.92,113.93760000000002,292.9824,2031,August,8,Q3,Tuesday,-0.002399999999965985
13505,2031-08-06,1407,Clothing,South,6,165.81,0.07,Card,5,1.5,925.22,994.86,69.64020000000001,925.2198,2031,August,8,Q3,Wednesday,0.00020000000006348273
13506,2031-08-07,1482,Electronics,West,2,158.38,0.17,Card,11,2.1,262.91,316.76,53.8492,262.9108,2031,August,8,Q3,Thursday,-0.0007999999999697138
13507,2031-08-08,1663,Electronics,South,5,433.11,0.21,COD,8,3.6,1710.78,2165.55,454.76550000000003,1710.7845000000002,2031,August,8,Q3,Friday,-0.00450000000023465
13508,2031-08-09,1016,Electronics,North,7,320.02,0.06,Wallet,2,2.4,2105.73,2240.14,134.4084,2105.7316,2031,August,8,Q3,Saturday,-0.0016000000000531145
13509,2031-08-10,1644,Clothing,South,6,414.72,0.27,COD,6,4.8,1816.47,2488.32,671.8464000000001,1816.4736,2031,August,8,Q3,Sunday,-0.0036000000000058208
13510,2031-08-11,1147,Clothing,East,3,172.62,0.1,Card,1,1.5,466.07,517.86,51.786,466.074,2031,August,8,Q3,Monday,-0.004000000000019099
13511,2031-08-12,1276,Clothing,East,7,365.25,0.07,Wallet,7,5.0,2377.78,2556.75,178.97250000000003,2377.7775,2031,August,8,Q3,Tuesday,0.0025000000000545697
13512,2031-08-13,1231,Clothing,South,3,274.7,0.2,Card,4,1.0,659.28,824.0999999999999,164.82,659.28,2031,August,8,Q3,Wednesday,0.0
13513,2031-08-14,1825,Beauty,North,1,364.22,0.14,COD,1,2.8,313.23,364.22,50.99080000000001,313.2292,2031,August,8,Q3,Thursday,0.0008000000000265572
13514,2031-08-15,1926,Clothing,West,3,185.16,0.32,Card,9,2.0,377.73,555.48,177.7536,377.7264,2031,August,8,Q3,Friday,0.0036000000000058208
13515,2031-08-16,1365,Electronics,South,7,433.54,0.31,Card,9,3.3,2094.0,3034.78,940.7818000000001,2093.9982,2031,August,8,Q3,Saturday,0.0018000000000029104
13516,2031-08-17,1227,Electronics,East,4,486.47,0.17,Card,11,1.4,1615.08,1945.88,330.79960000000005,1615.0804,2031,August,8,Q3,Sunday,-0.00040000000012696546
13517,2031-08-18,1650,Clothing,East,4,167.05,0.13,Card,3,4.5,581.33,668.2,86.86600000000001,581.3340000000001,2031,August,8,Q3,Monday,-0.004000000000019099
13518,2031-08-19,1435,Home,South,6,190.86,0.11,Wallet,6,1.5,1019.19,1145.16,125.9676,1019.1924000000001,2031,August,8,Q3,Tuesday,-0.0024000000000796717
13519,2031-08-20,1398,Electronics,South,2,401.78,0.09,COD,7,3.3,731.24,803.56,72.32039999999999,731.2396,2031,August,8,Q3,Wednesday,0.0004000000000132786
13520,2031-08-21,1210,Home,South,1,421.92,0.19,Wallet,4,1.1,341.76,421.92,80.1648,341.7552,2031,August,8,Q3,Thursday,0.004799999999988813
13521,2031-08-22,1390,Electronics,West,5,426.9,0.28,COD,6,2.2,1536.84,2134.5,597.6600000000001,1536.84,2031,August,8,Q3,Friday,0.0
13522,2031-08-23,1498,Clothing,East,6,414.38,0.11,COD,9,1.6,2212.79,2486.2799999999997,273.4908,2212.7891999999997,2031,August,8,Q3,Saturday,0.0008000000002539309
13523,2031-08-24,1539,Home,East,2,244.79,0.07,COD,10,4.9,455.31,489.58,34.2706,455.3094,2031,August,8,Q3,Sunday,0.0006000000000199179
13524,2031-08-25,1562,Electronics,East,1,245.99,0.17,Wallet,6,1.0,204.17,245.99,41.81830000000001,204.1717,2031,August,8,Q3,Monday,-0.0016999999999995907
13525,2031-08-26,1490,Clothing,West,7,164.07,0.02,Card,7,2.4,1125.52,1148.49,22.9698,1125.5202,2031,August,8,Q3,Tuesday,-0.0001999999999497959
13526,2031-08-27,1441,Electronics,North,1,106.75,0.25,Card,6,2.2,80.06,106.75,26.6875,80.0625,2031,August,8,Q3,Wednesday,-0.0024999999999977263
13527,2031-08-28,1260,Home,East,7,420.16,0.18,COD,7,3.6,2411.72,2941.1200000000003,529.4016,2411.7184,2031,August,8,Q3,Thursday,0.0015999999995983671
13528,2031-08-29,1772,Electronics,East,6,69.52,0.17,Wallet,1,1.2,346.21,417.12,70.91040000000001,346.2096,2031,August,8,Q3,Friday,0.0003999999999564352
13529,2031-08-30,1349,Beauty,North,2,563.61,0.11,Wallet,6,4.2,1003.23,1127.22,123.9942,1003.2258,2031,August,8,Q3,Saturday,0.004199999999968895
13530,2031-08-31,1351,Electronics,West,2,498.61,0.32,COD,9,2.9,678.11,997.22,319.1104,678.1096,2031,August,8,Q3,Sunday,0.0004000000000132786
13531,2031-09-01,1519,Beauty,North,3,516.64,0.03,Card,11,2.8,1503.42,1549.92,46.4976,1503.4224000000002,2031,September,9,Q3,Monday,-0.0024000000000796717
13532,2031-09-02,1319,Clothing,North,5,545.4,0.3,Card,3,1.9,1908.9,2727.0,818.1,1908.9,2031,September,9,Q3,Tuesday,0.0
13533,2031-09-03,1137,Home,North,4,254.03,0.13,Wallet,6,3.0,884.02,1016.12,132.09560000000002,884.0244,2031,September,9,Q3,Wednesday,-0.004400000000032378
13534,2031-09-04,1549,Electronics,North,3,510.32,0.31,Card,4,2.5,1056.36,1530.96,474.5976,1056.3624,2031,September,9,Q3,Thursday,-0.0024000000000796717
13535,2031-09-05,1622,Beauty,West,1,107.47,0.26,Card,7,2.0,79.53,107.47,27.9422,79.5278,2031,September,9,Q3,Friday,0.002200000000001978
13536,2031-09-06,1991,Electronics,West,5,27.66,0.04,Wallet,7,1.7,132.77,138.3,5.532000000000001,132.768,2031,September,9,Q3,Saturday,0.0020000000000095497
13537,2031-09-07,1367,Electronics,North,5,474.16,0.29,Card,9,3.9,1683.27,2370.8,687.532,1683.268,2031,September,9,Q3,Sunday,0.0019999999999527063
13538,2031-09-08,1219,Clothing,South,2,58.76,0.24,COD,4,1.6,89.32,117.52,28.2048,89.3152,2031,September,9,Q3,Monday,0.004799999999988813
13539,2031-09-09,1336,Electronics,South,5,593.29,0.01,COD,8,1.7,2936.79,2966.45,29.6645,2936.7855,2031,September,9,Q3,Tuesday,0.004500000000007276
13540,2031-09-10,1222,Electronics,South,6,409.76,0.05,Card,8,3.3,2335.63,2458.56,122.928,2335.632,2031,September,9,Q3,Wednesday,-0.0019999999999527063
13541,2031-09-11,1647,Beauty,South,5,455.77,0.22,Card,8,1.9,1777.5,2278.85,501.347,1777.503,2031,September,9,Q3,Thursday,-0.0029999999999290594
13542,2031-09-12,1767,Beauty,East,1,158.8,0.23,Card,8,2.8,122.28,158.8,36.524,122.27600000000001,2031,September,9,Q3,Friday,0.003999999999990678
13543,2031-09-13,1359,Clothing,West,6,409.21,0.26,COD,6,3.2,1816.89,2455.2599999999998,638.3675999999999,1816.8923999999997,2031,September,9,Q3,Saturday,-0.0023999999996249244
13544,2031-09-14,1920,Beauty,West,6,40.28,0.25,COD,8,2.1,181.26,241.68,60.42,181.26,2031,September,9,Q3,Sunday,0.0
13545,2031-09-15,1328,Clothing,North,3,505.13,0.23,Card,6,2.4,1166.85,1515.3899999999999,348.5397,1166.8502999999998,2031,September,9,Q3,Monday,-0.00029999999992469384
13546,2031-09-16,1961,Electronics,East,5,114.23,0.27,Wallet,10,1.8,416.94,571.15,154.2105,416.93949999999995,2031,September,9,Q3,Tuesday,0.00050000000004502
13547,2031-09-17,1462,Home,North,2,422.95,0.2,Card,2,2.8,676.72,845.9,169.18,676.72,2031,September,9,Q3,Wednesday,0.0
13548,2031-09-18,1945,Home,North,7,146.32,0.09,Card,3,5.0,932.06,1024.24,92.1816,932.0584,2031,September,9,Q3,Thursday,0.0015999999999394277
13549,2031-09-19,1962,Beauty,West,3,55.05,0.32,Card,6,2.5,112.3,165.14999999999998,52.84799999999999,112.30199999999999,2031,September,9,Q3,Friday,-0.001999999999995339
13550,2031-09-20,1560,Electronics,East,2,296.67,0.01,Card,7,3.6,587.41,593.34,5.933400000000001,587.4066,2031,September,9,Q3,Saturday,0.003399999999942338
13551,2031-09-21,1803,Home,South,5,114.03,0.13,Wallet,4,3.5,496.03,570.15,74.1195,496.03049999999996,2031,September,9,Q3,Sunday,-0.0004999999999881766
13552,2031-09-22,1381,Electronics,West,3,441.72,0.26,Card,1,4.1,980.62,1325.16,344.5416,980.6184000000001,2031,September,9,Q3,Monday,0.0015999999999394277
13553,2031-09-23,1835,Electronics,East,5,153.98,0.15,Card,4,3.8,654.42,769.9,115.48499999999999,654.415,2031,September,9,Q3,Tuesday,0.0049999999999954525
13554,2031-09-24,1589,Electronics,East,1,215.35,0.01,Wallet,6,1.0,213.2,215.35,2.1535,213.1965,2031,September,9,Q3,Wednesday,0.003500000000002501
13555,2031-09-25,1616,Beauty,West,3,346.95,0.02,COD,8,2.2,1020.03,1040.85,20.817,1020.0329999999999,2031,September,9,Q3,Thursday,-0.0029999999999290594
13556,2031-09-26,1168,Home,West,2,181.71,0.23,Card,4,4.5,279.83,363.42,83.5866,279.8334,2031,September,9,Q3,Friday,-0.0033999999999991815
13557,2031-09-27,1216,Home,North,1,236.12,0.34,Wallet,10,3.2,155.84,236.12,80.28080000000001,155.8392,2031,September,9,Q3,Saturday,0.0007999999999981355
13558,2031-09-28,1377,Clothing,North,4,492.14,0.19,COD,1,1.4,1594.53,1968.56,374.02639999999997,1594.5336,2031,September,9,Q3,Sunday,-0.0036000000000058208
13559,2031-09-29,1118,Electronics,North,2,119.84,0.18,Card,5,2.1,196.54,239.68,43.1424,196.5376,2031,September,9,Q3,Monday,0.0023999999999944066
13560,2031-09-30,1189,Electronics,South,7,63.09,0.11,COD,7,2.1,393.05,441.63,48.579299999999996,393.0507,2031,September,9,Q3,Tuesday,-0.0006999999999948159
13561,2031-10-01,1766,Electronics,West,5,207.09,0.09,Wallet,6,4.5,942.26,1035.45,93.1905,942.2595,2031,October,10,Q4,Wednesday,0.0004999999999881766
13562,2031-10-02,1369,Clothing,East,2,263.26,0.01,COD,3,3.2,521.25,526.52,5.2652,521.2547999999999,2031,October,10,Q4,Thursday,-0.00479999999993197
13563,2031-10-03,1777,Home,West,4,332.46,0.1,COD,7,3.4,1196.86,1329.84,132.984,1196.856,2031,October,10,Q4,Friday,0.0039999999999054126
13564,2031-10-04,1148,Clothing,East,2,232.87,0.16,Wallet,4,2.5,391.22,465.74,74.5184,391.2216,2031,October,10,Q4,Saturday,-0.001599999999996271
13565,2031-10-05,1675,Electronics,South,1,477.1,0.07,COD,5,1.2,443.7,477.1,33.397000000000006,443.70300000000003,2031,October,10,Q4,Sunday,-0.0030000000000427463
13566,2031-10-06,1651,Electronics,West,6,38.0,0.03,Card,11,1.3,221.16,228.0,6.84,221.16,2031,October,10,Q4,Monday,0.0
13567,2031-10-07,1858,Electronics,East,2,267.58,0.25,Card,7,2.7,401.37,535.16,133.79,401.37,2031,October,10,Q4,Tuesday,0.0
13568,2031-10-08,1487,Clothing,East,3,238.62,0.31,COD,2,1.7,493.94,715.86,221.91660000000002,493.9434,2031,October,10,Q4,Wednesday,-0.0033999999999991815
13569,2031-10-09,1769,Beauty,North,7,393.83,0.33,Card,4,1.4,1847.06,2756.81,909.7473,1847.0627,2031,October,10,Q4,Thursday,-0.0027000000000043656
13570,2031-10-10,1373,Clothing,South,4,580.27,0.22,Wallet,4,2.0,1810.44,2321.08,510.63759999999996,1810.4424,2031,October,10,Q4,Friday,-0.002399999999852298
13571,2031-10-11,1780,Home,West,2,313.57,0.02,Card,6,4.0,614.6,627.14,12.5428,614.5971999999999,2031,October,10,Q4,Saturday,0.0028000000000929504
13572,2031-10-12,1692,Clothing,North,4,592.32,0.26,COD,11,1.3,1753.27,2369.28,616.0128000000001,1753.2672000000002,2031,October,10,Q4,Sunday,0.00279999999975189
13573,2031-10-13,1159,Clothing,South,6,191.82,0.04,COD,7,2.8,1104.88,1150.92,46.03680000000001,1104.8832,2031,October,10,Q4,Monday,-0.0031999999998788553
13574,2031-10-14,1350,Electronics,North,1,33.06,0.23,COD,4,4.3,25.46,33.06,7.603800000000001,25.456200000000003,2031,October,10,Q4,Tuesday,0.0037999999999982492
13575,2031-10-15,1911,Beauty,West,3,111.91,0.27,Card,10,2.1,245.08,335.73,90.64710000000001,245.0829,2031,October,10,Q4,Wednesday,-0.002899999999982583
13576,2031-10-16,1287,Home,East,5,246.15,0.25,Card,1,2.2,923.06,1230.75,307.6875,923.0625,2031,October,10,Q4,Thursday,-0.0025000000000545697
13577,2031-10-17,1287,Electronics,West,2,200.06,0.33,COD,1,4.5,268.08,400.12,132.0396,268.0804,2031,October,10,Q4,Friday,-0.0004000000000132786
13578,2031-10-18,1891,Clothing,South,1,71.78,0.26,Wallet,5,3.6,53.12,71.78,18.6628,53.1172,2031,October,10,Q4,Saturday,0.00280000000000058
13579,2031-10-19,1225,Clothing,West,4,268.11,0.24,COD,1,4.2,815.05,1072.44,257.3856,815.0544,2031,October,10,Q4,Sunday,-0.004400000000032378
13580,2031-10-20,1522,Clothing,South,6,212.8,0.09,Card,3,2.2,1161.89,1276.8000000000002,114.912,1161.8880000000001,2031,October,10,Q4,Monday,0.0019999999999527063
13581,2031-10-21,1521,Beauty,North,7,86.73,0.32,Card,9,5.0,412.83,607.11,194.2752,412.8348,2031,October,10,Q4,Tuesday,-0.004799999999988813
13582,2031-10-22,1782,Clothing,South,4,188.23,0.06,Wallet,3,1.6,707.74,752.92,45.1752,707.7447999999999,2031,October,10,Q4,Wednesday,-0.00479999999993197
13583,2031-10-23,1272,Clothing,East,7,533.57,0.32,Wallet,3,4.8,2539.79,3734.9900000000002,1195.1968000000002,2539.7932,2031,October,10,Q4,Thursday,-0.003200000000106229
13584,2031-10-24,1935,Electronics,East,6,191.7,0.11,Card,9,4.6,1023.68,1150.1999999999998,126.52199999999998,1023.6779999999999,2031,October,10,Q4,Friday,0.002000000000066393
13585,2031-10-25,1401,Electronics,East,7,432.66,0.05,COD,5,3.2,2877.19,3028.6200000000003,151.431,2877.1890000000003,2031,October,10,Q4,Saturday,0.0009999999997489795
13586,2031-10-26,1182,Electronics,North,6,373.05,0.29,Card,8,3.3,1589.19,2238.3,649.107,1589.1930000000002,2031,October,10,Q4,Sunday,-0.003000000000156433
13587,2031-10-27,1968,Electronics,South,1,264.9,0.0,COD,10,4.1,264.9,264.9,0.0,264.9,2031,October,10,Q4,Monday,0.0
13588,2031-10-28,1664,Home,North,2,154.83,0.29,Wallet,9,2.2,219.86,309.66,89.8014,219.85860000000002,2031,October,10,Q4,Tuesday,0.0013999999999896318
13589,2031-10-29,1487,Home,West,5,230.87,0.09,Card,6,3.1,1050.46,1154.35,103.8915,1050.4585,2031,October,10,Q4,Wednesday,0.0015000000000782165
13590,2031-10-30,1826,Electronics,West,2,361.38,0.31,COD,7,4.6,498.7,722.76,224.0556,498.70439999999996,2031,October,10,Q4,Thursday,-0.004399999999975535
13591,2031-10-31,1845,Home,West,3,220.19,0.24,Card,7,1.3,502.03,660.5699999999999,158.53679999999997,502.03319999999997,2031,October,10,Q4,Friday,-0.003199999999992542
13592,2031-11-01,1123,Electronics,West,2,140.71,0.23,Card,7,4.6,216.69,281.42,64.7266,216.6934,2031,November,11,Q4,Saturday,-0.0033999999999991815
13593,2031-11-02,1984,Electronics,East,6,83.13,0.13,COD,4,3.9,433.94,498.78,64.8414,433.93859999999995,2031,November,11,Q4,Sunday,0.0014000000000464752
13594,2031-11-03,1625,Electronics,South,6,529.66,0.02,Card,2,4.1,3114.4,3177.96,63.559200000000004,3114.4008,2031,November,11,Q4,Monday,-0.0007999999997991836
13595,2031-11-04,1789,Clothing,East,3,272.58,0.29,COD,2,1.3,580.6,817.74,237.1446,580.5954,2031,November,11,Q4,Tuesday,0.004599999999982174
13596,2031-11-05,1413,Electronics,South,4,380.75,0.06,Card,7,1.8,1431.62,1523.0,91.38,1431.62,2031,November,11,Q4,Wednesday,0.0
13597,2031-11-06,1979,Clothing,South,6,301.89,0.13,COD,10,4.7,1575.87,1811.34,235.4742,1575.8658,2031,November,11,Q4,Thursday,0.0041999999998552084
13598,2031-11-07,1724,Clothing,North,3,525.45,0.21,Card,7,1.5,1245.32,1576.3500000000001,331.0335,1245.3165000000001,2031,November,11,Q4,Friday,0.003499999999803549
13599,2031-11-08,1171,Beauty,West,6,334.96,0.17,COD,10,3.5,1668.1,2009.7599999999998,341.6592,1668.1007999999997,2031,November,11,Q4,Saturday,-0.0007999999997991836
13600,2031-11-09,1287,Electronics,South,5,296.26,0.07,COD,7,4.1,1377.61,1481.3,103.691,1377.609,2031,November,11,Q4,Sunday,0.0009999999999763531
13601,2031-11-10,1434,Electronics,West,6,555.89,0.05,Wallet,8,1.9,3168.57,3335.34,166.76700000000002,3168.5730000000003,2031,November,11,Q4,Monday,-0.003000000000156433
13602,2031-11-11,1685,Electronics,West,1,436.02,0.04,Wallet,3,3.8,418.58,436.02,17.4408,418.57919999999996,2031,November,11,Q4,Tuesday,0.0008000000000265572
13603,2031-11-12,1112,Clothing,West,3,80.26,0.3,Card,11,1.3,168.55,240.78000000000003,72.23400000000001,168.54600000000002,2031,November,11,Q4,Wednesday,0.003999999999990678
13604,2031-11-13,1887,Electronics,East,7,118.96,0.01,Card,5,3.0,824.39,832.7199999999999,8.3272,824.3928,2031,November,11,Q4,Thursday,-0.0027999999999792635
13605,2031-11-14,1916,Home,West,2,475.47,0.34,COD,6,2.3,627.62,950.94,323.31960000000004,627.6204,2031,November,11,Q4,Friday,-0.0004000000000132786
13606,2031-11-15,1994,Clothing,South,3,503.97,0.07,COD,8,3.6,1406.08,1511.91,105.83370000000002,1406.0763000000002,2031,November,11,Q4,Saturday,0.003699999999753345
13607,2031-11-16,1121,Clothing,East,4,333.94,0.04,Card,8,4.6,1282.33,1335.76,53.4304,1282.3296,2031,November,11,Q4,Sunday,0.0003999999998995918
13608,2031-11-17,1543,Clothing,West,6,339.36,0.2,Card,10,1.5,1628.93,2036.16,407.232,1628.928,2031,November,11,Q4,Monday,0.0019999999999527063
13609,2031-11-18,1221,Electronics,North,3,384.68,0.03,COD,3,2.8,1119.42,1154.04,34.621199999999995,1119.4188,2031,November,11,Q4,Tuesday,0.0012000000001535227
13610,2031-11-19,1630,Electronics,West,5,271.88,0.21,Wallet,4,2.7,1073.93,1359.4,285.474,1073.9260000000002,2031,November,11,Q4,Wednesday,0.0039999999999054126
13611,2031-11-20,1038,Electronics,West,3,412.92,0.3,Wallet,6,2.3,867.13,1238.76,371.628,867.1320000000001,2031,November,11,Q4,Thursday,-0.002000000000066393
13612,2031-11-21,1496,Clothing,East,5,78.46,0.02,Card,4,2.9,384.45,392.29999999999995,7.845999999999999,384.45399999999995,2031,November,11,Q4,Friday,-0.003999999999962256
13613,2031-11-22,1779,Electronics,South,6,577.35,0.28,Card,10,4.5,2494.15,3464.1000000000004,969.9480000000002,2494.152,2031,November,11,Q4,Saturday,-0.0019999999999527063
13614,2031-11-23,1232,Electronics,West,2,453.84,0.14,Card,4,4.9,780.6,907.68,127.07520000000001,780.6048,2031,November,11,Q4,Sunday,-0.00479999999993197
13615,2031-11-24,1942,Beauty,East,6,384.24,0.06,COD,5,1.0,2167.11,2305.44,138.3264,2167.1136,2031,November,11,Q4,Monday,-0.0036000000000058208
13616,2031-11-25,1529,Electronics,East,4,200.05,0.06,COD,10,4.0,752.19,800.2,48.012,752.1880000000001,2031,November,11,Q4,Tuesday,0.0019999999999527063
13617,2031-11-26,1148,Home,South,1,109.16,0.32,COD,7,3.5,74.23,109.16,34.9312,74.2288,2031,November,11,Q4,Wednesday,0.0011999999999972033
13618,2031-11-27,1396,Home,East,2,254.47,0.04,COD,2,5.0,488.58,508.94,20.3576,488.5824,2031,November,11,Q4,Thursday,-0.0024000000000228283
13619,2031-11-28,1660,Electronics,South,2,402.02,0.3,Card,2,1.4,562.83,804.04,241.212,562.828,2031,November,11,Q4,Friday,0.002000000000066393
13620,2031-11-29,1637,Electronics,North,1,385.72,0.19,Card,10,4.2,312.43,385.72,73.2868,312.43320000000006,2031,November,11,Q4,Saturday,-0.0032000000000493856
13621,2031-11-30,1903,Electronics,West,3,238.85,0.01,Wallet,9,4.7,709.38,716.55,7.1655,709.3845,2031,November,11,Q4,Sunday,-0.004500000000007276
13622,2031-12-01,1301,Home,East,6,373.77,0.16,Card,4,4.6,1883.8,2242.62,358.81919999999997,1883.8008,2031,December,12,Q4,Monday,-0.0008000000000265572
13623,2031-12-02,1359,Clothing,North,3,491.04,0.29,Card,5,3.2,1045.92,1473.1200000000001,427.2048,1045.9152000000001,2031,December,12,Q4,Tuesday,0.00479999999993197
13624,2031-12-03,1237,Home,East,3,30.38,0.25,COD,3,2.3,68.36,91.14,22.785,68.355,2031,December,12,Q4,Wednesday,0.0049999999999954525
13625,2031-12-04,1646,Beauty,East,6,278.61,0.17,COD,2,3.6,1387.48,1671.66,284.1822,1387.4778000000001,2031,December,12,Q4,Thursday,0.002199999999902502
13626,2031-12-05,1662,Home,North,4,458.75,0.3,Wallet,10,2.2,1284.5,1835.0,550.5,1284.5,2031,December,12,Q4,Friday,0.0
13627,2031-12-06,1235,Electronics,East,2,334.49,0.04,Card,8,2.6,642.22,668.98,26.7592,642.2208,2031,December,12,Q4,Saturday,-0.0008000000000265572
13628,2031-12-07,1735,Electronics,East,5,396.11,0.32,COD,4,2.8,1346.77,1980.5500000000002,633.7760000000001,1346.7740000000001,2031,December,12,Q4,Sunday,-0.004000000000132786
13629,2031-12-08,1202,Home,North,1,317.26,0.3,COD,1,2.2,222.08,317.26,95.178,222.082,2031,December,12,Q4,Monday,-0.001999999999981128
13630,2031-12-09,1255,Electronics,East,2,595.25,0.25,Wallet,6,2.4,892.88,1190.5,297.625,892.875,2031,December,12,Q4,Tuesday,0.0049999999999954525
13631,2031-12-10,1597,Electronics,South,3,46.95,0.29,COD,6,1.0,100.0,140.85000000000002,40.846500000000006,100.00350000000002,2031,December,12,Q4,Wednesday,-0.003500000000016712
13632,2031-12-11,1661,Home,East,1,302.26,0.19,Wallet,2,2.2,244.83,302.26,57.4294,244.8306,2031,December,12,Q4,Thursday,-0.0005999999999914962
13633,2031-12-12,1234,Clothing,West,5,68.48,0.24,Card,2,2.9,260.22,342.40000000000003,82.176,260.22400000000005,2031,December,12,Q4,Friday,-0.004000000000019099
13634,2031-12-13,1344,Beauty,East,2,108.47,0.2,COD,8,1.7,173.55,216.94,43.388000000000005,173.552,2031,December,12,Q4,Saturday,-0.001999999999981128
13635,2031-12-14,1533,Home,West,2,239.08,0.12,Card,11,4.2,420.78,478.16,57.379200000000004,420.7808,2031,December,12,Q4,Sunday,-0.0008000000000265572
13636,2031-12-15,1859,Electronics,West,4,105.99,0.2,Card,7,3.2,339.17,423.96,84.792,339.168,2031,December,12,Q4,Monday,0.0020000000000095497
13637,2031-12-16,1796,Beauty,East,2,578.76,0.09,Card,2,4.2,1053.34,1157.52,104.1768,1053.3432,2031,December,12,Q4,Tuesday,-0.003200000000106229
13638,2031-12-17,1780,Electronics,North,2,568.87,0.15,COD,10,1.5,967.08,1137.74,170.661,967.079,2031,December,12,Q4,Wednesday,0.00100000000009004
13639,2031-12-18,1465,Electronics,South,5,211.62,0.1,Card,1,4.3,952.29,1058.1,105.81,952.29,2031,December,12,Q4,Thursday,0.0
13640,2031-12-19,1769,Clothing,South,5,389.25,0.04,Wallet,11,4.8,1868.4,1946.25,77.85000000000001,1868.4,2031,December,12,Q4,Friday,0.0
13641,2031-12-20,1540,Electronics,East,1,327.25,0.11,COD,8,2.4,291.25,327.25,35.9975,291.2525,2031,December,12,Q4,Saturday,-0.0024999999999977263
13642,2031-12-21,1212,Clothing,North,3,492.12,0.3,Card,10,2.1,1033.45,1476.3600000000001,442.908,1033.4520000000002,2031,December,12,Q4,Sunday,-0.00200000000018008
13643,2031-12-22,1462,Electronics,North,5,382.06,0.13,COD,2,3.6,1661.96,1910.3,248.339,1661.961,2031,December,12,Q4,Monday,-0.0009999999999763531
13644,2031-12-23,1435,Clothing,South,1,15.15,0.26,Card,5,3.5,11.21,15.15,3.939,11.211,2031,December,12,Q4,Tuesday,-0.0009999999999994458
13645,2031-12-24,1282,Clothing,North,2,461.46,0.06,Card,6,1.4,867.54,922.92,55.37519999999999,867.5448,2031,December,12,Q4,Wednesday,-0.004800000000045657
13646,2031-12-25,1561,Home,East,1,451.91,0.15,COD,10,4.7,384.12,451.91,67.7865,384.12350000000004,2031,December,12,Q4,Thursday,-0.003500000000030923
13647,2031-12-26,1606,Home,East,1,313.19,0.04,Wallet,1,2.9,300.66,313.19,12.5276,300.6624,2031,December,12,Q4,Friday,-0.002399999999965985
13648,2031-12-27,1462,Electronics,North,1,543.21,0.05,COD,2,4.1,516.05,543.21,27.160500000000003,516.0495000000001,2031,December,12,Q4,Saturday,0.0004999999998744897
13649,2031-12-28,1406,Clothing,East,6,546.44,0.22,Wallet,10,2.4,2557.34,3278.6400000000003,721.3008000000001,2557.3392000000003,2031,December,12,Q4,Sunday,0.0007999999997991836
13650,2031-12-29,1087,Clothing,West,1,321.49,0.21,COD,4,2.0,253.98,321.49,67.5129,253.9771,2031,December,12,Q4,Monday,0.002899999999982583
13651,2031-12-30,1043,Electronics,South,5,370.67,0.07,Card,2,1.4,1723.62,1853.3500000000001,129.73450000000003,1723.6155,2031,December,12,Q4,Tuesday,0.004499999999779902
13652,2031-12-31,1460,Home,East,7,597.97,0.17,COD,11,2.1,3474.21,4185.79,711.5843000000001,3474.2057,2031,December,12,Q4,Wednesday,0.00430000000005748
13653,2032-01-01,1277,Home,North,7,189.81,0.3,COD,6,5.0,930.07,1328.67,398.601,930.0690000000001,2032,January,1,Q1,Thursday,0.0009999999999763531
13654,2032-01-02,1682,Electronics,South,7,204.9,0.06,Card,4,3.6,1348.24,1434.3,86.05799999999999,1348.242,2032,January,1,Q1,Friday,-0.0019999999999527063
13655,2032-01-03,1420,Clothing,East,7,121.92,0.01,Wallet,11,4.2,844.91,853.44,8.534400000000002,844.9056,2032,January,1,Q1,Saturday,0.004399999999918691
13656,2032-01-04,1700,Electronics,South,6,539.08,0.23,COD,3,4.8,2490.55,3234.4800000000005,743.9304000000002,2490.5496000000003,2032,January,1,Q1,Sunday,0.0003999999998995918
13657,2032-01-05,1352,Clothing,North,3,450.53,0.02,Card,6,1.3,1324.56,1351.59,27.0318,1324.5582,2032,January,1,Q1,Monday,0.0018000000000029104
13658,2032-01-06,1695,Electronics,West,1,76.8,0.34,Wallet,9,1.7,50.69,76.8,26.112000000000002,50.687999999999995,2032,January,1,Q1,Tuesday,0.0020000000000024443
13659,2032-01-07,1514,Beauty,West,4,589.33,0.21,Card,8,4.7,1862.28,2357.32,495.03720000000004,1862.2828000000002,2032,January,1,Q1,Wednesday,-0.002800000000206637
13660,2032-01-08,1702,Home,East,7,442.61,0.16,Wallet,2,3.3,2602.55,3098.27,495.7232,2602.5468,2032,January,1,Q1,Thursday,0.003200000000106229
13661,2032-01-09,1629,Clothing,West,2,512.56,0.15,Card,3,3.5,871.35,1025.12,153.76799999999997,871.3519999999999,2032,January,1,Q1,Friday,-0.0019999999998390194
13662,2032-01-10,1018,Clothing,East,7,43.17,0.2,COD,2,2.7,241.75,302.19,60.438,241.752,2032,January,1,Q1,Saturday,-0.0020000000000095497
13663,2032-01-11,1022,Beauty,South,7,310.4,0.03,COD,10,4.3,2107.62,2172.7999999999997,65.18399999999998,2107.6159999999995,2032,January,1,Q1,Sunday,0.00400000000036016
13664,2032-01-12,1412,Clothing,East,2,423.68,0.33,COD,7,3.1,567.73,847.36,279.6288,567.7312,2032,January,1,Q1,Monday,-0.001199999999926149
13665,2032-01-13,1029,Electronics,East,6,332.62,0.22,Card,9,4.3,1556.66,1995.72,439.0584,1556.6616,2032,January,1,Q1,Tuesday,-0.0015999999998257408
13666,2032-01-14,1806,Clothing,East,2,404.99,0.06,Card,1,5.0,761.38,809.98,48.5988,761.3812,2032,January,1,Q1,Wednesday,-0.0012000000000398359
13667,2032-01-15,1107,Home,West,2,493.46,0.2,Card,11,3.6,789.54,986.92,197.38400000000001,789.536,2032,January,1,Q1,Thursday,0.004000000000019099
13668,2032-01-16,1366,Clothing,East,6,233.99,0.05,Wallet,3,3.1,1333.74,1403.94,70.197,1333.743,2032,January,1,Q1,Friday,-0.0029999999999290594
13669,2032-01-17,1280,Home,North,2,511.47,0.01,Card,6,2.5,1012.71,1022.94,10.2294,1012.7106,2032,January,1,Q1,Saturday,-0.0005999999999630745
13670,2032-01-18,1127,Beauty,East,1,110.31,0.22,COD,4,1.8,86.04,110.31,24.2682,86.0418,2032,January,1,Q1,Sunday,-0.0017999999999886995
13671,2032-01-19,1228,Beauty,South,7,173.47,0.23,Wallet,10,3.6,935.0,1214.29,279.2867,935.0033,2032,January,1,Q1,Monday,-0.00329999999996744
13672,2032-01-20,1110,Beauty,North,3,40.36,0.2,Wallet,10,1.3,96.86,121.08,24.216,96.864,2032,January,1,Q1,Tuesday,-0.0040000000000048885
13673,2032-01-21,1135,Electronics,South,6,228.19,0.06,Card,1,4.8,1286.99,1369.1399999999999,82.1484,1286.9915999999998,2032,January,1,Q1,Wednesday,-0.0015999999998257408
13674,2032-01-22,1361,Clothing,South,4,237.25,0.21,Wallet,9,3.6,749.71,949.0,199.29,749.71,2032,January,1,Q1,Thursday,0.0
13675,2032-01-23,1185,Home,South,6,486.08,0.02,Card,7,4.8,2858.15,2916.48,58.3296,2858.1504,2032,January,1,Q1,Friday,-0.0003999999998995918
13676,2032-01-24,1655,Home,North,5,397.08,0.21,COD,11,2.1,1568.47,1985.3999999999999,416.93399999999997,1568.466,2032,January,1,Q1,Saturday,0.004000000000132786
13677,2032-01-25,1583,Clothing,North,4,270.48,0.19,COD,7,4.8,876.36,1081.92,205.56480000000002,876.3552000000001,2032,January,1,Q1,Sunday,0.00479999999993197
13678,2032-01-26,1128,Electronics,West,5,396.49,0.23,Card,1,3.4,1526.49,1982.45,455.9635,1526.4865,2032,January,1,Q1,Monday,0.003500000000030923
13679,2032-01-27,1875,Home,North,6,45.88,0.31,Card,9,4.2,189.94,275.28000000000003,85.33680000000001,189.94320000000002,2032,January,1,Q1,Tuesday,-0.003200000000020964
13680,2032-01-28,1260,Home,East,5,120.46,0.3,COD,8,1.7,421.61,602.3,180.68999999999997,421.61,2032,January,1,Q1,Wednesday,0.0
13681,2032-01-29,1514,Electronics,South,4,381.76,0.34,Card,11,3.0,1007.85,1527.04,519.1936000000001,1007.8463999999999,2032,January,1,Q1,Thursday,0.0036000000001195076
13682,2032-01-30,1448,Clothing,West,1,390.2,0.34,Wallet,10,3.3,257.53,390.2,132.668,257.532,2032,January,1,Q1,Friday,-0.0020000000000095497
13683,2032-01-31,1899,Electronics,North,6,467.87,0.27,Card,5,2.6,2049.27,2807.2200000000003,757.9494000000001,2049.2706000000003,2032,January,1,Q1,Saturday,-0.000600000000304135
13684,2032-02-01,1103,Electronics,South,6,250.75,0.33,Wallet,4,2.0,1008.01,1504.5,496.485,1008.015,2032,February,2,Q1,Sunday,-0.0049999999999954525
13685,2032-02-02,1482,Electronics,North,2,437.69,0.3,COD,1,4.6,612.77,875.38,262.614,612.7660000000001,2032,February,2,Q1,Monday,0.0039999999999054126
13686,2032-02-03,1223,Clothing,West,6,415.13,0.25,Wallet,9,1.3,1868.08,2490.7799999999997,622.6949999999999,1868.0849999999998,2032,February,2,Q1,Tuesday,-0.004999999999881766
13687,2032-02-04,1831,Clothing,North,7,578.59,0.03,COD,8,1.6,3928.63,4050.13,121.5039,3928.6261,2032,February,2,Q1,Wednesday,0.0039000000001578883
13688,2032-02-05,1873,Clothing,North,7,140.85,0.02,Wallet,2,2.3,966.23,985.9499999999999,19.718999999999998,966.2309999999999,2032,February,2,Q1,Thursday,-0.0009999999998626663
13689,2032-02-06,1865,Home,South,6,337.73,0.29,Card,4,4.7,1438.73,2026.38,587.6502,1438.7298,2032,February,2,Q1,Friday,0.0001999999999497959
13690,2032-02-07,1490,Home,East,1,367.03,0.17,COD,4,3.3,304.63,367.03,62.3951,304.63489999999996,2032,February,2,Q1,Saturday,-0.004899999999963711
13691,2032-02-08,1472,Electronics,North,2,599.21,0.29,Card,7,2.5,850.88,1198.42,347.5418,850.8782000000001,2032,February,2,Q1,Sunday,0.0017999999998892235
13692,2032-02-09,1009,Electronics,West,3,132.69,0.11,Card,3,2.6,354.28,398.07,43.7877,354.28229999999996,2032,February,2,Q1,Monday,-0.002299999999991087
13693,2032-02-10,1404,Beauty,North,5,321.08,0.14,COD,8,4.4,1380.64,1605.3999999999999,224.756,1380.6439999999998,2032,February,2,Q1,Tuesday,-0.003999999999678039
13694,2032-02-11,1895,Electronics,North,4,217.52,0.25,COD,11,1.1,652.56,870.08,217.52,652.5600000000001,2032,February,2,Q1,Wednesday,-1.1368683772161603e-13
13695,2032-02-12,1301,Beauty,East,3,322.65,0.32,Card,7,1.0,658.21,967.9499999999999,309.74399999999997,658.2059999999999,2032,February,2,Q1,Thursday,0.004000000000132786
13696,2032-02-13,1230,Home,South,2,150.8,0.03,COD,10,1.2,292.55,301.6,9.048,292.552,2032,February,2,Q1,Friday,-0.0020000000000095497
13697,2032-02-14,1730,Clothing,West,7,42.85,0.3,COD,4,2.9,209.96,299.95,89.985,209.96499999999997,2032,February,2,Q1,Saturday,-0.004999999999967031
13698,2032-02-15,1922,Beauty,South,7,349.95,0.28,Card,9,3.3,1763.75,2449.65,685.902,1763.748,2032,February,2,Q1,Sunday,0.0019999999999527063
13699,2032-02-16,1065,Electronics,South,7,211.47,0.11,COD,6,3.5,1317.46,1480.29,162.8319,1317.4581,2032,February,2,Q1,Monday,0.0018999999999778083
13700,2032-02-17,1936,Electronics,South,1,121.44,0.12,COD,3,3.9,106.87,121.44,14.572799999999999,106.8672,2032,February,2,Q1,Tuesday,0.0028000000000076852
13701,2032-02-18,1111,Clothing,North,7,204.5,0.02,Card,7,1.8,1402.87,1431.5,28.63,1402.87,2032,February,2,Q1,Wednesday,0.0
13702,2032-02-19,1012,Clothing,East,4,43.83,0.01,COD,6,2.0,173.57,175.32,1.7531999999999999,173.5668,2032,February,2,Q1,Thursday,0.003199999999992542
13703,2032-02-20,1392,Beauty,North,5,571.01,0.17,COD,8,2.0,2369.69,2855.05,485.35850000000005,2369.6915,2032,February,2,Q1,Friday,-0.0014999999998508429
13704,2032-02-21,1499,Electronics,West,6,354.97,0.03,Wallet,5,1.6,2065.93,2129.82,63.894600000000004,2065.9254,2032,February,2,Q1,Saturday,0.0045999999997548
13705,2032-02-22,1931,Clothing,East,6,491.64,0.07,Card,6,2.0,2743.35,2949.84,206.48880000000003,2743.3512,2032,February,2,Q1,Sunday,-0.0012000000001535227
13706,2032-02-23,1597,Clothing,South,3,262.52,0.3,Wallet,1,3.5,551.29,787.56,236.26799999999997,551.2919999999999,2032,February,2,Q1,Monday,-0.0019999999999527063
13707,2032-02-24,1233,Home,East,5,543.44,0.2,Card,8,2.5,2173.76,2717.2000000000003,543.44,2173.76,2032,February,2,Q1,Tuesday,0.0
13708,2032-02-25,1601,Electronics,West,2,297.74,0.22,Card,1,4.1,464.47,595.48,131.00560000000002,464.4744,2032,February,2,Q1,Wednesday,-0.004399999999975535
13709,2032-02-26,1313,Clothing,North,5,350.76,0.07,Card,3,3.1,1631.03,1753.8,122.766,1631.0339999999999,2032,February,2,Q1,Thursday,-0.0039999999999054126
13710,2032-02-27,1565,Home,North,1,302.7,0.29,Wallet,2,1.8,214.92,302.7,87.78299999999999,214.917,2032,February,2,Q1,Friday,0.002999999999985903
13711,2032-02-28,1011,Electronics,South,3,443.97,0.3,COD,6,2.9,932.34,1331.91,399.57300000000004,932.337,2032,February,2,Q1,Saturday,0.0030000000000427463
13712,2032-02-29,1208,Home,North,3,346.49,0.18,Card,8,3.4,852.37,1039.47,187.1046,852.3654,2032,February,2,Q1,Sunday,0.004599999999982174
13713,2032-03-01,1973,Clothing,North,1,173.89,0.32,Card,8,4.5,118.25,173.89,55.6448,118.24519999999998,2032,March,3,Q1,Monday,0.004800000000017235
13714,2032-03-02,1013,Home,West,5,100.14,0.3,Card,7,4.3,350.49,500.7,150.20999999999998,350.49,2032,March,3,Q1,Tuesday,0.0
13715,2032-03-03,1632,Home,East,7,369.58,0.26,Card,7,2.7,1914.42,2587.06,672.6356,1914.4243999999999,2032,March,3,Q1,Wednesday,-0.004399999999805004
13716,2032-03-04,1417,Electronics,North,1,301.17,0.26,COD,8,3.6,222.87,301.17,78.30420000000001,222.8658,2032,March,3,Q1,Thursday,0.004199999999997317
13717,2032-03-05,1436,Clothing,West,7,71.15,0.04,COD,5,2.2,478.13,498.05000000000007,19.922000000000004,478.12800000000004,2032,March,3,Q1,Friday,0.0019999999999527063
13718,2032-03-06,1376,Beauty,West,4,246.44,0.09,Wallet,3,3.5,897.04,985.76,88.7184,897.0416,2032,March,3,Q1,Saturday,-0.0016000000000531145
13719,2032-03-07,1019,Clothing,South,1,316.14,0.02,Wallet,2,4.7,309.82,316.14,6.3228,309.8172,2032,March,3,Q1,Sunday,0.0027999999999792635
13720,2032-03-08,1586,Beauty,West,7,498.73,0.0,COD,3,3.5,3491.11,3491.11,0.0,3491.11,2032,March,3,Q1,Monday,0.0
13721,2032-03-09,1911,Clothing,South,5,59.52,0.06,Card,11,2.2,279.74,297.6,17.856,279.744,2032,March,3,Q1,Tuesday,-0.004000000000019099
13722,2032-03-10,1754,Electronics,North,7,218.87,0.31,Card,11,3.6,1057.14,1532.0900000000001,474.94790000000006,1057.1421,2032,March,3,Q1,Wednesday,-0.0020999999999276042
13723,2032-03-11,1734,Clothing,South,1,496.25,0.08,COD,3,4.6,456.55,496.25,39.7,456.55,2032,March,3,Q1,Thursday,0.0
13724,2032-03-12,1069,Beauty,West,2,394.33,0.34,COD,7,1.5,520.52,788.66,268.1444,520.5156,2032,March,3,Q1,Friday,0.004400000000032378
13725,2032-03-13,1823,Electronics,East,6,184.63,0.21,COD,1,2.9,875.15,1107.78,232.63379999999998,875.1462,2032,March,3,Q1,Saturday,0.0037999999999556167
13726,2032-03-14,1210,Beauty,East,1,509.52,0.08,Wallet,7,2.3,468.76,509.52,40.7616,468.7584,2032,March,3,Q1,Sunday,0.001599999999996271
13727,2032-03-15,1100,Beauty,North,6,303.58,0.17,Wallet,6,2.0,1511.83,1821.48,309.65160000000003,1511.8283999999999,2032,March,3,Q1,Monday,0.0016000000000531145
13728,2032-03-16,1697,Clothing,North,1,306.54,0.08,Card,11,2.6,282.02,306.54,24.523200000000003,282.0168,2032,March,3,Q1,Tuesday,0.003199999999992542
13729,2032-03-17,1131,Electronics,East,5,586.3,0.34,Card,10,2.6,1934.79,2931.5,996.71,1934.79,2032,March,3,Q1,Wednesday,0.0
13730,2032-03-18,1622,Home,South,4,569.06,0.3,Wallet,2,1.8,1593.37,2276.24,682.872,1593.368,2032,March,3,Q1,Thursday,0.0019999999999527063
13731,2032-03-19,1380,Electronics,North,4,224.74,0.01,Wallet,10,2.6,889.97,898.96,8.989600000000001,889.9704,2032,March,3,Q1,Friday,-0.0004000000000132786
13732,2032-03-20,1131,Home,West,6,97.24,0.33,Card,1,3.5,390.9,583.4399999999999,192.5352,390.9047999999999,2032,March,3,Q1,Saturday,-0.00479999999993197
13733,2032-03-21,1019,Clothing,North,5,205.52,0.25,COD,9,1.1,770.7,1027.6000000000001,256.90000000000003,770.7,2032,March,3,Q1,Sunday,0.0
13734,2032-03-22,1905,Clothing,South,7,32.83,0.03,COD,2,5.0,222.92,229.81,6.894299999999999,222.91570000000002,2032,March,3,Q1,Monday,0.004299999999972215
13735,2032-03-23,1535,Home,North,5,27.15,0.23,COD,4,2.2,104.53,135.75,31.2225,104.5275,2032,March,3,Q1,Tuesday,0.0024999999999977263
13736,2032-03-24,1226,Clothing,West,5,246.38,0.23,Card,9,3.5,948.56,1231.9,283.33700000000005,948.5630000000001,2032,March,3,Q1,Wednesday,-0.003000000000156433
13737,2032-03-25,1153,Clothing,West,2,565.5,0.08,Wallet,9,2.1,1040.52,1131.0,90.48,1040.52,2032,March,3,Q1,Thursday,0.0
13738,2032-03-26,1804,Clothing,West,3,524.74,0.27,COD,11,2.6,1149.18,1574.22,425.03940000000006,1149.1806,2032,March,3,Q1,Friday,-0.0005999999998493877
13739,2032-03-27,1741,Clothing,South,1,314.19,0.03,Card,1,3.2,304.76,314.19,9.425699999999999,304.7643,2032,March,3,Q1,Saturday,-0.004300000000000637
13740,2032-03-28,1468,Clothing,South,5,345.66,0.17,COD,2,3.4,1434.49,1728.3000000000002,293.81100000000004,1434.489,2032,March,3,Q1,Sunday,0.0009999999999763531
13741,2032-03-29,1821,Home,West,5,18.47,0.0,COD,2,4.1,92.35,92.35,0.0,92.35,2032,March,3,Q1,Monday,0.0
13742,2032-03-30,1999,Clothing,West,5,141.07,0.34,Wallet,2,4.2,465.53,705.3499999999999,239.819,465.53099999999995,2032,March,3,Q1,Tuesday,-0.0009999999999763531
13743,2032-03-31,1870,Clothing,South,4,29.49,0.26,Card,8,3.1,87.29,117.96,30.6696,87.29039999999999,2032,March,3,Q1,Wednesday,-0.0003999999999848569
13744,2032-04-01,1404,Home,South,5,456.41,0.06,Wallet,8,1.3,2145.13,2282.05,136.923,2145.1270000000004,2032,April,4,Q2,Thursday,0.0029999999997016857
13745,2032-04-02,1201,Electronics,South,1,100.2,0.12,Card,10,3.2,88.18,100.2,12.024,88.176,2032,April,4,Q2,Friday,0.0040000000000048885
13746,2032-04-03,1037,Electronics,East,7,523.39,0.06,COD,8,2.9,3443.91,3663.73,219.8238,3443.9062,2032,April,4,Q2,Saturday,0.0037999999999556167
13747,2032-04-04,1941,Beauty,South,7,391.34,0.27,COD,4,1.9,1999.75,2739.3799999999997,739.6325999999999,1999.7473999999997,2032,April,4,Q2,Sunday,0.0026000000002568413
13748,2032-04-05,1771,Home,West,5,149.21,0.02,Card,8,1.0,731.13,746.0500000000001,14.921000000000001,731.129,2032,April,4,Q2,Monday,0.0009999999999763531
13749,2032-04-06,1187,Clothing,East,1,107.27,0.29,COD,7,2.3,76.16,107.27,31.108299999999996,76.1617,2032,April,4,Q2,Tuesday,-0.0016999999999995907
13750,2032-04-07,1056,Clothing,South,2,382.16,0.33,Wallet,8,2.0,512.09,764.32,252.22560000000001,512.0944000000001,2032,April,4,Q2,Wednesday,-0.004400000000032378
13751,2032-04-08,1940,Electronics,West,7,541.99,0.24,COD,1,2.9,2883.39,3793.9300000000003,910.5432000000001,2883.3868,2032,April,4,Q2,Thursday,0.0031999999996514816
13752,2032-04-09,1019,Clothing,North,3,435.24,0.07,COD,3,4.0,1214.32,1305.72,91.4004,1214.3196,2032,April,4,Q2,Friday,0.0003999999998995918
13753,2032-04-10,1272,Clothing,East,4,218.9,0.13,Card,10,2.8,761.77,875.6,113.828,761.772,2032,April,4,Q2,Saturday,-0.002000000000066393
13754,2032-04-11,1118,Clothing,West,1,358.62,0.17,Card,6,4.8,297.65,358.62,60.9654,297.6546,2032,April,4,Q2,Sunday,-0.004600000000039017
13755,2032-04-12,1582,Clothing,North,7,196.8,0.21,Card,1,1.9,1088.3,1377.6000000000001,289.296,1088.304,2032,April,4,Q2,Monday,-0.004000000000132786
13756,2032-04-13,1515,Electronics,West,7,599.5,0.23,Wallet,4,1.9,3231.3,4196.5,965.195,3231.305,2032,April,4,Q2,Tuesday,-0.004999999999654392
13757,2032-04-14,1220,Electronics,South,6,453.07,0.19,COD,9,3.4,2201.92,2718.42,516.4998,2201.9202,2032,April,4,Q2,Wednesday,-0.0001999999999497959
13758,2032-04-15,1525,Beauty,South,2,374.41,0.12,Wallet,7,4.6,658.96,748.82,89.8584,658.9616000000001,2032,April,4,Q2,Thursday,-0.0016000000000531145
13759,2032-04-16,1514,Clothing,North,3,262.61,0.31,Card,1,3.7,543.6,787.83,244.2273,543.6027,2032,April,4,Q2,Friday,-0.0027000000000043656
13760,2032-04-17,1727,Clothing,South,3,376.62,0.03,COD,6,3.7,1095.96,1129.8600000000001,33.8958,1095.9642000000001,2032,April,4,Q2,Saturday,-0.004200000000082582
13761,2032-04-18,1740,Electronics,West,3,214.85,0.16,Card,6,4.2,541.42,644.55,103.128,541.4219999999999,2032,April,4,Q2,Sunday,-0.0019999999999527063
13762,2032-04-19,1335,Electronics,North,1,31.89,0.27,COD,2,3.7,23.28,31.89,8.6103,23.2797,2032,April,4,Q2,Monday,0.00030000000000285354
13763,2032-04-20,1697,Home,West,2,246.13,0.02,Card,6,4.0,482.41,492.26,9.8452,482.4148,2032,April,4,Q2,Tuesday,-0.004799999999988813
13764,2032-04-21,1054,Clothing,West,5,559.33,0.25,Card,10,4.5,2097.49,2796.65,699.1625,2097.4875,2032,April,4,Q2,Wednesday,0.0024999999995998223
13765,2032-04-22,1499,Clothing,West,6,381.39,0.29,COD,2,1.0,1624.72,2288.34,663.6186,1624.7214000000001,2032,April,4,Q2,Thursday,-0.0014000000001033186
13766,2032-04-23,1899,Electronics,South,2,64.11,0.23,Card,8,4.5,98.73,128.22,29.4906,98.7294,2032,April,4,Q2,Friday,0.0006000000000057071
13767,2032-04-24,1887,Home,South,2,532.72,0.0,COD,7,1.9,1065.44,1065.44,0.0,1065.44,2032,April,4,Q2,Saturday,0.0
13768,2032-04-25,1765,Electronics,West,7,172.29,0.06,COD,6,4.6,1133.67,1206.03,72.3618,1133.6682,2032,April,4,Q2,Sunday,0.0018000000000029104
13769,2032-04-26,1535,Electronics,East,2,157.61,0.12,COD,10,2.1,277.39,315.22,37.8264,277.39360000000005,2032,April,4,Q2,Monday,-0.003600000000062664
13770,2032-04-27,1161,Clothing,West,1,188.8,0.08,Wallet,6,2.8,173.7,188.8,15.104000000000001,173.696,2032,April,4,Q2,Tuesday,0.003999999999990678
13771,2032-04-28,1669,Electronics,West,6,352.66,0.34,Card,9,4.7,1396.53,2115.96,719.4264000000001,1396.5336,2032,April,4,Q2,Wednesday,-0.0036000000000058208
13772,2032-04-29,1593,Electronics,North,1,333.64,0.23,COD,9,1.4,256.9,333.64,76.7372,256.90279999999996,2032,April,4,Q2,Thursday,-0.0027999999999792635
13773,2032-04-30,1914,Clothing,West,6,302.48,0.1,Wallet,10,4.0,1633.39,1814.88,181.48800000000003,1633.392,2032,April,4,Q2,Friday,-0.0019999999999527063
13774,2032-05-01,1158,Home,South,6,434.76,0.33,COD,10,2.6,1747.74,2608.56,860.8248,1747.7352,2032,May,5,Q2,Saturday,0.00479999999993197
13775,2032-05-02,1187,Home,North,7,200.17,0.26,Card,2,1.1,1036.88,1401.1899999999998,364.3094,1036.8806,2032,May,5,Q2,Sunday,-0.0005999999998493877
13776,2032-05-03,1059,Clothing,East,1,472.51,0.1,Wallet,3,4.8,425.26,472.51,47.251000000000005,425.259,2032,May,5,Q2,Monday,0.0009999999999763531
13777,2032-05-04,1914,Electronics,North,6,117.56,0.13,Card,10,1.5,613.66,705.36,91.69680000000001,613.6632,2032,May,5,Q2,Tuesday,-0.003199999999992542
13778,2032-05-05,1816,Electronics,East,2,472.83,0.07,Card,7,4.1,879.46,945.66,66.1962,879.4638,2032,May,5,Q2,Wednesday,-0.0037999999999556167
13779,2032-05-06,1318,Beauty,North,1,403.33,0.34,Card,11,2.5,266.2,403.33,137.1322,266.1978,2032,May,5,Q2,Thursday,0.002200000000016189
13780,2032-05-07,1877,Clothing,North,6,414.68,0.18,Card,10,4.2,2040.23,2488.08,447.8544,2040.2256,2032,May,5,Q2,Friday,0.004400000000032378
13781,2032-05-08,1210,Home,East,3,296.71,0.31,Card,9,4.0,614.19,890.1299999999999,275.9403,614.1896999999999,2032,May,5,Q2,Saturday,0.0003000000001520675
13782,2032-05-09,1405,Electronics,South,1,405.2,0.12,Card,6,3.5,356.58,405.2,48.623999999999995,356.576,2032,May,5,Q2,Sunday,0.003999999999962256
13783,2032-05-10,1663,Clothing,South,7,61.68,0.3,Card,11,4.8,302.23,431.76,129.528,302.23199999999997,2032,May,5,Q2,Monday,-0.0019999999999527063
13784,2032-05-11,1108,Electronics,South,4,513.16,0.02,Card,1,1.4,2011.59,2052.64,41.0528,2011.5872,2032,May,5,Q2,Tuesday,0.0027999999999792635
13785,2032-05-12,1075,Clothing,North,1,47.5,0.34,Card,11,4.2,31.35,47.5,16.150000000000002,31.349999999999998,2032,May,5,Q2,Wednesday,3.552713678800501e-15
13786,2032-05-13,1541,Beauty,West,1,102.01,0.32,COD,7,3.7,69.37,102.01,32.6432,69.36680000000001,2032,May,5,Q2,Thursday,0.003199999999992542
13787,2032-05-14,1313,Beauty,North,1,352.42,0.13,Card,11,2.3,306.61,352.42,45.814600000000006,306.60540000000003,2032,May,5,Q2,Friday,0.004599999999982174
13788,2032-05-15,1997,Clothing,West,6,447.56,0.27,Card,1,3.2,1960.31,2685.36,725.0472000000001,1960.3128000000002,2032,May,5,Q2,Saturday,-0.002800000000206637
13789,2032-05-16,1116,Clothing,West,1,59.61,0.26,Card,5,3.6,44.11,59.61,15.4986,44.1114,2032,May,5,Q2,Sunday,-0.0014000000000038426
13790,2032-05-17,1926,Beauty,South,4,553.65,0.32,Card,9,3.9,1505.93,2214.6,708.672,1505.9279999999999,2032,May,5,Q2,Monday,0.00200000000018008
13791,2032-05-18,1867,Home,West,5,584.56,0.11,Card,10,1.7,2601.29,2922.7999999999997,321.508,2601.292,2032,May,5,Q2,Tuesday,-0.0019999999999527063
13792,2032-05-19,1703,Electronics,North,1,369.48,0.16,Card,11,1.4,310.36,369.48,59.116800000000005,310.3632,2032,May,5,Q2,Wednesday,-0.003199999999992542
13793,2032-05-20,1018,Clothing,North,3,296.53,0.3,COD,10,1.4,622.71,889.5899999999999,266.87699999999995,622.713,2032,May,5,Q2,Thursday,-0.0029999999999290594
13794,2032-05-21,1431,Electronics,South,4,448.72,0.27,COD,9,2.2,1310.26,1794.88,484.61760000000004,1310.2624,2032,May,5,Q2,Friday,-0.0024000000000796717
13795,2032-05-22,1684,Clothing,East,5,207.09,0.14,Wallet,1,1.6,890.49,1035.45,144.96300000000002,890.4870000000001,2032,May,5,Q2,Saturday,0.0029999999999290594
13796,2032-05-23,1739,Clothing,North,6,303.56,0.3,COD,6,3.1,1274.95,1821.3600000000001,546.408,1274.9520000000002,2032,May,5,Q2,Sunday,-0.00200000000018008
13797,2032-05-24,1349,Clothing,West,1,550.95,0.02,COD,3,2.7,539.93,550.95,11.019000000000002,539.931,2032,May,5,Q2,Monday,-0.00100000000009004
13798,2032-05-25,1182,Clothing,North,5,574.06,0.27,Card,9,4.6,2095.32,2870.2999999999997,774.981,2095.3189999999995,2032,May,5,Q2,Tuesday,0.0010000000006584742
13799,2032-05-26,1112,Electronics,North,3,557.34,0.07,COD,3,3.9,1554.98,1672.02,117.04140000000001,1554.9786,2032,May,5,Q2,Wednesday,0.0014000000001033186
13800,2032-05-27,1182,Clothing,North,4,168.53,0.1,Card,2,1.8,606.71,674.12,67.412,606.708,2032,May,5,Q2,Thursday,0.002000000000066393
13801,2032-05-28,1480,Home,East,4,150.99,0.17,COD,8,1.2,501.29,603.96,102.67320000000001,501.2868,2032,May,5,Q2,Friday,0.003199999999992542
13802,2032-05-29,1145,Home,West,6,189.13,0.16,Card,3,3.8,953.22,1134.78,181.5648,953.2152,2032,May,5,Q2,Saturday,0.004800000000045657
13803,2032-05-30,1830,Electronics,South,6,273.17,0.18,COD,5,4.4,1344.0,1639.02,295.0236,1343.9964,2032,May,5,Q2,Sunday,0.0036000000000058208
13804,2032-05-31,1627,Beauty,North,6,198.79,0.19,Wallet,6,3.8,966.12,1192.74,226.6206,966.1194,2032,May,5,Q2,Monday,0.0005999999999630745
13805,2032-06-01,1112,Beauty,West,5,233.91,0.12,Wallet,10,3.6,1029.2,1169.55,140.34599999999998,1029.204,2032,June,6,Q2,Tuesday,-0.0039999999999054126
13806,2032-06-02,1762,Electronics,West,1,378.07,0.06,Card,10,2.0,355.39,378.07,22.684199999999997,355.3858,2032,June,6,Q2,Wednesday,0.004199999999968895
13807,2032-06-03,1475,Electronics,South,2,461.08,0.27,Card,1,3.0,673.18,922.16,248.9832,673.1768,2032,June,6,Q2,Thursday,0.003199999999992542
13808,2032-06-04,1762,Home,North,4,445.3,0.14,Wallet,7,3.9,1531.83,1781.2,249.36800000000002,1531.832,2032,June,6,Q2,Friday,-0.00200000000018008
13809,2032-06-05,1302,Home,East,2,491.44,0.18,COD,11,1.8,805.96,982.88,176.9184,805.9616,2032,June,6,Q2,Saturday,-0.0015999999999394277
13810,2032-06-06,1970,Beauty,West,7,33.83,0.23,COD,7,2.9,182.34,236.81,54.466300000000004,182.3437,2032,June,6,Q2,Sunday,-0.0037000000000091404
13811,2032-06-07,1824,Beauty,South,4,42.92,0.32,COD,5,1.5,116.74,171.68,54.9376,116.7424,2032,June,6,Q2,Monday,-0.0024000000000086175
13812,2032-06-08,1117,Clothing,East,6,476.79,0.25,COD,9,3.1,2145.56,2860.7400000000002,715.1850000000001,2145.5550000000003,2032,June,6,Q2,Tuesday,0.004999999999654392
13813,2032-06-09,1812,Clothing,West,1,326.85,0.02,Wallet,11,3.3,320.31,326.85,6.537000000000001,320.31300000000005,2032,June,6,Q2,Wednesday,-0.0030000000000427463
13814,2032-06-10,1160,Electronics,North,1,353.21,0.29,COD,2,3.1,250.78,353.21,102.4309,250.77909999999997,2032,June,6,Q2,Thursday,0.0009000000000298769
13815,2032-06-11,1400,Electronics,West,4,45.76,0.35,COD,5,2.9,118.98,183.04,64.064,118.976,2032,June,6,Q2,Friday,0.0040000000000048885
13816,2032-06-12,1197,Clothing,East,5,164.36,0.17,COD,2,3.3,682.09,821.8000000000001,139.70600000000002,682.094,2032,June,6,Q2,Saturday,-0.004000000000019099
13817,2032-06-13,1259,Clothing,East,7,388.44,0.34,Wallet,2,5.0,1794.59,2719.08,924.4872,1794.5928,2032,June,6,Q2,Sunday,-0.0027999999999792635
13818,2032-06-14,1659,Clothing,North,6,517.62,0.19,COD,11,3.5,2515.63,3105.7200000000003,590.0868,2515.6332,2032,June,6,Q2,Monday,-0.003200000000106229
13819,2032-06-15,1751,Home,North,1,551.44,0.16,COD,9,4.0,463.21,551.44,88.23040000000002,463.2096,2032,June,6,Q2,Tuesday,0.0003999999999564352
13820,2032-06-16,1046,Electronics,South,7,307.75,0.12,Wallet,7,1.8,1895.74,2154.25,258.51,1895.74,2032,June,6,Q2,Wednesday,0.0
13821,2032-06-17,1986,Clothing,North,7,334.1,0.23,COD,4,3.1,1800.8,2338.7000000000003,537.9010000000001,1800.7990000000002,2032,June,6,Q2,Thursday,0.0009999999997489795
13822,2032-06-18,1398,Electronics,South,1,502.33,0.08,Card,11,1.0,462.14,502.33,40.1864,462.1436,2032,June,6,Q2,Friday,-0.0036000000000058208
13823,2032-06-19,1709,Clothing,East,3,329.51,0.04,COD,8,1.1,948.99,988.53,39.541199999999996,948.9888,2032,June,6,Q2,Saturday,0.0012000000000398359
13824,2032-06-20,1558,Home,East,7,317.36,0.01,COD,11,2.3,2199.3,2221.52,22.2152,2199.3048,2032,June,6,Q2,Sunday,-0.004799999999704596
13825,2032-06-21,1077,Home,West,1,544.47,0.1,Card,11,2.9,490.02,544.47,54.447,490.023,2032,June,6,Q2,Monday,-0.0030000000000427463
13826,2032-06-22,1123,Beauty,West,3,477.11,0.14,COD,4,3.3,1230.94,1431.33,200.3862,1230.9438,2032,June,6,Q2,Tuesday,-0.0037999999999556167
13827,2032-06-23,1074,Electronics,South,1,546.81,0.19,COD,1,4.6,442.92,546.81,103.89389999999999,442.9161,2032,June,6,Q2,Wednesday,0.0039000000000442014
13828,2032-06-24,1870,Clothing,North,1,142.67,0.1,COD,10,4.1,128.4,142.67,14.267,128.403,2032,June,6,Q2,Thursday,-0.002999999999985903
13829,2032-06-25,1136,Electronics,North,7,321.76,0.34,COD,3,2.2,1486.53,2252.3199999999997,765.7887999999999,1486.5312,2032,June,6,Q2,Friday,-0.001199999999926149
13830,2032-06-26,1601,Clothing,West,5,507.85,0.1,COD,10,4.0,2285.33,2539.25,253.925,2285.325,2032,June,6,Q2,Saturday,0.005000000000109139
13831,2032-06-27,1399,Beauty,East,5,80.02,0.15,Wallet,1,3.2,340.08,400.09999999999997,60.01499999999999,340.085,2032,June,6,Q2,Sunday,-0.0049999999999954525
13832,2032-06-28,1836,Home,South,6,479.88,0.04,Card,2,4.1,2764.11,2879.2799999999997,115.1712,2764.1088,2032,June,6,Q2,Monday,0.0012000000001535227
13833,2032-06-29,1504,Beauty,East,1,122.04,0.09,Card,2,2.6,111.06,122.04,10.983600000000001,111.05640000000001,2032,June,6,Q2,Tuesday,0.00359999999999161
13834,2032-06-30,1499,Electronics,East,6,487.75,0.02,Card,7,1.4,2867.97,2926.5,58.53,2867.97,2032,June,6,Q2,Wednesday,0.0
13835,2032-07-01,1572,Beauty,North,6,373.02,0.2,COD,4,3.5,1790.5,2238.12,447.624,1790.4959999999999,2032,July,7,Q3,Thursday,0.004000000000132786
13836,2032-07-02,1137,Electronics,South,6,128.04,0.26,Card,10,3.2,568.5,768.24,199.7424,568.4976,2032,July,7,Q3,Friday,0.002399999999965985
13837,2032-07-03,1049,Beauty,East,6,291.91,0.07,Card,9,4.8,1628.86,1751.46,122.60220000000001,1628.8578,2032,July,7,Q3,Saturday,0.002199999999902502
13838,2032-07-04,1770,Electronics,West,4,413.91,0.13,COD,2,1.6,1440.41,1655.64,215.2332,1440.4068000000002,2032,July,7,Q3,Sunday,0.0031999999998788553
13839,2032-07-05,1972,Electronics,West,7,385.8,0.01,Card,9,3.6,2673.59,2700.6,27.006,2673.594,2032,July,7,Q3,Monday,-0.0039999999999054126
13840,2032-07-06,1618,Clothing,North,7,264.94,0.29,COD,6,2.9,1316.75,1854.58,537.8281999999999,1316.7518,2032,July,7,Q3,Tuesday,-0.0018000000000029104
13841,2032-07-07,1624,Beauty,West,4,541.13,0.27,COD,10,2.5,1580.1,2164.52,584.4204000000001,1580.0996,2032,July,7,Q3,Wednesday,0.0003999999998995918
13842,2032-07-08,1861,Electronics,West,1,318.77,0.02,COD,8,4.2,312.39,318.77,6.3754,312.39459999999997,2032,July,7,Q3,Thursday,-0.004599999999982174
13843,2032-07-09,1253,Clothing,East,4,310.93,0.13,Card,7,4.2,1082.04,1243.72,161.6836,1082.0364,2032,July,7,Q3,Friday,0.0036000000000058208
13844,2032-07-10,1629,Beauty,West,1,51.42,0.33,COD,11,3.9,34.45,51.42,16.968600000000002,34.4514,2032,July,7,Q3,Saturday,-0.0013999999999967372
13845,2032-07-11,1709,Clothing,West,5,554.44,0.14,Card,8,1.3,2384.09,2772.2000000000003,388.10800000000006,2384.092,2032,July,7,Q3,Sunday,-0.0019999999999527063
13846,2032-07-12,1848,Electronics,East,7,118.61,0.18,Wallet,9,2.4,680.82,830.27,149.4486,680.8214,2032,July,7,Q3,Monday,-0.0013999999999896318
13847,2032-07-13,1876,Clothing,North,2,324.08,0.12,Wallet,8,1.2,570.38,648.16,77.77919999999999,570.3808,2032,July,7,Q3,Tuesday,-0.0008000000000265572
13848,2032-07-14,1562,Clothing,North,3,485.09,0.21,Card,6,2.4,1149.66,1455.27,305.6067,1149.6633,2032,July,7,Q3,Wednesday,-0.0032999999998537533
13849,2032-07-15,1756,Beauty,South,7,141.04,0.34,Card,8,3.6,651.6,987.28,335.6752,651.6048,2032,July,7,Q3,Thursday,-0.00479999999993197
13850,2032-07-16,1914,Home,West,4,323.51,0.35,Card,8,3.1,841.13,1294.04,452.91399999999993,841.126,2032,July,7,Q3,Friday,0.004000000000019099
13851,2032-07-17,1425,Clothing,East,4,155.8,0.27,Card,2,3.8,454.94,623.2,168.264,454.93600000000004,2032,July,7,Q3,Saturday,0.003999999999962256
13852,2032-07-18,1546,Beauty,South,5,459.42,0.14,COD,2,3.2,1975.51,2297.1,321.594,1975.5059999999999,2032,July,7,Q3,Sunday,0.004000000000132786
13853,2032-07-19,1301,Clothing,North,4,345.14,0.17,COD,11,3.2,1145.86,1380.56,234.6952,1145.8647999999998,2032,July,7,Q3,Monday,-0.00479999999993197
13854,2032-07-20,1921,Electronics,North,1,515.75,0.12,Card,1,3.0,453.86,515.75,61.89,453.86,2032,July,7,Q3,Tuesday,0.0
13855,2032-07-21,1580,Electronics,East,1,538.32,0.34,COD,10,2.5,355.29,538.32,183.02880000000002,355.2912,2032,July,7,Q3,Wednesday,-0.0011999999999829924
13856,2032-07-22,1348,Clothing,South,2,394.51,0.25,Wallet,2,2.8,591.76,789.02,197.255,591.765,2032,July,7,Q3,Thursday,-0.0049999999999954525
13857,2032-07-23,1831,Electronics,South,2,439.35,0.16,COD,7,1.4,738.11,878.7,140.592,738.1080000000001,2032,July,7,Q3,Friday,0.0019999999999527063
13858,2032-07-24,1932,Beauty,East,7,336.29,0.0,Card,11,4.3,2354.03,2354.03,0.0,2354.03,2032,July,7,Q3,Saturday,0.0
13859,2032-07-25,1979,Home,East,2,239.89,0.18,COD,3,4.6,393.42,479.78,86.3604,393.41959999999995,2032,July,7,Q3,Sunday,0.00040000000007012204
13860,2032-07-26,1048,Electronics,South,1,394.15,0.34,COD,4,4.1,260.14,394.15,134.011,260.139,2032,July,7,Q3,Monday,0.0009999999999763531
13861,2032-07-27,1916,Clothing,North,6,546.35,0.18,Wallet,4,3.3,2688.04,3278.1000000000004,590.058,2688.0420000000004,2032,July,7,Q3,Tuesday,-0.0020000000004074536
13862,2032-07-28,1073,Home,West,6,258.76,0.06,Card,4,3.3,1459.41,1552.56,93.1536,1459.4063999999998,2032,July,7,Q3,Wednesday,0.0036000000002331944
13863,2032-07-29,1703,Beauty,North,2,198.93,0.01,Card,2,2.9,393.88,397.86,3.9786,393.8814,2032,July,7,Q3,Thursday,-0.0013999999999896318
13864,2032-07-30,1260,Beauty,East,2,242.24,0.12,COD,11,1.9,426.34,484.48,58.1376,426.3424,2032,July,7,Q3,Friday,-0.0024000000000228283
13865,2032-07-31,1355,Clothing,South,1,269.71,0.32,COD,6,2.5,183.4,269.71,86.3072,183.40279999999998,2032,July,7,Q3,Saturday,-0.0027999999999792635
13866,2032-08-01,1581,Home,South,5,58.03,0.35,COD,1,5.0,188.6,290.15,101.55249999999998,188.5975,2032,August,8,Q3,Sunday,0.0024999999999977263
13867,2032-08-02,1601,Clothing,West,7,306.59,0.33,Card,5,1.6,1437.91,2146.1299999999997,708.2228999999999,1437.9071,2032,August,8,Q3,Monday,0.002900000000181535
13868,2032-08-03,1259,Clothing,South,4,304.17,0.26,COD,2,3.2,900.34,1216.68,316.33680000000004,900.3432,2032,August,8,Q3,Tuesday,-0.003199999999992542
13869,2032-08-04,1637,Electronics,West,7,359.24,0.2,Card,9,4.5,2011.74,2514.6800000000003,502.9360000000001,2011.7440000000001,2032,August,8,Q3,Wednesday,-0.004000000000132786
13870,2032-08-05,1742,Electronics,North,3,227.25,0.21,Card,2,2.8,538.58,681.75,143.1675,538.5825,2032,August,8,Q3,Thursday,-0.002499999999940883
13871,2032-08-06,1294,Clothing,North,6,373.67,0.19,COD,6,3.4,1816.04,2242.02,425.9838,1816.0362,2032,August,8,Q3,Friday,0.0037999999999556167
13872,2032-08-07,1930,Electronics,South,6,528.76,0.25,Card,4,4.3,2379.42,3172.56,793.14,2379.42,2032,August,8,Q3,Saturday,0.0
13873,2032-08-08,1640,Electronics,South,1,573.95,0.15,Card,6,3.2,487.86,573.95,86.0925,487.8575000000001,2032,August,8,Q3,Sunday,0.002499999999940883
13874,2032-08-09,1791,Home,East,7,356.41,0.23,COD,2,3.9,1921.05,2494.8700000000003,573.8201000000001,1921.0499000000002,2032,August,8,Q3,Monday,9.999999974752427e-05
13875,2032-08-10,1312,Electronics,East,1,39.92,0.04,COD,2,2.4,38.32,39.92,1.5968,38.3232,2032,August,8,Q3,Tuesday,-0.0031999999999996476
13876,2032-08-11,1611,Clothing,South,3,582.0,0.09,Card,7,3.9,1588.86,1746.0,157.14,1588.8600000000001,2032,August,8,Q3,Wednesday,-2.2737367544323206e-13
13877,2032-08-12,1837,Clothing,South,7,427.93,0.29,COD,3,1.2,2126.81,2995.51,868.6979,2126.8121,2032,August,8,Q3,Thursday,-0.002100000000154978
13878,2032-08-13,1808,Beauty,North,3,211.54,0.32,Card,3,1.6,431.54,634.62,203.07840000000002,431.5416,2032,August,8,Q3,Friday,-0.001599999999996271
13879,2032-08-14,1181,Clothing,South,2,101.09,0.19,Card,7,3.5,163.77,202.18,38.4142,163.7658,2032,August,8,Q3,Saturday,0.004199999999997317
13880,2032-08-15,1685,Electronics,East,7,98.9,0.01,COD,8,2.8,685.38,692.3000000000001,6.923000000000001,685.3770000000001,2032,August,8,Q3,Sunday,0.0029999999999290594
13881,2032-08-16,1827,Clothing,North,3,113.13,0.32,Card,7,4.3,230.79,339.39,108.6048,230.78519999999997,2032,August,8,Q3,Monday,0.004800000000017235
13882,2032-08-17,1363,Home,West,4,41.66,0.25,Wallet,3,2.4,124.98,166.64,41.66,124.97999999999999,2032,August,8,Q3,Tuesday,1.4210854715202004e-14
13883,2032-08-18,1187,Beauty,East,4,542.76,0.14,Card,3,4.1,1867.09,2171.04,303.9456,1867.0944,2032,August,8,Q3,Wednesday,-0.004400000000032378
13884,2032-08-19,1568,Clothing,East,6,331.35,0.21,COD,7,1.6,1570.6,1988.1000000000001,417.50100000000003,1570.5990000000002,2032,August,8,Q3,Thursday,0.0009999999997489795
13885,2032-08-20,1542,Electronics,North,4,424.48,0.15,Wallet,3,4.7,1443.23,1697.92,254.688,1443.232,2032,August,8,Q3,Friday,-0.0019999999999527063
13886,2032-08-21,1595,Beauty,West,7,499.44,0.16,Wallet,2,2.7,2936.71,3496.08,559.3728,2936.7072,2032,August,8,Q3,Saturday,0.002800000000206637
13887,2032-08-22,1663,Electronics,East,4,478.05,0.31,Card,7,1.9,1319.42,1912.2,592.782,1319.4180000000001,2032,August,8,Q3,Sunday,0.0019999999999527063
13888,2032-08-23,1984,Clothing,South,4,531.32,0.06,Wallet,3,4.2,1997.76,2125.28,127.5168,1997.7632,2032,August,8,Q3,Monday,-0.003200000000106229
13889,2032-08-24,1547,Clothing,East,2,580.84,0.04,Wallet,5,4.8,1115.21,1161.68,46.467200000000005,1115.2128,2032,August,8,Q3,Tuesday,-0.0027999999999792635
13890,2032-08-25,1724,Electronics,North,6,271.86,0.0,Card,7,4.7,1631.16,1631.16,0.0,1631.16,2032,August,8,Q3,Wednesday,0.0
13891,2032-08-26,1925,Electronics,North,1,570.95,0.11,COD,2,2.0,508.15,570.95,62.804500000000004,508.1455,2032,August,8,Q3,Thursday,0.0044999999999504325
13892,2032-08-27,1407,Electronics,North,6,438.12,0.05,Card,8,3.7,2497.28,2628.7200000000003,131.436,2497.284,2032,August,8,Q3,Friday,-0.0039999999999054126
13893,2032-08-28,1875,Home,East,6,56.34,0.08,COD,2,3.2,311.0,338.04,27.043200000000002,310.9968,2032,August,8,Q3,Saturday,0.003199999999992542
13894,2032-08-29,1617,Beauty,West,6,413.84,0.0,COD,4,3.9,2483.04,2483.04,0.0,2483.04,2032,August,8,Q3,Sunday,0.0
13895,2032-08-30,1413,Electronics,South,3,416.73,0.08,Card,4,2.9,1150.17,1250.19,100.01520000000001,1150.1748,2032,August,8,Q3,Monday,-0.00479999999993197
13896,2032-08-31,1341,Home,North,1,544.93,0.12,COD,8,2.9,479.54,544.93,65.3916,479.53839999999997,2032,August,8,Q3,Tuesday,0.0016000000000531145
13897,2032-09-01,1219,Electronics,West,3,233.17,0.01,Card,11,4.5,692.51,699.51,6.9951,692.5149,2032,September,9,Q3,Wednesday,-0.004900000000020555
13898,2032-09-02,1902,Clothing,South,2,357.17,0.21,Wallet,1,4.5,564.33,714.34,150.0114,564.3286,2032,September,9,Q3,Thursday,0.0013999999999896318
13899,2032-09-03,1162,Electronics,North,2,22.13,0.2,Card,9,4.2,35.41,44.26,8.852,35.408,2032,September,9,Q3,Friday,0.001999999999995339
13900,2032-09-04,1950,Beauty,South,5,209.26,0.03,COD,6,3.8,1014.91,1046.3,31.388999999999996,1014.911,2032,September,9,Q3,Saturday,-0.0009999999999763531
13901,2032-09-05,1219,Home,South,5,51.41,0.21,Card,4,3.7,203.07,257.04999999999995,53.980499999999985,203.06949999999998,2032,September,9,Q3,Sunday,0.0005000000000165983
13902,2032-09-06,1269,Home,West,2,320.3,0.35,Card,6,1.2,416.39,640.6,224.20999999999998,416.39000000000004,2032,September,9,Q3,Monday,-5.684341886080802e-14
13903,2032-09-07,1631,Home,South,2,493.21,0.33,COD,6,4.0,660.9,986.42,325.5186,660.9014,2032,September,9,Q3,Tuesday,-0.0013999999999896318
13904,2032-09-08,1905,Clothing,North,3,135.77,0.0,Card,9,3.6,407.31,407.31000000000006,0.0,407.31000000000006,2032,September,9,Q3,Wednesday,-5.684341886080802e-14
13905,2032-09-09,1847,Beauty,West,2,323.55,0.28,COD,11,2.2,465.91,647.1,181.18800000000002,465.91200000000003,2032,September,9,Q3,Thursday,-0.0020000000000095497
13906,2032-09-10,1399,Home,East,7,134.35,0.12,Wallet,4,4.3,827.6,940.4499999999999,112.85399999999998,827.596,2032,September,9,Q3,Friday,0.004000000000019099
13907,2032-09-11,1181,Beauty,East,1,85.6,0.02,Card,8,4.3,83.89,85.6,1.712,83.88799999999999,2032,September,9,Q3,Saturday,0.0020000000000095497
13908,2032-09-12,1990,Clothing,West,3,313.93,0.1,Wallet,1,4.7,847.61,941.79,94.179,847.611,2032,September,9,Q3,Sunday,-0.0009999999999763531
13909,2032-09-13,1617,Electronics,East,2,61.3,0.11,Card,6,2.7,109.11,122.6,13.485999999999999,109.11399999999999,2032,September,9,Q3,Monday,-0.003999999999990678
13910,2032-09-14,1728,Clothing,South,3,358.6,0.18,Card,5,3.2,882.16,1075.8000000000002,193.64400000000003,882.1560000000002,2032,September,9,Q3,Tuesday,0.003999999999791726
13911,2032-09-15,1204,Electronics,North,3,33.33,0.23,Card,3,4.6,76.99,99.99,22.9977,76.9923,2032,September,9,Q3,Wednesday,-0.002300000000005298
13912,2032-09-16,1581,Clothing,South,4,77.43,0.26,Wallet,4,2.3,229.19,309.72,80.52720000000001,229.19280000000003,2032,September,9,Q3,Thursday,-0.002800000000036107
13913,2032-09-17,1555,Clothing,West,5,336.75,0.09,Card,8,4.2,1532.21,1683.75,151.5375,1532.2125,2032,September,9,Q3,Friday,-0.0025000000000545697
13914,2032-09-18,1840,Clothing,North,3,360.97,0.11,Wallet,11,5.0,963.79,1082.91,119.12010000000001,963.7899000000001,2032,September,9,Q3,Saturday,9.999999986121111e-05
13915,2032-09-19,1812,Electronics,West,6,31.96,0.11,Wallet,11,3.6,170.67,191.76,21.0936,170.66639999999998,2032,September,9,Q3,Sunday,0.0036000000000058208
13916,2032-09-20,1227,Electronics,West,7,350.43,0.13,Card,10,4.9,2134.12,2453.01,318.89130000000006,2134.1187,2032,September,9,Q3,Monday,0.001299999999901047
13917,2032-09-21,1695,Clothing,West,7,505.52,0.35,COD,11,3.1,2300.12,3538.64,1238.524,2300.116,2032,September,9,Q3,Tuesday,0.0039999999999054126
13918,2032-09-22,1618,Beauty,South,3,437.55,0.27,COD,2,1.6,958.23,1312.65,354.41550000000007,958.2345,2032,September,9,Q3,Wednesday,-0.004500000000007276
13919,2032-09-23,1595,Clothing,North,6,91.74,0.34,Card,8,1.7,363.29,550.4399999999999,187.1496,363.2904,2032,September,9,Q3,Thursday,-0.0003999999999564352
13920,2032-09-24,1849,Clothing,North,7,361.6,0.24,Card,7,3.9,1923.71,2531.2000000000003,607.488,1923.7120000000002,2032,September,9,Q3,Friday,-0.00200000000018008
13921,2032-09-25,1249,Home,North,4,408.27,0.14,Card,1,1.0,1404.45,1633.08,228.6312,1404.4488,2032,September,9,Q3,Saturday,0.0012000000001535227
13922,2032-09-26,1874,Clothing,South,2,36.78,0.14,COD,2,3.6,63.26,73.56,10.2984,63.2616,2032,September,9,Q3,Sunday,-0.0016000000000033765
13923,2032-09-27,1440,Electronics,East,3,515.38,0.17,COD,7,1.6,1283.3,1546.1399999999999,262.8438,1283.2961999999998,2032,September,9,Q3,Monday,0.0038000000001829903
13924,2032-09-28,1532,Clothing,South,4,545.17,0.15,Card,11,4.9,1853.58,2180.68,327.102,1853.578,2032,September,9,Q3,Tuesday,0.0019999999999527063
13925,2032-09-29,1195,Electronics,South,1,512.51,0.29,Card,11,1.7,363.88,512.51,148.62789999999998,363.88210000000004,2032,September,9,Q3,Wednesday,-0.002100000000041291
13926,2032-09-30,1689,Beauty,West,4,497.41,0.16,Wallet,3,3.2,1671.3,1989.64,318.3424,1671.2976,2032,September,9,Q3,Thursday,0.002399999999852298
13927,2032-10-01,1928,Electronics,North,5,450.8,0.1,Card,2,3.7,2028.6,2254.0,225.4,2028.6,2032,October,10,Q4,Friday,0.0
13928,2032-10-02,1986,Clothing,North,5,385.56,0.27,COD,1,4.3,1407.29,1927.8,520.506,1407.2939999999999,2032,October,10,Q4,Saturday,-0.0039999999999054126
13929,2032-10-03,1518,Electronics,East,2,412.0,0.3,Card,7,2.8,576.8,824.0,247.2,576.8,2032,October,10,Q4,Sunday,0.0
13930,2032-10-04,1069,Electronics,East,6,486.74,0.15,Wallet,3,4.7,2482.37,2920.44,438.066,2482.3740000000003,2032,October,10,Q4,Monday,-0.00400000000036016
13931,2032-10-05,1638,Home,West,2,402.56,0.23,Wallet,6,2.9,619.94,805.12,185.1776,619.9424,2032,October,10,Q4,Tuesday,-0.002399999999965985
13932,2032-10-06,1398,Electronics,North,7,206.72,0.02,Card,10,2.0,1418.1,1447.04,28.9408,1418.0991999999999,2032,October,10,Q4,Wednesday,0.0008000000000265572
13933,2032-10-07,1977,Electronics,East,6,234.94,0.19,Card,8,3.4,1141.81,1409.6399999999999,267.8316,1141.8084,2032,October,10,Q4,Thursday,0.0016000000000531145
13934,2032-10-08,1671,Clothing,East,6,539.78,0.02,COD,6,3.6,3173.91,3238.68,64.7736,3173.9064,2032,October,10,Q4,Friday,0.0036000000000058208
13935,2032-10-09,1759,Electronics,North,6,25.02,0.01,Card,7,3.0,148.62,150.12,1.5012,148.6188,2032,October,10,Q4,Saturday,0.0012000000000114142
13936,2032-10-10,1202,Electronics,South,6,423.81,0.21,Card,11,3.9,2008.86,2542.86,534.0006,2008.8594000000003,2032,October,10,Q4,Sunday,0.000599999999622014
13937,2032-10-11,1147,Home,East,5,573.54,0.11,COD,6,2.7,2552.25,2867.7,315.447,2552.2529999999997,2032,October,10,Q4,Monday,-0.0029999999997016857
13938,2032-10-12,1471,Home,North,7,428.14,0.26,Card,7,1.0,2217.77,2996.98,779.2148000000001,2217.7652,2032,October,10,Q4,Tuesday,0.0048000000001593435
13939,2032-10-13,1654,Beauty,East,5,596.44,0.31,Card,5,2.1,2057.72,2982.2000000000003,924.4820000000001,2057.7180000000003,2032,October,10,Q4,Wednesday,0.001999999999497959
13940,2032-10-14,1943,Beauty,West,3,417.21,0.05,COD,9,4.8,1189.05,1251.6299999999999,62.5815,1189.0484999999999,2032,October,10,Q4,Thursday,0.0015000000000782165
13941,2032-10-15,1198,Home,East,7,35.1,0.25,COD,3,4.1,184.28,245.70000000000002,61.425000000000004,184.275,2032,October,10,Q4,Friday,0.0049999999999954525
13942,2032-10-16,1916,Electronics,North,5,498.8,0.18,Card,6,1.8,2045.08,2494.0,448.91999999999996,2045.08,2032,October,10,Q4,Saturday,0.0
13943,2032-10-17,1425,Home,East,2,181.51,0.04,COD,9,1.3,348.5,363.02,14.5208,348.4992,2032,October,10,Q4,Sunday,0.0008000000000265572
13944,2032-10-18,1665,Home,West,5,275.94,0.23,COD,1,2.4,1062.37,1379.7,317.331,1062.3690000000001,2032,October,10,Q4,Monday,0.0009999999997489795
13945,2032-10-19,1491,Home,West,7,197.57,0.21,COD,5,4.3,1092.56,1382.99,290.42789999999997,1092.5621,2032,October,10,Q4,Tuesday,-0.002100000000154978
13946,2032-10-20,1887,Clothing,East,7,172.1,0.18,Card,4,1.4,987.85,1204.7,216.846,987.854,2032,October,10,Q4,Wednesday,-0.004000000000019099
13947,2032-10-21,1895,Electronics,East,2,267.37,0.32,Card,9,3.2,363.62,534.74,171.1168,363.6232,2032,October,10,Q4,Thursday,-0.003199999999992542
13948,2032-10-22,1141,Home,West,1,236.57,0.18,Wallet,11,2.1,193.99,236.57,42.5826,193.98739999999998,2032,October,10,Q4,Friday,0.0026000000000294676
13949,2032-10-23,1312,Home,West,7,385.5,0.35,Wallet,11,3.9,1754.02,2698.5,944.4749999999999,1754.025,2032,October,10,Q4,Saturday,-0.005000000000109139
13950,2032-10-24,1164,Beauty,South,5,490.69,0.18,COD,1,1.0,2011.83,2453.45,441.6209999999999,2011.829,2032,October,10,Q4,Sunday,0.0009999999999763531
13951,2032-10-25,1313,Electronics,South,2,188.8,0.04,Card,4,2.1,362.5,377.6,15.104000000000001,362.49600000000004,2032,October,10,Q4,Monday,0.003999999999962256
13952,2032-10-26,1020,Electronics,West,6,140.03,0.16,COD,1,3.7,705.75,840.1800000000001,134.42880000000002,705.7512,2032,October,10,Q4,Tuesday,-0.0012000000000398359
13953,2032-10-27,1081,Electronics,East,7,405.13,0.06,Wallet,3,3.2,2665.76,2835.91,170.1546,2665.7554,2032,October,10,Q4,Wednesday,0.004600000000209548
13954,2032-10-28,1580,Home,North,4,407.14,0.21,Card,4,4.1,1286.56,1628.56,341.9976,1286.5624,2032,October,10,Q4,Thursday,-0.0024000000000796717
13955,2032-10-29,1130,Electronics,East,6,542.16,0.24,Card,1,1.6,2472.25,3252.96,780.7103999999999,2472.2496,2032,October,10,Q4,Friday,0.0003999999998995918
13956,2032-10-30,1598,Electronics,East,3,24.33,0.16,COD,5,3.1,61.31,72.99,11.6784,61.3116,2032,October,10,Q4,Saturday,-0.001599999999996271
13957,2032-10-31,1729,Beauty,South,7,514.03,0.03,Wallet,6,1.8,3490.26,3598.21,107.9463,3490.2637,2032,October,10,Q4,Sunday,-0.003699999999753345
13958,2032-11-01,1932,Electronics,South,2,319.79,0.16,Card,1,3.6,537.25,639.58,102.3328,537.2472,2032,November,11,Q4,Monday,0.0027999999999792635
13959,2032-11-02,1983,Home,South,6,378.46,0.03,COD,10,1.5,2202.64,2270.7599999999998,68.12279999999998,2202.6371999999997,2032,November,11,Q4,Tuesday,0.002800000000206637
13960,2032-11-03,1304,Clothing,West,5,68.45,0.24,COD,11,1.6,260.11,342.25,82.14,260.11,2032,November,11,Q4,Wednesday,0.0
13961,2032-11-04,1914,Home,West,5,268.08,0.28,COD,10,2.3,965.09,1340.3999999999999,375.312,965.0879999999999,2032,November,11,Q4,Thursday,0.00200000000018008
13962,2032-11-05,1370,Clothing,East,7,147.97,0.34,COD,4,2.6,683.62,1035.79,352.1686,683.6214,2032,November,11,Q4,Friday,-0.0013999999999896318
13963,2032-11-06,1856,Beauty,East,1,163.72,0.05,COD,4,3.0,155.53,163.72,8.186,155.534,2032,November,11,Q4,Saturday,-0.003999999999990678
13964,2032-11-07,1852,Beauty,North,4,309.9,0.19,Card,1,3.3,1004.08,1239.6,235.52399999999997,1004.0759999999999,2032,November,11,Q4,Sunday,0.004000000000132786
13965,2032-11-08,1383,Electronics,East,7,490.29,0.2,Card,2,2.9,2745.62,3432.03,686.4060000000001,2745.6240000000003,2032,November,11,Q4,Monday,-0.00400000000036016
13966,2032-11-09,1907,Electronics,East,2,450.11,0.32,COD,11,1.2,612.15,900.22,288.0704,612.1496,2032,November,11,Q4,Tuesday,0.0004000000000132786
13967,2032-11-10,1444,Electronics,South,6,360.73,0.22,Card,10,2.4,1688.22,2164.38,476.16360000000003,1688.2164,2032,November,11,Q4,Wednesday,0.0036000000000058208
13968,2032-11-11,1424,Home,South,4,330.56,0.05,COD,5,1.2,1256.13,1322.24,66.11200000000001,1256.128,2032,November,11,Q4,Thursday,0.00200000000018008
13969,2032-11-12,1160,Beauty,South,1,264.97,0.15,COD,2,1.5,225.22,264.97,39.7455,225.22450000000003,2032,November,11,Q4,Friday,-0.004500000000035698
13970,2032-11-13,1177,Clothing,South,7,584.04,0.23,Card,3,1.4,3147.98,4088.2799999999997,940.3044,3147.9755999999998,2032,November,11,Q4,Saturday,0.004400000000259752
13971,2032-11-14,1628,Clothing,South,3,342.71,0.25,COD,9,1.6,771.1,1028.1299999999999,257.03249999999997,771.0974999999999,2032,November,11,Q4,Sunday,0.0025000000001682565
13972,2032-11-15,1707,Electronics,North,4,163.57,0.3,COD,5,4.3,458.0,654.28,196.284,457.996,2032,November,11,Q4,Monday,0.004000000000019099
13973,2032-11-16,1894,Home,North,1,149.6,0.06,Card,1,3.5,140.62,149.6,8.975999999999999,140.624,2032,November,11,Q4,Tuesday,-0.003999999999990678
13974,2032-11-17,1489,Beauty,North,7,372.64,0.33,COD,5,3.0,1747.68,2608.48,860.7984,1747.6816,2032,November,11,Q4,Wednesday,-0.0015999999998257408
13975,2032-11-18,1326,Electronics,South,7,320.85,0.02,Wallet,3,3.9,2201.03,2245.9500000000003,44.919000000000004,2201.0310000000004,2032,November,11,Q4,Thursday,-0.0010000000002037268
13976,2032-11-19,1597,Clothing,West,2,19.5,0.34,Card,1,4.8,25.74,39.0,13.260000000000002,25.74,2032,November,11,Q4,Friday,0.0
13977,2032-11-20,1288,Electronics,South,7,500.59,0.3,COD,3,2.7,2452.89,3504.1299999999997,1051.2389999999998,2452.8909999999996,2032,November,11,Q4,Saturday,-0.0009999999997489795
13978,2032-11-21,1592,Clothing,South,3,426.91,0.23,Card,11,2.5,986.16,1280.73,294.5679,986.1621,2032,November,11,Q4,Sunday,-0.002100000000041291
13979,2032-11-22,1663,Clothing,North,7,402.17,0.26,Card,6,4.9,2083.24,2815.19,731.9494000000001,2083.2406,2032,November,11,Q4,Monday,-0.000600000000304135
13980,2032-11-23,1572,Electronics,South,5,55.24,0.03,Card,10,4.1,267.91,276.2,8.286,267.914,2032,November,11,Q4,Tuesday,-0.003999999999962256
13981,2032-11-24,1572,Clothing,North,1,226.8,0.01,COD,5,4.1,224.53,226.8,2.2680000000000002,224.532,2032,November,11,Q4,Wednesday,-0.0020000000000095497
13982,2032-11-25,1353,Electronics,South,5,562.2,0.04,Card,1,3.4,2698.56,2811.0,112.44,2698.56,2032,November,11,Q4,Thursday,0.0
13983,2032-11-26,1027,Clothing,East,7,519.61,0.03,Card,11,3.0,3528.15,3637.27,109.1181,3528.1519,2032,November,11,Q4,Friday,-0.0018999999997504347
13984,2032-11-27,1953,Clothing,West,3,182.04,0.19,COD,2,3.2,442.36,546.12,103.7628,442.35720000000003,2032,November,11,Q4,Saturday,0.0027999999999792635
13985,2032-11-28,1042,Electronics,West,1,106.88,0.08,Card,5,3.6,98.33,106.88,8.5504,98.3296,2032,November,11,Q4,Sunday,0.00039999999999906777
13986,2032-11-29,1680,Home,North,1,277.72,0.3,Card,9,2.5,194.4,277.72,83.316,194.40400000000002,2032,November,11,Q4,Monday,-0.004000000000019099
13987,2032-11-30,1422,Home,East,7,223.16,0.16,Card,11,4.1,1312.18,1562.12,249.9392,1312.1807999999999,2032,November,11,Q4,Tuesday,-0.0007999999997991836
13988,2032-12-01,1597,Clothing,West,3,414.1,0.24,Card,5,4.6,944.15,1242.3000000000002,298.15200000000004,944.1480000000001,2032,December,12,Q4,Wednesday,0.0019999999998390194
13989,2032-12-02,1176,Electronics,North,2,580.36,0.23,COD,5,3.3,893.75,1160.72,266.9656,893.7544,2032,December,12,Q4,Thursday,-0.004400000000032378
13990,2032-12-03,1528,Home,South,1,227.36,0.11,Card,1,2.5,202.35,227.36,25.009600000000002,202.3504,2032,December,12,Q4,Friday,-0.0004000000000132786
13991,2032-12-04,1609,Beauty,South,3,51.4,0.09,Card,5,3.8,140.32,154.2,13.877999999999998,140.322,2032,December,12,Q4,Saturday,-0.0020000000000095497
13992,2032-12-05,1965,Electronics,East,4,540.1,0.12,Wallet,8,1.7,1901.15,2160.4,259.248,1901.152,2032,December,12,Q4,Sunday,-0.0019999999999527063
13993,2032-12-06,1493,Electronics,West,5,37.2,0.28,Wallet,9,4.9,133.92,186.0,52.080000000000005,133.92,2032,December,12,Q4,Monday,0.0
13994,2032-12-07,1197,Electronics,South,1,572.37,0.21,Wallet,10,3.6,452.17,572.37,120.1977,452.1723,2032,December,12,Q4,Tuesday,-0.002299999999991087
13995,2032-12-08,1609,Clothing,North,4,403.78,0.09,Wallet,3,1.3,1469.76,1615.12,145.36079999999998,1469.7592,2032,December,12,Q4,Wednesday,0.0008000000000265572
13996,2032-12-09,1576,Electronics,South,1,565.89,0.29,COD,4,3.1,401.78,565.89,164.10809999999998,401.7819,2032,December,12,Q4,Thursday,-0.0019000000000346517
13997,2032-12-10,1841,Clothing,South,2,131.8,0.02,COD,7,4.0,258.33,263.6,5.272,258.32800000000003,2032,December,12,Q4,Friday,0.0019999999999527063
13998,2032-12-11,1852,Home,West,7,38.81,0.24,COD,7,2.1,206.47,271.67,65.2008,206.4692,2032,December,12,Q4,Saturday,0.0007999999999981355
13999,2032-12-12,1516,Clothing,West,3,300.6,0.15,COD,1,1.2,766.53,901.8000000000001,135.27,766.5300000000001,2032,December,12,Q4,Sunday,-1.1368683772161603e-13
14000,2032-12-13,1513,Clothing,North,1,278.61,0.26,COD,11,3.0,206.17,278.61,72.43860000000001,206.1714,2032,December,12,Q4,Monday,-0.0014000000000180535
14001,2032-12-14,1021,Clothing,East,3,208.92,0.32,Card,6,4.3,426.2,626.76,200.5632,426.1968,2032,December,12,Q4,Tuesday,0.003199999999992542
14002,2032-12-15,1111,Clothing,East,6,575.23,0.26,Wallet,9,2.0,2554.02,3451.38,897.3588000000001,2554.0212,2032,December,12,Q4,Wednesday,-0.0012000000001535227
14003,2032-12-16,1056,Electronics,South,1,496.21,0.15,COD,5,3.9,421.78,496.21,74.4315,421.7785,2032,December,12,Q4,Thursday,0.0014999999999645297
14004,2032-12-17,1065,Electronics,North,2,402.03,0.05,Wallet,8,2.6,763.86,804.06,40.203,763.857,2032,December,12,Q4,Friday,0.0030000000000427463
14005,2032-12-18,1841,Beauty,East,2,110.27,0.28,Card,11,1.2,158.79,220.54,61.751200000000004,158.78879999999998,2032,December,12,Q4,Saturday,0.0012000000000114142
14006,2032-12-19,1097,Electronics,East,7,444.58,0.16,Card,10,2.2,2614.13,3112.06,497.9296,2614.1304,2032,December,12,Q4,Sunday,-0.0003999999998995918
14007,2032-12-20,1143,Home,South,7,440.3,0.03,Card,11,2.3,2989.64,3082.1,92.463,2989.6369999999997,2032,December,12,Q4,Monday,0.003000000000156433
14008,2032-12-21,1879,Beauty,North,4,263.66,0.25,COD,9,4.6,790.98,1054.64,263.66,790.98,2032,December,12,Q4,Tuesday,0.0
14009,2032-12-22,1434,Electronics,East,2,556.0,0.1,Card,10,4.9,1000.8,1112.0,111.2,1000.8,2032,December,12,Q4,Wednesday,0.0
14010,2032-12-23,1636,Clothing,West,3,112.68,0.02,Card,10,1.8,331.28,338.04,6.760800000000001,331.2792,2032,December,12,Q4,Thursday,0.0007999999999697138
14011,2032-12-24,1678,Clothing,West,6,171.39,0.32,Card,3,2.7,699.27,1028.34,329.06879999999995,699.2711999999999,2032,December,12,Q4,Friday,-0.001199999999926149
14012,2032-12-25,1085,Beauty,South,2,51.99,0.17,Card,1,4.9,86.3,103.98,17.6766,86.30340000000001,2032,December,12,Q4,Saturday,-0.0034000000000133923
14013,2032-12-26,1587,Beauty,South,1,480.34,0.1,COD,2,2.6,432.31,480.34,48.034,432.306,2032,December,12,Q4,Sunday,0.004000000000019099
14014,2032-12-27,1343,Home,South,2,378.73,0.25,Wallet,5,2.4,568.1,757.46,189.365,568.095,2032,December,12,Q4,Monday,0.0049999999999954525
14015,2032-12-28,1935,Electronics,South,6,199.24,0.31,Card,10,1.4,824.85,1195.44,370.5864,824.8536,2032,December,12,Q4,Tuesday,-0.0036000000000058208
14016,2032-12-29,1293,Home,East,3,110.83,0.0,COD,7,4.0,332.49,332.49,0.0,332.49,2032,December,12,Q4,Wednesday,0.0
14017,2032-12-30,1955,Clothing,North,1,38.49,0.24,Card,11,2.8,29.25,38.49,9.2376,29.2524,2032,December,12,Q4,Thursday,-0.002400000000001512
14018,2032-12-31,1570,Clothing,South,4,112.55,0.27,Card,6,3.6,328.65,450.2,121.554,328.64599999999996,2032,December,12,Q4,Friday,0.004000000000019099
14019,2033-01-01,1649,Electronics,South,4,280.17,0.07,COD,4,3.0,1042.23,1120.68,78.44760000000001,1042.2324,2033,January,1,Q1,Saturday,-0.0024000000000796717
14020,2033-01-02,1610,Electronics,East,4,159.6,0.17,COD,9,1.7,529.87,638.4,108.528,529.872,2033,January,1,Q1,Sunday,-0.0019999999999527063
14021,2033-01-03,1703,Home,South,7,166.5,0.03,Wallet,11,1.7,1130.54,1165.5,34.964999999999996,1130.535,2033,January,1,Q1,Monday,0.004999999999881766
14022,2033-01-04,1242,Clothing,South,1,527.21,0.26,COD,4,4.8,390.14,527.21,137.0746,390.1354,2033,January,1,Q1,Tuesday,0.004599999999982174
14023,2033-01-05,1830,Electronics,North,4,316.36,0.3,Wallet,3,4.6,885.81,1265.44,379.632,885.808,2033,January,1,Q1,Wednesday,0.0019999999999527063
14024,2033-01-06,1560,Clothing,West,7,441.61,0.04,Card,11,3.4,2967.62,3091.27,123.6508,2967.6192,2033,January,1,Q1,Thursday,0.0007999999997991836
14025,2033-01-07,1959,Beauty,South,2,35.89,0.29,Card,5,1.0,50.96,71.78,20.8162,50.963800000000006,2033,January,1,Q1,Friday,-0.0038000000000053547
14026,2033-01-08,1031,Home,East,1,228.62,0.27,Card,4,2.7,166.89,228.62,61.7274,166.89260000000002,2033,January,1,Q1,Saturday,-0.0026000000000294676
14027,2033-01-09,1390,Electronics,North,1,295.31,0.12,COD,2,3.1,259.87,295.31,35.4372,259.8728,2033,January,1,Q1,Sunday,-0.0027999999999792635
14028,2033-01-10,1276,Electronics,East,1,124.05,0.24,Card,3,2.8,94.28,124.05,29.772,94.27799999999999,2033,January,1,Q1,Monday,0.0020000000000095497
14029,2033-01-11,1531,Electronics,North,5,85.31,0.0,Card,7,4.7,426.55,426.55,0.0,426.55,2033,January,1,Q1,Tuesday,0.0
14030,2033-01-12,1153,Beauty,North,7,524.13,0.33,COD,2,1.2,2458.17,3668.91,1210.7403,2458.1697,2033,January,1,Q1,Wednesday,0.0003000000001520675
14031,2033-01-13,1382,Clothing,South,3,564.57,0.19,Card,1,3.6,1371.91,1693.71,321.80490000000003,1371.9051,2033,January,1,Q1,Thursday,0.004900000000134241
14032,2033-01-14,1067,Clothing,South,5,61.1,0.22,Card,2,2.3,238.29,305.5,67.21,238.29000000000002,2033,January,1,Q1,Friday,-2.842170943040401e-14
14033,2033-01-15,1877,Clothing,South,5,219.18,0.23,Card,8,3.2,843.84,1095.9,252.05700000000004,843.8430000000001,2033,January,1,Q1,Saturday,-0.0030000000000427463
14034,2033-01-16,1883,Clothing,West,5,575.6,0.2,Card,8,3.6,2302.4,2878.0,575.6,2302.4,2033,January,1,Q1,Sunday,0.0
14035,2033-01-17,1213,Home,West,3,63.65,0.3,COD,10,2.8,133.66,190.95,57.285,133.665,2033,January,1,Q1,Monday,-0.0049999999999954525
14036,2033-01-18,1654,Clothing,East,5,391.53,0.21,COD,2,1.6,1546.54,1957.6499999999999,411.1065,1546.5434999999998,2033,January,1,Q1,Tuesday,-0.003499999999803549
14037,2033-01-19,1375,Electronics,South,4,583.75,0.32,Card,6,3.1,1587.8,2335.0,747.2,1587.8,2033,January,1,Q1,Wednesday,0.0
14038,2033-01-20,1743,Electronics,West,1,587.26,0.2,Card,11,4.7,469.81,587.26,117.452,469.808,2033,January,1,Q1,Thursday,0.0020000000000095497
14039,2033-01-21,1212,Clothing,South,1,290.67,0.06,Wallet,11,3.1,273.23,290.67,17.4402,273.2298,2033,January,1,Q1,Friday,0.0002000000000066393
14040,2033-01-22,1078,Beauty,West,7,110.21,0.32,COD,11,1.5,524.6,771.4699999999999,246.8704,524.5995999999999,2033,January,1,Q1,Saturday,0.00040000000012696546
14041,2033-01-23,1725,Electronics,West,2,133.22,0.24,COD,7,4.3,202.49,266.44,63.9456,202.49439999999998,2033,January,1,Q1,Sunday,-0.004399999999975535
14042,2033-01-24,1627,Beauty,North,6,535.42,0.24,COD,1,1.9,2441.52,3212.5199999999995,771.0047999999998,2441.5152,2033,January,1,Q1,Monday,0.0048000000001593435
14043,2033-01-25,1603,Home,South,4,548.33,0.34,Card,7,2.5,1447.59,2193.32,745.7288000000001,1447.5912,2033,January,1,Q1,Tuesday,-0.0012000000001535227
14044,2033-01-26,1781,Electronics,South,3,370.61,0.03,Wallet,11,2.7,1078.48,1111.83,33.354899999999994,1078.4750999999999,2033,January,1,Q1,Wednesday,0.004900000000134241
14045,2033-01-27,1922,Electronics,West,6,463.21,0.15,COD,8,2.4,2362.37,2779.2599999999998,416.88899999999995,2362.3709999999996,2033,January,1,Q1,Thursday,-0.0009999999997489795
14046,2033-01-28,1380,Electronics,South,1,447.86,0.08,Card,9,2.6,412.03,447.86,35.8288,412.0312,2033,January,1,Q1,Friday,-0.0012000000000398359
14047,2033-01-29,1679,Home,West,5,402.17,0.22,Card,8,4.2,1568.46,2010.8500000000001,442.38700000000006,1568.4630000000002,2033,January,1,Q1,Saturday,-0.003000000000156433
14048,2033-01-30,1057,Electronics,South,7,498.96,0.28,Card,3,1.9,2514.76,3492.72,977.9616000000001,2514.7583999999997,2033,January,1,Q1,Sunday,0.0016000000005078618
14049,2033-01-31,1795,Clothing,North,7,415.96,0.34,Card,8,2.9,1921.74,2911.72,989.9848,1921.7351999999998,2033,January,1,Q1,Monday,0.0048000000001593435
14050,2033-02-01,1025,Clothing,South,2,327.39,0.16,Wallet,3,1.1,550.02,654.78,104.7648,550.0151999999999,2033,February,2,Q1,Tuesday,0.004800000000045657
14051,2033-02-02,1880,Home,North,2,153.62,0.28,Wallet,6,3.0,221.21,307.24,86.02720000000001,221.21280000000002,2033,February,2,Q1,Wednesday,-0.0028000000000076852
14052,2033-02-03,1446,Electronics,East,1,450.17,0.32,Card,4,1.4,306.12,450.17,144.05440000000002,306.1156,2033,February,2,Q1,Thursday,0.004400000000032378
14053,2033-02-04,1065,Clothing,South,4,291.96,0.24,Card,7,2.1,887.56,1167.84,280.28159999999997,887.5583999999999,2033,February,2,Q1,Friday,0.0016000000000531145
14054,2033-02-05,1920,Clothing,South,7,187.45,0.08,COD,8,2.3,1207.18,1312.1499999999999,104.972,1207.1779999999999,2033,February,2,Q1,Saturday,0.00200000000018008
14055,2033-02-06,1759,Clothing,South,6,484.14,0.21,Card,10,1.3,2294.82,2904.84,610.0164,2294.8236,2033,February,2,Q1,Sunday,-0.0036000000000058208
14056,2033-02-07,1253,Home,North,2,422.58,0.34,COD,6,2.4,557.81,845.16,287.3544,557.8055999999999,2033,February,2,Q1,Monday,0.004400000000032378
14057,2033-02-08,1898,Electronics,South,1,563.34,0.35,COD,10,3.0,366.17,563.34,197.169,366.17100000000005,2033,February,2,Q1,Tuesday,-0.0010000000000331966
14058,2033-02-09,1967,Home,South,4,111.78,0.22,COD,4,2.7,348.75,447.12,98.3664,348.7536,2033,February,2,Q1,Wednesday,-0.0036000000000058208
14059,2033-02-10,1043,Home,West,1,394.78,0.31,COD,8,2.1,272.4,394.78,122.38179999999998,272.3982,2033,February,2,Q1,Thursday,0.0018000000000029104
14060,2033-02-11,1096,Clothing,East,1,157.88,0.07,COD,7,2.2,146.83,157.88,11.0516,146.8284,2033,February,2,Q1,Friday,0.0016000000000246928
14061,2033-02-12,1553,Home,North,4,543.6,0.09,Wallet,10,3.5,1978.7,2174.4,195.696,1978.7040000000002,2033,February,2,Q1,Saturday,-0.004000000000132786
14062,2033-02-13,1226,Clothing,West,4,73.21,0.33,Card,8,3.9,196.2,292.84,96.63719999999999,196.20279999999997,2033,February,2,Q1,Sunday,-0.0027999999999792635
14063,2033-02-14,1773,Electronics,North,4,398.85,0.05,Wallet,10,3.3,1515.63,1595.4,79.77000000000001,1515.63,2033,February,2,Q1,Monday,0.0
14064,2033-02-15,1678,Home,West,1,477.79,0.07,Card,7,4.9,444.34,477.79,33.4453,444.3447,2033,February,2,Q1,Tuesday,-0.004700000000013915
14065,2033-02-16,1435,Clothing,East,2,222.63,0.15,Card,3,4.8,378.47,445.26,66.789,378.471,2033,February,2,Q1,Wednesday,-0.0009999999999763531
14066,2033-02-17,1790,Clothing,West,3,573.17,0.21,Card,3,1.4,1358.41,1719.5099999999998,361.09709999999995,1358.4128999999998,2033,February,2,Q1,Thursday,-0.002899999999726788
14067,2033-02-18,1600,Electronics,North,3,512.68,0.21,COD,9,2.0,1215.05,1538.04,322.98839999999996,1215.0516,2033,February,2,Q1,Friday,-0.0016000000000531145
14068,2033-02-19,1378,Beauty,South,1,187.35,0.1,Card,7,4.5,168.62,187.35,18.735,168.615,2033,February,2,Q1,Saturday,0.0049999999999954525
14069,2033-02-20,1177,Clothing,South,1,19.41,0.32,Wallet,1,1.1,13.2,19.41,6.2112,13.1988,2033,February,2,Q1,Sunday,0.0011999999999989797
14070,2033-02-21,1426,Electronics,East,2,188.54,0.32,COD,3,3.4,256.41,377.08,120.6656,256.4144,2033,February,2,Q1,Monday,-0.004399999999975535
14071,2033-02-22,1914,Clothing,North,4,179.57,0.14,Card,11,4.8,617.72,718.28,100.5592,617.7207999999999,2033,February,2,Q1,Tuesday,-0.0007999999999128704
14072,2033-02-23,1708,Home,North,1,535.63,0.15,COD,1,3.7,455.29,535.63,80.3445,455.2855,2033,February,2,Q1,Wednesday,0.004500000000007276
14073,2033-02-24,1306,Home,North,7,580.77,0.25,Wallet,6,1.4,3049.04,4065.39,1016.3475,3049.0425,2033,February,2,Q1,Thursday,-0.0025000000000545697
14074,2033-02-25,1778,Clothing,East,5,56.21,0.23,COD,2,4.0,216.41,281.05,64.64150000000001,216.4085,2033,February,2,Q1,Friday,0.0014999999999929514
14075,2033-02-26,1503,Beauty,South,4,290.71,0.13,Card,7,2.5,1011.67,1162.84,151.1692,1011.6707999999999,2033,February,2,Q1,Saturday,-0.0007999999999128704
14076,2033-02-27,1267,Electronics,West,7,335.77,0.14,Wallet,8,4.7,2021.34,2350.39,329.0546,2021.3354,2033,February,2,Q1,Sunday,0.004599999999982174
14077,2033-02-28,1585,Clothing,East,1,69.35,0.12,COD,6,2.1,61.03,69.35,8.322,61.02799999999999,2033,February,2,Q1,Monday,0.0020000000000095497
14078,2033-03-01,1007,Beauty,West,5,235.84,0.08,Card,5,2.9,1084.86,1179.2,94.336,1084.864,2033,March,3,Q1,Tuesday,-0.004000000000132786
14079,2033-03-02,1919,Beauty,South,7,200.49,0.16,Card,10,4.0,1178.88,1403.43,224.54880000000003,1178.8812,2033,March,3,Q1,Wednesday,-0.001199999999926149
14080,2033-03-03,1507,Home,East,6,328.59,0.24,COD,4,2.0,1498.37,1971.54,473.16959999999995,1498.3704,2033,March,3,Q1,Thursday,-0.00040000000012696546
14081,2033-03-04,1475,Beauty,South,2,401.8,0.26,Wallet,9,1.7,594.66,803.6,208.936,594.664,2033,March,3,Q1,Friday,-0.004000000000019099
14082,2033-03-05,1296,Electronics,West,5,426.54,0.27,Card,8,1.0,1556.87,2132.7000000000003,575.8290000000001,1556.871,2033,March,3,Q1,Saturday,-0.0010000000002037268
14083,2033-03-06,1163,Beauty,North,1,95.0,0.13,Card,5,3.0,82.65,95.0,12.35,82.65,2033,March,3,Q1,Sunday,0.0
14084,2033-03-07,1484,Electronics,North,3,490.57,0.27,Wallet,1,4.7,1074.35,1471.71,397.36170000000004,1074.3483,2033,March,3,Q1,Monday,0.0016999999998006388
14085,2033-03-08,1596,Electronics,West,7,411.95,0.0,Card,8,2.1,2883.65,2883.65,0.0,2883.65,2033,March,3,Q1,Tuesday,0.0
14086,2033-03-09,1071,Electronics,North,1,535.11,0.17,Wallet,8,1.2,444.14,535.11,90.96870000000001,444.1413,2033,March,3,Q1,Wednesday,-0.0013000000000147338
14087,2033-03-10,1566,Clothing,West,3,277.86,0.28,Card,7,3.5,600.18,833.58,233.40240000000003,600.1776,2033,March,3,Q1,Thursday,0.002399999999965985
14088,2033-03-11,1904,Electronics,East,2,537.93,0.22,COD,7,1.2,839.17,1075.86,236.68919999999997,839.1707999999999,2033,March,3,Q1,Friday,-0.0007999999999128704
14089,2033-03-12,1558,Electronics,East,2,521.48,0.17,Card,8,3.0,865.66,1042.96,177.30320000000003,865.6568,2033,March,3,Q1,Saturday,0.003199999999992542
14090,2033-03-13,1910,Electronics,East,4,271.47,0.23,Wallet,1,2.5,836.13,1085.88,249.75240000000002,836.1276,2033,March,3,Q1,Sunday,0.002399999999965985
14091,2033-03-14,1943,Electronics,North,7,237.97,0.32,COD,3,2.9,1132.74,1665.79,533.0528,1132.7372,2033,March,3,Q1,Monday,0.0027999999999792635
14092,2033-03-15,1237,Clothing,South,4,560.7,0.2,Wallet,4,1.7,1794.24,2242.8,448.56000000000006,1794.2400000000002,2033,March,3,Q1,Tuesday,-2.2737367544323206e-13
14093,2033-03-16,1103,Clothing,North,3,433.37,0.28,COD,11,1.4,936.08,1300.1100000000001,364.03080000000006,936.0792000000001,2033,March,3,Q1,Wednesday,0.0007999999999128704
14094,2033-03-17,1209,Electronics,North,3,558.02,0.34,Card,6,4.0,1104.88,1674.06,569.1804000000001,1104.8795999999998,2033,March,3,Q1,Thursday,0.00040000000035433914
14095,2033-03-18,1553,Home,South,2,481.23,0.25,Card,10,2.0,721.84,962.46,240.615,721.845,2033,March,3,Q1,Friday,-0.0049999999999954525
14096,2033-03-19,1827,Beauty,South,5,371.44,0.2,COD,10,4.2,1485.76,1857.2,371.44000000000005,1485.76,2033,March,3,Q1,Saturday,0.0
14097,2033-03-20,1467,Home,South,3,82.77,0.01,COD,9,4.0,245.83,248.31,2.4831,245.8269,2033,March,3,Q1,Sunday,0.003100000000017644
14098,2033-03-21,1453,Electronics,South,3,185.52,0.13,Wallet,4,1.8,484.21,556.5600000000001,72.35280000000002,484.20720000000006,2033,March,3,Q1,Monday,0.00279999999992242
14099,2033-03-22,1267,Home,North,7,581.77,0.2,Card,6,4.6,3257.91,4072.39,814.4780000000001,3257.912,2033,March,3,Q1,Tuesday,-0.0019999999999527063
14100,2033-03-23,1385,Electronics,West,5,201.86,0.28,COD,9,1.6,726.7,1009.3000000000001,282.60400000000004,726.696,2033,March,3,Q1,Wednesday,0.004000000000019099
14101,2033-03-24,1774,Electronics,East,4,69.55,0.15,Wallet,9,4.2,236.47,278.2,41.73,236.47,2033,March,3,Q1,Thursday,0.0
14102,2033-03-25,1847,Electronics,West,4,428.92,0.34,Card,6,2.7,1132.35,1715.68,583.3312000000001,1132.3488,2033,March,3,Q1,Friday,0.001199999999926149
14103,2033-03-26,1386,Home,North,3,444.39,0.1,Wallet,5,1.7,1199.85,1333.17,133.317,1199.853,2033,March,3,Q1,Saturday,-0.003000000000156433
14104,2033-03-27,1876,Electronics,South,7,181.99,0.26,Card,3,4.8,942.71,1273.93,331.22180000000003,942.7082,2033,March,3,Q1,Sunday,0.0018000000000029104
14105,2033-03-28,1258,Electronics,East,4,189.14,0.15,COD,5,4.9,643.08,756.56,113.484,643.0759999999999,2033,March,3,Q1,Monday,0.004000000000132786
14106,2033-03-29,1282,Electronics,East,4,289.3,0.17,Card,3,3.0,960.48,1157.2,196.72400000000002,960.476,2033,March,3,Q1,Tuesday,0.004000000000019099
14107,2033-03-30,1625,Beauty,West,6,27.75,0.28,Card,5,2.9,119.88,166.5,46.620000000000005,119.88,2033,March,3,Q1,Wednesday,0.0
14108,2033-03-31,1874,Clothing,North,7,476.75,0.1,Card,10,4.6,3003.52,3337.25,333.725,3003.525,2033,March,3,Q1,Thursday,-0.005000000000109139
14109,2033-04-01,1039,Electronics,North,4,200.5,0.03,Wallet,10,3.4,777.94,802.0,24.06,777.94,2033,April,4,Q2,Friday,0.0
14110,2033-04-02,1485,Clothing,North,2,514.45,0.18,Wallet,1,2.1,843.7,1028.9,185.202,843.6980000000001,2033,April,4,Q2,Saturday,0.0019999999999527063
14111,2033-04-03,1928,Clothing,East,1,484.54,0.19,Card,6,2.7,392.48,484.54,92.0626,392.4774,2033,April,4,Q2,Sunday,0.0026000000000294676
14112,2033-04-04,1219,Home,West,3,401.92,0.28,Wallet,7,4.3,868.15,1205.76,337.61280000000005,868.1471999999999,2033,April,4,Q2,Monday,0.0028000000000929504
14113,2033-04-05,1128,Electronics,East,3,205.05,0.34,COD,2,4.4,406.0,615.1500000000001,209.15100000000004,405.999,2033,April,4,Q2,Tuesday,0.0009999999999763531
14114,2033-04-06,1519,Beauty,East,2,317.05,0.02,Wallet,3,4.8,621.42,634.1,12.682,621.418,2033,April,4,Q2,Wednesday,0.0019999999999527063
14115,2033-04-07,1612,Electronics,South,1,275.23,0.21,Card,10,2.2,217.43,275.23,57.798300000000005,217.4317,2033,April,4,Q2,Thursday,-0.0016999999999995907
14116,2033-04-08,1927,Home,West,1,213.25,0.24,Card,9,3.7,162.07,213.25,51.18,162.07,2033,April,4,Q2,Friday,0.0
14117,2033-04-09,1891,Electronics,South,2,511.16,0.35,COD,8,1.3,664.51,1022.32,357.812,664.508,2033,April,4,Q2,Saturday,0.0019999999999527063
14118,2033-04-10,1687,Clothing,North,5,297.85,0.33,Card,4,3.9,997.8,1489.25,491.45250000000004,997.7974999999999,2033,April,4,Q2,Sunday,0.0025000000000545697
14119,2033-04-11,1618,Clothing,East,5,502.14,0.25,COD,11,3.3,1883.02,2510.7,627.675,1883.0249999999999,2033,April,4,Q2,Monday,-0.004999999999881766
14120,2033-04-12,1612,Clothing,West,1,76.55,0.18,Card,8,2.0,62.77,76.55,13.778999999999998,62.771,2033,April,4,Q2,Tuesday,-0.0009999999999976694
14121,2033-04-13,1259,Electronics,North,5,97.5,0.06,Card,11,3.6,458.25,487.5,29.25,458.25,2033,April,4,Q2,Wednesday,0.0
14122,2033-04-14,1989,Home,West,5,586.73,0.13,Card,8,1.5,2552.28,2933.65,381.3745,2552.2755,2033,April,4,Q2,Thursday,0.004500000000007276
14123,2033-04-15,1965,Electronics,East,5,358.84,0.2,Wallet,6,2.3,1435.36,1794.1999999999998,358.84,1435.36,2033,April,4,Q2,Friday,0.0
14124,2033-04-16,1365,Home,West,1,313.22,0.25,Card,1,2.6,234.92,313.22,78.305,234.91500000000002,2033,April,4,Q2,Saturday,0.004999999999967031
14125,2033-04-17,1757,Home,North,5,321.05,0.22,Card,2,4.1,1252.1,1605.25,353.15500000000003,1252.095,2033,April,4,Q2,Sunday,0.004999999999881766
14126,2033-04-18,1786,Clothing,South,3,140.93,0.25,COD,4,2.2,317.09,422.79,105.6975,317.09250000000003,2033,April,4,Q2,Monday,-0.0025000000000545697
14127,2033-04-19,1543,Home,East,6,435.44,0.15,COD,4,1.2,2220.74,2612.64,391.89599999999996,2220.7439999999997,2033,April,4,Q2,Tuesday,-0.0039999999999054126
14128,2033-04-20,1648,Home,South,1,64.6,0.25,COD,2,1.7,48.45,64.6,16.15,48.449999999999996,2033,April,4,Q2,Wednesday,7.105427357601002e-15
14129,2033-04-21,1523,Clothing,East,2,350.39,0.05,COD,9,3.4,665.74,700.78,35.039,665.741,2033,April,4,Q2,Thursday,-0.0009999999999763531
14130,2033-04-22,1906,Home,North,5,348.9,0.06,Card,2,1.1,1639.83,1744.5,104.67,1639.83,2033,April,4,Q2,Friday,0.0
14131,2033-04-23,1813,Electronics,East,4,549.8,0.06,Card,6,4.2,2067.25,2199.2,131.952,2067.2479999999996,2033,April,4,Q2,Saturday,0.0020000000004074536
14132,2033-04-24,1886,Clothing,South,1,322.82,0.31,COD,5,4.6,222.75,322.82,100.07419999999999,222.7458,2033,April,4,Q2,Sunday,0.004199999999997317
14133,2033-04-25,1015,Home,East,7,95.18,0.03,Wallet,4,3.0,646.27,666.26,19.9878,646.2722,2033,April,4,Q2,Monday,-0.002200000000016189
14134,2033-04-26,1128,Clothing,North,2,350.06,0.28,COD,6,3.8,504.09,700.12,196.0336,504.0864,2033,April,4,Q2,Tuesday,0.0035999999999489773
14135,2033-04-27,1574,Electronics,East,6,68.43,0.08,Card,4,2.9,377.73,410.58000000000004,32.8464,377.7336,2033,April,4,Q2,Wednesday,-0.0036000000000058208
14136,2033-04-28,1108,Clothing,South,3,134.22,0.16,Card,9,2.2,338.23,402.65999999999997,64.4256,338.23439999999994,2033,April,4,Q2,Thursday,-0.004399999999918691
14137,2033-04-29,1886,Home,North,7,33.2,0.32,Card,11,1.7,158.03,232.40000000000003,74.36800000000001,158.03200000000004,2033,April,4,Q2,Friday,-0.0020000000000379714
14138,2033-04-30,1532,Beauty,South,2,315.28,0.21,COD,10,3.1,498.14,630.56,132.4176,498.14239999999995,2033,April,4,Q2,Saturday,-0.002399999999965985
14139,2033-05-01,1669,Clothing,East,5,64.45,0.07,Card,7,4.7,299.69,322.25,22.5575,299.6925,2033,May,5,Q2,Sunday,-0.0024999999999977263
14140,2033-05-02,1268,Home,West,4,289.6,0.1,Card,3,4.6,1042.56,1158.4,115.84000000000002,1042.5600000000002,2033,May,5,Q2,Monday,-2.2737367544323206e-13
14141,2033-05-03,1161,Beauty,South,5,560.77,0.32,Card,10,4.7,1906.62,2803.85,897.232,1906.618,2033,May,5,Q2,Tuesday,0.0019999999999527063
14142,2033-05-04,1259,Electronics,East,2,436.06,0.15,COD,4,4.9,741.3,872.12,130.81799999999998,741.302,2033,May,5,Q2,Wednesday,-0.002000000000066393
14143,2033-05-05,1923,Electronics,West,1,60.29,0.21,Card,1,1.7,47.63,60.29,12.6609,47.6291,2033,May,5,Q2,Thursday,0.0009000000000014552
14144,2033-05-06,1101,Home,West,7,146.16,0.16,COD,6,1.6,859.42,1023.12,163.6992,859.4208,2033,May,5,Q2,Friday,-0.0008000000000265572
14145,2033-05-07,1505,Home,North,4,409.09,0.13,COD,2,2.7,1423.63,1636.36,212.7268,1423.6332,2033,May,5,Q2,Saturday,-0.0031999999998788553
14146,2033-05-08,1734,Beauty,West,7,538.4,0.08,Card,4,3.8,3467.3,3768.7999999999997,301.50399999999996,3467.296,2033,May,5,Q2,Sunday,0.00400000000036016
14147,2033-05-09,1570,Clothing,South,7,34.26,0.24,COD,5,2.8,182.26,239.82,57.556799999999996,182.26319999999998,2033,May,5,Q2,Monday,-0.003199999999992542
14148,2033-05-10,1246,Electronics,South,4,490.28,0.25,Card,8,4.6,1470.84,1961.12,490.28,1470.84,2033,May,5,Q2,Tuesday,0.0
14149,2033-05-11,1639,Clothing,West,2,343.66,0.1,Card,3,3.9,618.59,687.32,68.73200000000001,618.5880000000001,2033,May,5,Q2,Wednesday,0.0019999999999527063
14150,2033-05-12,1794,Electronics,East,6,334.46,0.28,COD,6,3.5,1444.87,2006.7599999999998,561.8928,1444.8671999999997,2033,May,5,Q2,Thursday,0.002800000000206637
14151,2033-05-13,1836,Electronics,South,6,575.32,0.3,COD,1,1.3,2416.34,3451.92,1035.576,2416.344,2033,May,5,Q2,Friday,-0.0039999999999054126
14152,2033-05-14,1536,Home,South,5,452.37,0.32,COD,9,1.7,1538.06,2261.85,723.792,1538.058,2033,May,5,Q2,Saturday,0.0019999999999527063
14153,2033-05-15,1130,Electronics,North,2,512.32,0.06,COD,1,2.7,963.16,1024.64,61.4784,963.1616000000001,2033,May,5,Q2,Sunday,-0.0016000000001668013
14154,2033-05-16,1352,Home,East,4,222.09,0.11,Wallet,2,4.9,790.64,888.36,97.7196,790.6404,2033,May,5,Q2,Monday,-0.0004000000000132786
14155,2033-05-17,1195,Clothing,West,2,339.3,0.3,Card,1,2.3,475.02,678.6,203.58,475.02,2033,May,5,Q2,Tuesday,0.0
14156,2033-05-18,1792,Clothing,East,4,375.01,0.07,COD,8,3.5,1395.04,1500.04,105.00280000000001,1395.0372,2033,May,5,Q2,Wednesday,0.0027999999999792635
14157,2033-05-19,1915,Electronics,North,7,203.13,0.0,COD,4,5.0,1421.91,1421.9099999999999,0.0,1421.9099999999999,2033,May,5,Q2,Thursday,2.2737367544323206e-13
14158,2033-05-20,1929,Electronics,North,5,348.6,0.3,Card,2,2.1,1220.1,1743.0,522.9,1220.1,2033,May,5,Q2,Friday,0.0
14159,2033-05-21,1665,Electronics,East,1,153.44,0.11,Card,7,1.7,136.56,153.44,16.8784,136.5616,2033,May,5,Q2,Saturday,-0.001599999999996271
14160,2033-05-22,1381,Beauty,North,7,98.87,0.15,COD,8,3.2,588.28,692.09,103.8135,588.2765,2033,May,5,Q2,Sunday,0.003499999999917236
14161,2033-05-23,1644,Home,North,1,233.77,0.16,Card,9,3.2,196.37,233.77,37.403200000000005,196.3668,2033,May,5,Q2,Monday,0.003199999999992542
14162,2033-05-24,1226,Clothing,North,2,447.48,0.3,Card,5,4.7,626.47,894.96,268.488,626.472,2033,May,5,Q2,Tuesday,-0.0019999999999527063
14163,2033-05-25,1700,Electronics,East,4,550.97,0.12,COD,3,1.1,1939.41,2203.88,264.4656,1939.4144000000001,2033,May,5,Q2,Wednesday,-0.004400000000032378
14164,2033-05-26,1475,Beauty,North,1,282.76,0.31,Wallet,1,2.6,195.1,282.76,87.65559999999999,195.1044,2033,May,5,Q2,Thursday,-0.004400000000003956
14165,2033-05-27,1476,Electronics,West,7,391.05,0.22,Wallet,8,2.2,2135.13,2737.35,602.217,2135.133,2033,May,5,Q2,Friday,-0.0029999999997016857
14166,2033-05-28,1264,Electronics,West,4,75.28,0.18,Card,6,3.3,246.92,301.12,54.2016,246.91840000000002,2033,May,5,Q2,Saturday,0.0015999999999678494
14167,2033-05-29,1371,Clothing,South,5,544.11,0.11,COD,5,1.0,2421.29,2720.55,299.26050000000004,2421.2895000000003,2033,May,5,Q2,Sunday,0.0004999999996471161
14168,2033-05-30,1485,Beauty,West,7,347.63,0.09,Card,7,3.8,2214.4,2433.41,219.00689999999997,2214.4031,2033,May,5,Q2,Monday,-0.0030999999999039574
14169,2033-05-31,1433,Electronics,South,2,471.5,0.22,Card,5,2.9,735.54,943.0,207.46,735.54,2033,May,5,Q2,Tuesday,0.0
14170,2033-06-01,1645,Electronics,East,4,479.75,0.16,COD,11,3.8,1611.96,1919.0,307.04,1611.96,2033,June,6,Q2,Wednesday,0.0
14171,2033-06-02,1210,Beauty,North,2,165.04,0.32,Card,4,2.8,224.45,330.08,105.62559999999999,224.4544,2033,June,6,Q2,Thursday,-0.004400000000003956
14172,2033-06-03,1571,Electronics,West,4,324.57,0.17,Card,5,2.9,1077.57,1298.28,220.7076,1077.5724,2033,June,6,Q2,Friday,-0.0024000000000796717
14173,2033-06-04,1939,Electronics,South,7,576.88,0.18,Wallet,11,4.6,3311.29,4038.16,726.8688,3311.2911999999997,2033,June,6,Q2,Saturday,-0.0011999999996987754
14174,2033-06-05,1376,Clothing,East,6,67.44,0.15,Wallet,7,1.8,343.94,404.64,60.696,343.94399999999996,2033,June,6,Q2,Sunday,-0.003999999999962256
14175,2033-06-06,1394,Beauty,South,6,414.58,0.28,COD,11,1.9,1790.99,2487.48,696.4944,1790.9856,2033,June,6,Q2,Monday,0.004400000000032378
14176,2033-06-07,1449,Clothing,North,4,577.92,0.15,Wallet,6,3.2,1964.93,2311.68,346.75199999999995,1964.9279999999999,2033,June,6,Q2,Tuesday,0.00200000000018008
14177,2033-06-08,1942,Beauty,West,5,190.84,0.09,COD,10,3.6,868.32,954.2,85.878,868.322,2033,June,6,Q2,Wednesday,-0.0019999999999527063
14178,2033-06-09,1363,Home,East,2,518.95,0.3,Card,10,2.4,726.53,1037.9,311.37,726.5300000000001,2033,June,6,Q2,Thursday,-1.1368683772161603e-13
14179,2033-06-10,1875,Electronics,South,3,561.19,0.21,COD,11,3.1,1330.02,1683.5700000000002,353.54970000000003,1330.0203000000001,2033,June,6,Q2,Friday,-0.0003000000001520675
14180,2033-06-11,1456,Beauty,East,4,452.05,0.21,Card,9,1.9,1428.48,1808.2,379.722,1428.478,2033,June,6,Q2,Saturday,0.0019999999999527063
14181,2033-06-12,1724,Clothing,South,4,150.33,0.21,Card,10,1.5,475.04,601.32,126.27720000000001,475.04280000000006,2033,June,6,Q2,Sunday,-0.002800000000036107
14182,2033-06-13,1727,Electronics,South,6,210.39,0.25,Wallet,2,2.0,946.75,1262.34,315.585,946.7549999999999,2033,June,6,Q2,Monday,-0.004999999999881766
14183,2033-06-14,1225,Clothing,North,1,35.95,0.11,COD,7,4.7,32.0,35.95,3.9545000000000003,31.995500000000003,2033,June,6,Q2,Tuesday,0.004499999999996618
14184,2033-06-15,1981,Electronics,North,7,501.4,0.01,Card,1,4.2,3474.7,3509.7999999999997,35.098,3474.7019999999998,2033,June,6,Q2,Wednesday,-0.0019999999999527063
14185,2033-06-16,1130,Electronics,South,6,512.02,0.28,Card,8,1.6,2211.93,3072.12,860.1936000000001,2211.9264,2033,June,6,Q2,Thursday,0.0036000000000058208
14186,2033-06-17,1587,Electronics,West,2,385.14,0.05,Card,4,1.2,731.77,770.28,38.514,731.766,2033,June,6,Q2,Friday,0.004000000000019099
14187,2033-06-18,1475,Clothing,East,6,221.23,0.25,Wallet,8,1.4,995.53,1327.3799999999999,331.84499999999997,995.5349999999999,2033,June,6,Q2,Saturday,-0.004999999999881766
14188,2033-06-19,1797,Home,East,3,59.93,0.03,COD,8,2.2,174.4,179.79,5.3937,174.3963,2033,June,6,Q2,Sunday,0.0037000000000091404
14189,2033-06-20,1985,Clothing,North,5,455.54,0.13,COD,4,4.2,1981.6,2277.7000000000003,296.10100000000006,1981.5990000000002,2033,June,6,Q2,Monday,0.0009999999997489795
14190,2033-06-21,1276,Beauty,West,7,440.02,0.02,COD,4,2.3,3018.54,3080.14,61.6028,3018.5371999999998,2033,June,6,Q2,Tuesday,0.002800000000206637
14191,2033-06-22,1155,Electronics,South,3,548.87,0.18,COD,5,1.7,1350.22,1646.6100000000001,296.38980000000004,1350.2202000000002,2033,June,6,Q2,Wednesday,-0.00020000000017716957
14192,2033-06-23,1759,Electronics,North,5,442.36,0.23,COD,7,2.6,1703.09,2211.8,508.71400000000006,1703.0860000000002,2033,June,6,Q2,Thursday,0.003999999999678039
14193,2033-06-24,1217,Electronics,South,3,499.79,0.06,COD,6,1.5,1409.41,1499.3700000000001,89.96220000000001,1409.4078000000002,2033,June,6,Q2,Friday,0.002199999999902502
14194,2033-06-25,1189,Electronics,South,7,451.38,0.13,Wallet,1,2.9,2748.9,3159.66,410.7558,2748.9042,2033,June,6,Q2,Saturday,-0.0041999999998552084
14195,2033-06-26,1416,Electronics,North,6,383.95,0.33,Wallet,6,3.7,1543.48,2303.7,760.221,1543.4789999999998,2033,June,6,Q2,Sunday,0.0010000000002037268
14196,2033-06-27,1980,Home,West,3,264.78,0.15,Wallet,3,2.5,675.19,794.3399999999999,119.15099999999998,675.189,2033,June,6,Q2,Monday,0.00100000000009004
14197,2033-06-28,1674,Beauty,East,6,542.74,0.28,COD,9,1.7,2344.64,3256.44,911.8032000000001,2344.6368,2033,June,6,Q2,Tuesday,0.0031999999996514816
14198,2033-06-29,1691,Beauty,North,7,395.82,0.32,Wallet,3,2.8,1884.1,2770.74,886.6368,1884.1031999999998,2033,June,6,Q2,Wednesday,-0.0031999999998788553
14199,2033-06-30,1545,Electronics,West,6,248.04,0.34,Card,9,4.0,982.24,1488.24,506.00160000000005,982.2384,2033,June,6,Q2,Thursday,0.0016000000000531145
14200,2033-07-01,1040,Beauty,South,2,63.83,0.31,Wallet,5,1.3,88.09,127.66,39.5746,88.08539999999999,2033,July,7,Q3,Friday,0.004600000000010596
14201,2033-07-02,1306,Electronics,North,6,185.06,0.11,Wallet,10,1.3,988.22,1110.3600000000001,122.13960000000002,988.2204000000002,2033,July,7,Q3,Saturday,-0.00040000000012696546
14202,2033-07-03,1942,Electronics,East,1,333.08,0.34,Wallet,8,2.3,219.83,333.08,113.2472,219.83279999999996,2033,July,7,Q3,Sunday,-0.002799999999950842
14203,2033-07-04,1337,Beauty,East,3,176.25,0.28,Wallet,9,2.7,380.7,528.75,148.05,380.7,2033,July,7,Q3,Monday,0.0
14204,2033-07-05,1313,Clothing,South,7,144.42,0.29,Card,9,1.9,717.77,1010.9399999999999,293.1726,717.7674,2033,July,7,Q3,Tuesday,0.0026000000000294676
14205,2033-07-06,1074,Electronics,North,4,323.53,0.01,Card,7,1.1,1281.18,1294.12,12.941199999999998,1281.1788,2033,July,7,Q3,Wednesday,0.0012000000001535227
14206,2033-07-07,1952,Clothing,East,4,114.34,0.33,Card,10,1.9,306.43,457.36,150.92880000000002,306.4312,2033,July,7,Q3,Thursday,-0.0011999999999829924
14207,2033-07-08,1278,Electronics,North,4,483.24,0.27,COD,1,2.7,1411.06,1932.96,521.8992000000001,1411.0608,2033,July,7,Q3,Friday,-0.0008000000000265572
14208,2033-07-09,1175,Home,East,7,298.36,0.27,Card,8,1.3,1524.62,2088.52,563.9004,1524.6196,2033,July,7,Q3,Saturday,0.0003999999998995918
14209,2033-07-10,1895,Clothing,South,1,350.71,0.03,COD,7,3.9,340.19,350.71,10.521299999999998,340.1887,2033,July,7,Q3,Sunday,0.0013000000000147338
14210,2033-07-11,1661,Beauty,South,6,101.22,0.08,COD,4,3.2,558.73,607.3199999999999,48.5856,558.7343999999999,2033,July,7,Q3,Monday,-0.004399999999918691
14211,2033-07-12,1272,Electronics,North,3,204.88,0.34,COD,6,2.7,405.66,614.64,208.97760000000002,405.66239999999993,2033,July,7,Q3,Tuesday,-0.0023999999999091415
14212,2033-07-13,1836,Clothing,West,5,254.9,0.18,Wallet,10,3.1,1045.09,1274.5,229.41,1045.09,2033,July,7,Q3,Wednesday,0.0
14213,2033-07-14,1619,Clothing,West,5,487.8,0.14,COD,2,3.6,2097.54,2439.0,341.46000000000004,2097.54,2033,July,7,Q3,Thursday,0.0
14214,2033-07-15,1650,Clothing,South,7,465.54,0.29,COD,4,5.0,2313.73,3258.78,945.0462,2313.7338,2033,July,7,Q3,Friday,-0.0037999999999556167
14215,2033-07-16,1861,Electronics,East,2,145.44,0.03,COD,8,4.1,282.15,290.88,8.7264,282.1536,2033,July,7,Q3,Saturday,-0.0036000000000058208
14216,2033-07-17,1782,Home,West,1,375.46,0.15,Wallet,4,3.2,319.14,375.46,56.318999999999996,319.14099999999996,2033,July,7,Q3,Sunday,-0.0009999999999763531
14217,2033-07-18,1858,Beauty,South,3,157.42,0.13,Card,10,4.1,410.87,472.26,61.3938,410.8662,2033,July,7,Q3,Monday,0.00380000000001246
14218,2033-07-19,1930,Beauty,East,6,593.12,0.12,Card,4,2.9,3131.67,3558.7200000000003,427.0464,3131.6736,2033,July,7,Q3,Tuesday,-0.0036000000000058208
14219,2033-07-20,1288,Home,East,4,571.99,0.11,Wallet,4,2.2,2036.28,2287.96,251.6756,2036.2844,2033,July,7,Q3,Wednesday,-0.004400000000032378
14220,2033-07-21,1723,Beauty,West,1,344.51,0.07,COD,10,2.0,320.39,344.51,24.1157,320.3943,2033,July,7,Q3,Thursday,-0.004300000000000637
14221,2033-07-22,1892,Clothing,South,1,423.86,0.06,COD,9,2.6,398.43,423.86,25.4316,398.4284,2033,July,7,Q3,Friday,0.001599999999996271
14222,2033-07-23,1271,Home,East,3,483.84,0.22,COD,11,1.0,1132.19,1451.52,319.3344,1132.1856,2033,July,7,Q3,Saturday,0.004400000000032378
14223,2033-07-24,1929,Electronics,East,7,436.78,0.32,Card,2,1.7,2079.07,3057.46,978.3872,2079.0728,2033,July,7,Q3,Sunday,-0.00279999999975189
14224,2033-07-25,1065,Clothing,North,6,424.4,0.18,COD,7,1.5,2088.05,2546.3999999999996,458.3519999999999,2088.048,2033,July,7,Q3,Monday,0.0020000000004074536
14225,2033-07-26,1482,Electronics,North,7,575.75,0.1,Card,3,4.8,3627.22,4030.25,403.02500000000003,3627.225,2033,July,7,Q3,Tuesday,-0.005000000000109139
14226,2033-07-27,1935,Clothing,West,7,363.93,0.06,COD,4,1.3,2394.66,2547.51,152.85060000000001,2394.6594,2033,July,7,Q3,Wednesday,0.0005999999998493877
14227,2033-07-28,1247,Electronics,North,2,387.24,0.29,COD,1,3.0,549.88,774.48,224.5992,549.8808,2033,July,7,Q3,Thursday,-0.0008000000000265572
14228,2033-07-29,1155,Beauty,South,7,511.82,0.34,COD,3,4.7,2364.61,3582.74,1218.1316,2364.6084,2033,July,7,Q3,Friday,0.0016000000000531145
14229,2033-07-30,1046,Electronics,West,6,406.89,0.12,COD,2,3.4,2148.38,2441.34,292.9608,2148.3792000000003,2033,July,7,Q3,Saturday,0.0007999999997991836
14230,2033-07-31,1934,Electronics,West,2,443.77,0.1,Wallet,10,3.0,798.79,887.54,88.754,798.786,2033,July,7,Q3,Sunday,0.004000000000019099
14231,2033-08-01,1453,Clothing,North,2,151.99,0.21,COD,7,4.0,240.14,303.98,63.8358,240.1442,2033,August,8,Q3,Monday,-0.004200000000025739
14232,2033-08-02,1200,Electronics,East,4,232.19,0.27,Wallet,6,2.4,677.99,928.76,250.76520000000002,677.9947999999999,2033,August,8,Q3,Tuesday,-0.00479999999993197
14233,2033-08-03,1659,Electronics,South,4,101.17,0.16,COD,1,1.8,339.93,404.68,64.7488,339.9312,2033,August,8,Q3,Wednesday,-0.0011999999999829924
14234,2033-08-04,1123,Electronics,South,3,310.87,0.22,COD,11,4.4,727.44,932.61,205.1742,727.4358,2033,August,8,Q3,Thursday,0.004200000000082582
14235,2033-08-05,1000,Clothing,South,6,281.6,0.25,Card,8,1.2,1267.2,1689.6000000000001,422.40000000000003,1267.2,2033,August,8,Q3,Friday,0.0
14236,2033-08-06,1967,Clothing,West,7,598.34,0.34,Card,9,4.2,2764.33,4188.38,1424.0492000000002,2764.3307999999997,2033,August,8,Q3,Saturday,-0.0007999999997991836
14237,2033-08-07,1758,Home,South,2,372.56,0.06,COD,1,1.4,700.41,745.12,44.7072,700.4128000000001,2033,August,8,Q3,Sunday,-0.0028000000000929504
14238,2033-08-08,1854,Home,East,3,475.07,0.35,Card,5,3.5,926.39,1425.21,498.82349999999997,926.3865000000001,2033,August,8,Q3,Monday,0.003499999999917236
14239,2033-08-09,1639,Clothing,East,2,210.4,0.14,COD,7,2.9,361.89,420.8,58.912000000000006,361.88800000000003,2033,August,8,Q3,Tuesday,0.0019999999999527063
14240,2033-08-10,1190,Electronics,North,1,501.45,0.25,COD,2,5.0,376.09,501.45,125.3625,376.0875,2033,August,8,Q3,Wednesday,0.0024999999999977263
14241,2033-08-11,1578,Electronics,South,5,374.82,0.2,Wallet,6,2.6,1499.28,1874.1,374.82,1499.28,2033,August,8,Q3,Thursday,0.0
14242,2033-08-12,1515,Home,West,5,422.74,0.17,Wallet,8,4.8,1754.37,2113.7,359.329,1754.3709999999999,2033,August,8,Q3,Friday,-0.0009999999999763531
14243,2033-08-13,1441,Electronics,North,2,187.24,0.24,Card,8,2.6,284.6,374.48,89.8752,284.6048,2033,August,8,Q3,Saturday,-0.004799999999988813
14244,2033-08-14,1920,Electronics,East,3,335.95,0.14,Card,10,3.7,866.75,1007.8499999999999,141.099,866.751,2033,August,8,Q3,Sunday,-0.0009999999999763531
14245,2033-08-15,1814,Home,South,4,385.91,0.04,COD,10,3.6,1481.89,1543.64,61.7456,1481.8944000000001,2033,August,8,Q3,Monday,-0.004400000000032378
14246,2033-08-16,1805,Clothing,East,6,359.62,0.17,Card,8,1.3,1790.91,2157.7200000000003,366.8124000000001,1790.9076000000002,2033,August,8,Q3,Tuesday,0.002399999999852298
14247,2033-08-17,1142,Electronics,North,2,550.39,0.18,Card,6,4.0,902.64,1100.78,198.1404,902.6396,2033,August,8,Q3,Wednesday,0.0004000000000132786
14248,2033-08-18,1190,Electronics,East,2,540.49,0.07,Wallet,6,1.8,1005.31,1080.98,75.66860000000001,1005.3114,2033,August,8,Q3,Thursday,-0.0014000000001033186
14249,2033-08-19,1532,Beauty,South,6,583.03,0.33,Wallet,11,2.6,2343.78,3498.18,1154.3994,2343.7806,2033,August,8,Q3,Friday,-0.0005999999998493877
14250,2033-08-20,1226,Beauty,South,7,405.45,0.08,COD,3,4.1,2611.1,2838.15,227.05200000000002,2611.098,2033,August,8,Q3,Saturday,0.0019999999999527063
14251,2033-08-21,1312,Home,North,4,583.57,0.14,COD,2,4.8,2007.48,2334.28,326.79920000000004,2007.4808000000003,2033,August,8,Q3,Sunday,-0.0008000000002539309
14252,2033-08-22,1628,Clothing,South,2,502.0,0.05,Card,5,3.2,953.8,1004.0,50.2,953.8,2033,August,8,Q3,Monday,0.0
14253,2033-08-23,1948,Clothing,East,1,173.44,0.19,COD,9,3.1,140.49,173.44,32.9536,140.4864,2033,August,8,Q3,Tuesday,0.0036000000000058208
14254,2033-08-24,1301,Beauty,East,4,265.05,0.11,COD,4,3.0,943.58,1060.2,116.622,943.5780000000001,2033,August,8,Q3,Wednesday,0.0019999999999527063
14255,2033-08-25,1653,Beauty,West,1,154.46,0.17,COD,5,4.3,128.2,154.46,26.258200000000002,128.2018,2033,August,8,Q3,Thursday,-0.0018000000000029104
14256,2033-08-26,1995,Electronics,West,5,17.46,0.08,Card,6,5.0,80.32,87.30000000000001,6.984000000000001,80.31600000000002,2033,August,8,Q3,Friday,0.003999999999976467
14257,2033-08-27,1459,Home,West,6,125.01,0.02,Wallet,11,3.5,735.06,750.0600000000001,15.0012,735.0588,2033,August,8,Q3,Saturday,0.001199999999926149
14258,2033-08-28,1400,Electronics,East,4,17.38,0.27,COD,6,2.5,50.75,69.52,18.7704,50.7496,2033,August,8,Q3,Sunday,0.00039999999999906777
14259,2033-08-29,1550,Electronics,East,7,436.11,0.22,COD,4,1.9,2381.16,3052.77,671.6094,2381.1606,2033,August,8,Q3,Monday,-0.000600000000304135
14260,2033-08-30,1392,Home,North,4,263.94,0.12,Wallet,4,1.8,929.07,1055.76,126.6912,929.0688,2033,August,8,Q3,Tuesday,0.0012000000000398359
14261,2033-08-31,1866,Clothing,West,3,197.86,0.02,Card,8,4.4,581.71,593.58,11.8716,581.7084,2033,August,8,Q3,Wednesday,0.0016000000000531145
14262,2033-09-01,1763,Beauty,East,3,460.61,0.3,Card,5,5.0,967.28,1381.83,414.549,967.281,2033,September,9,Q3,Thursday,-0.0009999999999763531
14263,2033-09-02,1844,Electronics,North,6,502.0,0.06,Wallet,11,3.8,2831.28,3012.0,180.72,2831.28,2033,September,9,Q3,Friday,0.0
14264,2033-09-03,1206,Clothing,East,7,585.55,0.33,Wallet,5,4.8,2746.23,4098.849999999999,1352.6205,2746.2294999999995,2033,September,9,Q3,Saturday,0.0005000000005566108
14265,2033-09-04,1209,Beauty,North,4,390.58,0.17,COD,9,2.4,1296.73,1562.32,265.5944,1296.7256,2033,September,9,Q3,Sunday,0.004400000000032378
14266,2033-09-05,1114,Beauty,West,5,284.99,0.12,Card,4,3.5,1253.96,1424.95,170.994,1253.9560000000001,2033,September,9,Q3,Monday,0.0039999999999054126
14267,2033-09-06,1736,Electronics,West,7,193.58,0.26,COD,7,3.0,1002.74,1355.0600000000002,352.3156000000001,1002.7444,2033,September,9,Q3,Tuesday,-0.004400000000032378
14268,2033-09-07,1645,Clothing,West,2,145.06,0.31,Card,5,2.9,200.18,290.12,89.9372,200.1828,2033,September,9,Q3,Wednesday,-0.0027999999999792635
14269,2033-09-08,1250,Clothing,East,6,139.56,0.13,COD,9,3.5,728.5,837.36,108.8568,728.5032,2033,September,9,Q3,Thursday,-0.003199999999992542
14270,2033-09-09,1218,Electronics,East,7,254.38,0.14,Card,8,2.2,1531.37,1780.6599999999999,249.29240000000001,1531.3675999999998,2033,September,9,Q3,Friday,0.0024000000000796717
14271,2033-09-10,1406,Beauty,North,6,595.2,0.15,Wallet,8,3.6,3035.52,3571.2000000000003,535.6800000000001,3035.5200000000004,2033,September,9,Q3,Saturday,-4.547473508864641e-13
14272,2033-09-11,1442,Beauty,South,7,15.5,0.32,COD,10,3.7,73.78,108.5,34.72,73.78,2033,September,9,Q3,Sunday,0.0
14273,2033-09-12,1602,Electronics,South,3,130.37,0.24,Wallet,10,4.3,297.24,391.11,93.8664,297.2436,2033,September,9,Q3,Monday,-0.0036000000000058208
14274,2033-09-13,1353,Electronics,West,5,125.21,0.09,Card,3,3.9,569.71,626.05,56.3445,569.7054999999999,2033,September,9,Q3,Tuesday,0.004500000000120963
14275,2033-09-14,1887,Electronics,South,6,434.51,0.06,Card,9,2.3,2450.64,2607.06,156.4236,2450.6364,2033,September,9,Q3,Wednesday,0.0036000000000058208
14276,2033-09-15,1557,Beauty,West,5,221.2,0.08,Wallet,8,2.8,1017.52,1106.0,88.48,1017.52,2033,September,9,Q3,Thursday,0.0
14277,2033-09-16,1549,Electronics,North,6,282.5,0.09,Card,3,1.5,1542.45,1695.0,152.54999999999998,1542.45,2033,September,9,Q3,Friday,0.0
14278,2033-09-17,1141,Clothing,South,3,101.95,0.08,COD,10,2.0,281.38,305.85,24.468000000000004,281.382,2033,September,9,Q3,Saturday,-0.0020000000000095497
14279,2033-09-18,1611,Clothing,South,2,251.92,0.23,Card,1,3.1,387.96,503.84,115.8832,387.9568,2033,September,9,Q3,Sunday,0.003199999999992542
14280,2033-09-19,1500,Clothing,West,3,75.37,0.04,COD,5,1.4,217.07,226.11,9.044400000000001,217.06560000000002,2033,September,9,Q3,Monday,0.004399999999975535
14281,2033-09-20,1839,Electronics,North,6,326.83,0.14,Card,4,3.3,1686.44,1960.98,274.53720000000004,1686.4428,2033,September,9,Q3,Tuesday,-0.0027999999999792635
14282,2033-09-21,1701,Electronics,South,5,72.29,0.22,Card,8,2.6,281.93,361.45000000000005,79.519,281.93100000000004,2033,September,9,Q3,Wednesday,-0.0010000000000331966
14283,2033-09-22,1546,Beauty,South,1,477.45,0.1,COD,6,1.1,429.7,477.45,47.745000000000005,429.705,2033,September,9,Q3,Thursday,-0.0049999999999954525
14284,2033-09-23,1658,Beauty,South,3,346.46,0.02,Card,10,2.7,1018.59,1039.3799999999999,20.787599999999998,1018.5923999999999,2033,September,9,Q3,Friday,-0.002399999999852298
14285,2033-09-24,1541,Home,North,5,438.52,0.03,Card,5,2.1,2126.82,2192.6,65.77799999999999,2126.822,2033,September,9,Q3,Saturday,-0.0019999999999527063
14286,2033-09-25,1845,Electronics,North,7,259.83,0.04,COD,9,1.3,1746.06,1818.81,72.7524,1746.0575999999999,2033,September,9,Q3,Sunday,0.0024000000000796717
14287,2033-09-26,1506,Electronics,South,7,238.17,0.29,COD,6,2.2,1183.7,1667.1899999999998,483.48509999999993,1183.7049,2033,September,9,Q3,Monday,-0.004899999999906868
14288,2033-09-27,1595,Clothing,West,3,72.45,0.23,Card,11,2.2,167.36,217.35000000000002,49.990500000000004,167.35950000000003,2033,September,9,Q3,Tuesday,0.0004999999999881766
14289,2033-09-28,1880,Electronics,West,6,321.46,0.02,COD,11,2.4,1890.18,1928.7599999999998,38.575199999999995,1890.1847999999998,2033,September,9,Q3,Wednesday,-0.004799999999704596
14290,2033-09-29,1280,Beauty,South,7,315.98,0.14,Wallet,11,2.5,1902.2,2211.86,309.66040000000004,1902.1996000000001,2033,September,9,Q3,Thursday,0.0003999999998995918
14291,2033-09-30,1423,Clothing,North,5,288.84,0.1,Card,11,2.7,1299.78,1444.1999999999998,144.42,1299.7799999999997,2033,September,9,Q3,Friday,2.2737367544323206e-13
14292,2033-10-01,1855,Electronics,South,2,448.2,0.2,COD,3,1.4,717.12,896.4,179.28,717.12,2033,October,10,Q4,Saturday,0.0
14293,2033-10-02,1269,Beauty,North,5,502.02,0.18,COD,6,1.0,2058.28,2510.1,451.818,2058.282,2033,October,10,Q4,Sunday,-0.0019999999999527063
14294,2033-10-03,1153,Beauty,South,7,454.21,0.17,Card,11,3.9,2638.96,3179.47,540.5099,2638.9601,2033,October,10,Q4,Monday,-9.999999974752427e-05
14295,2033-10-04,1613,Electronics,North,7,99.16,0.11,Card,4,2.3,617.77,694.12,76.3532,617.7668,2033,October,10,Q4,Tuesday,0.003199999999992542
14296,2033-10-05,1726,Clothing,East,4,378.9,0.05,COD,5,3.5,1439.82,1515.6,75.78,1439.82,2033,October,10,Q4,Wednesday,0.0
14297,2033-10-06,1661,Electronics,West,1,61.99,0.26,COD,6,2.2,45.87,61.99,16.1174,45.872600000000006,2033,October,10,Q4,Thursday,-0.0026000000000081513
14298,2033-10-07,1943,Clothing,East,6,421.35,0.31,Card,9,4.9,1744.39,2528.1000000000004,783.7110000000001,1744.3890000000001,2033,October,10,Q4,Friday,0.0009999999999763531
14299,2033-10-08,1082,Electronics,West,5,238.38,0.33,Wallet,3,2.3,798.57,1191.9,393.32700000000006,798.5730000000001,2033,October,10,Q4,Saturday,-0.0030000000000427463
14300,2033-10-09,1621,Clothing,North,7,92.51,0.02,COD,1,3.4,634.62,647.57,12.951400000000001,634.6186,2033,October,10,Q4,Sunday,0.0013999999999896318
14301,2033-10-10,1946,Beauty,East,6,519.3,0.26,Card,2,1.9,2305.69,3115.7999999999997,810.108,2305.692,2033,October,10,Q4,Monday,-0.0019999999999527063
14302,2033-10-11,1898,Clothing,West,3,374.19,0.25,COD,8,3.1,841.93,1122.57,280.6425,841.9275,2033,October,10,Q4,Tuesday,0.002499999999940883
14303,2033-10-12,1425,Electronics,South,3,222.51,0.33,Wallet,4,3.3,447.25,667.53,220.2849,447.2451,2033,October,10,Q4,Wednesday,0.004900000000020555
14304,2033-10-13,1274,Clothing,North,5,32.98,0.09,Card,7,1.7,150.06,164.89999999999998,14.840999999999998,150.05899999999997,2033,October,10,Q4,Thursday,0.0010000000000331966
14305,2033-10-14,1712,Electronics,North,4,329.33,0.26,COD,2,1.5,974.82,1317.32,342.5032,974.8168,2033,October,10,Q4,Friday,0.003200000000106229
14306,2033-10-15,1283,Beauty,South,7,555.09,0.02,COD,11,4.9,3807.92,3885.63,77.71260000000001,3807.9174000000003,2033,October,10,Q4,Saturday,0.002599999999802094
14307,2033-10-16,1979,Clothing,South,5,363.88,0.22,Card,10,4.6,1419.13,1819.4,400.26800000000003,1419.132,2033,October,10,Q4,Sunday,-0.0019999999999527063
14308,2033-10-17,1172,Electronics,West,2,583.42,0.12,Card,8,3.6,1026.82,1166.84,140.02079999999998,1026.8192,2033,October,10,Q4,Monday,0.0008000000000265572
14309,2033-10-18,1326,Electronics,North,4,94.82,0.27,Card,10,4.4,276.87,379.28,102.40559999999999,276.8744,2033,October,10,Q4,Tuesday,-0.004399999999975535
14310,2033-10-19,1717,Home,West,7,347.46,0.3,Card,9,1.4,1702.55,2432.22,729.6659999999999,1702.5539999999999,2033,October,10,Q4,Wednesday,-0.0039999999999054126
14311,2033-10-20,1062,Electronics,South,7,481.9,0.13,Card,7,3.9,2934.77,3373.2999999999997,438.529,2934.7709999999997,2033,October,10,Q4,Thursday,-0.0009999999997489795
14312,2033-10-21,1072,Home,North,6,322.44,0.18,Wallet,10,2.1,1586.4,1934.6399999999999,348.23519999999996,1586.4047999999998,2033,October,10,Q4,Friday,-0.004799999999704596
14313,2033-10-22,1762,Electronics,South,5,68.27,0.04,Wallet,11,3.2,327.7,341.34999999999997,13.653999999999998,327.69599999999997,2033,October,10,Q4,Saturday,0.004000000000019099
14314,2033-10-23,1635,Electronics,West,7,355.99,0.15,Card,1,4.1,2118.14,2491.9300000000003,373.78950000000003,2118.1405000000004,2033,October,10,Q4,Sunday,-0.0005000000005566108
14315,2033-10-24,1374,Clothing,West,6,372.87,0.13,Card,2,1.1,1946.38,2237.2200000000003,290.83860000000004,1946.3814000000002,2033,October,10,Q4,Monday,-0.0014000000001033186
14316,2033-10-25,1632,Beauty,West,7,441.29,0.06,Card,9,3.8,2903.69,3089.03,185.3418,2903.6882,2033,October,10,Q4,Tuesday,0.0018000000000029104
14317,2033-10-26,1507,Beauty,North,1,460.31,0.31,Card,10,2.7,317.61,460.31,142.6961,317.6139,2033,October,10,Q4,Wednesday,-0.003899999999987358
14318,2033-10-27,1786,Electronics,South,4,465.9,0.05,Card,7,2.8,1770.42,1863.6,93.18,1770.4199999999998,2033,October,10,Q4,Thursday,2.2737367544323206e-13
14319,2033-10-28,1942,Clothing,South,5,403.11,0.22,Card,11,4.6,1572.13,2015.5500000000002,443.42100000000005,1572.1290000000001,2033,October,10,Q4,Friday,0.0009999999999763531
14320,2033-10-29,1397,Electronics,West,1,141.25,0.31,Wallet,3,4.4,97.46,141.25,43.7875,97.4625,2033,October,10,Q4,Saturday,-0.002500000000011937
14321,2033-10-30,1119,Clothing,West,5,251.48,0.32,Card,5,1.2,855.03,1257.3999999999999,402.36799999999994,855.0319999999999,2033,October,10,Q4,Sunday,-0.0019999999999527063
14322,2033-10-31,1933,Clothing,West,2,469.04,0.28,COD,1,3.5,675.42,938.08,262.66240000000005,675.4176,2033,October,10,Q4,Monday,0.002399999999965985
14323,2033-11-01,1436,Beauty,West,3,572.75,0.06,Card,10,2.7,1615.16,1718.25,103.095,1615.155,2033,November,11,Q4,Tuesday,0.005000000000109139
14324,2033-11-02,1828,Beauty,East,6,61.18,0.29,Card,3,1.5,260.63,367.08,106.45319999999998,260.6268,2033,November,11,Q4,Wednesday,0.003199999999992542
14325,2033-11-03,1675,Clothing,East,5,328.29,0.1,Wallet,11,4.4,1477.3,1641.45,164.145,1477.305,2033,November,11,Q4,Thursday,-0.005000000000109139
14326,2033-11-04,1935,Clothing,East,4,197.83,0.32,Card,4,1.3,538.1,791.32,253.22240000000002,538.0976,2033,November,11,Q4,Friday,0.002399999999965985
14327,2033-11-05,1464,Beauty,West,5,146.86,0.25,Wallet,4,1.1,550.72,734.3000000000001,183.57500000000002,550.725,2033,November,11,Q4,Saturday,-0.0049999999999954525
14328,2033-11-06,1285,Home,West,5,310.9,0.27,Card,7,1.8,1134.79,1554.5,419.71500000000003,1134.7849999999999,2033,November,11,Q4,Sunday,0.005000000000109139
14329,2033-11-07,1264,Electronics,South,5,369.56,0.03,COD,5,2.2,1792.37,1847.8,55.434,1792.366,2033,November,11,Q4,Monday,0.0039999999999054126
14330,2033-11-08,1319,Electronics,North,7,20.72,0.2,Wallet,9,1.2,116.03,145.04,29.008,116.032,2033,November,11,Q4,Tuesday,-0.001999999999995339
14331,2033-11-09,1672,Clothing,South,5,471.42,0.29,Card,7,3.6,1673.54,2357.1,683.559,1673.541,2033,November,11,Q4,Wednesday,-0.0009999999999763531
14332,2033-11-10,1375,Electronics,East,7,494.63,0.3,Card,2,2.7,2423.69,3462.41,1038.723,2423.687,2033,November,11,Q4,Thursday,0.003000000000156433
14333,2033-11-11,1819,Electronics,South,4,579.82,0.01,COD,11,2.6,2296.09,2319.28,23.192800000000002,2296.0872000000004,2033,November,11,Q4,Friday,0.00279999999975189
14334,2033-11-12,1088,Electronics,West,4,120.68,0.33,Card,11,1.6,323.42,482.72,159.29760000000002,323.42240000000004,2033,November,11,Q4,Saturday,-0.0024000000000228283
14335,2033-11-13,1653,Clothing,East,5,362.81,0.02,COD,8,2.8,1777.77,1814.05,36.281,1777.769,2033,November,11,Q4,Sunday,0.0009999999999763531
14336,2033-11-14,1202,Electronics,East,7,264.58,0.22,Card,11,2.6,1444.61,1852.06,407.4532,1444.6068,2033,November,11,Q4,Monday,0.0031999999998788553
14337,2033-11-15,1820,Electronics,North,3,210.87,0.24,Card,2,2.5,480.78,632.61,151.8264,480.7836,2033,November,11,Q4,Tuesday,-0.0036000000000058208
14338,2033-11-16,1738,Electronics,North,5,345.9,0.04,Card,7,1.9,1660.32,1729.5,69.18,1660.32,2033,November,11,Q4,Wednesday,0.0
14339,2033-11-17,1954,Home,East,6,472.69,0.02,Wallet,5,1.4,2779.42,2836.14,56.7228,2779.4172,2033,November,11,Q4,Thursday,0.002800000000206637
14340,2033-11-18,1333,Beauty,East,6,28.49,0.27,Card,10,2.0,124.79,170.94,46.153800000000004,124.7862,2033,November,11,Q4,Friday,0.00380000000001246
14341,2033-11-19,1221,Clothing,South,4,582.1,0.13,Card,6,3.7,2025.71,2328.4,302.692,2025.708,2033,November,11,Q4,Saturday,0.0019999999999527063
14342,2033-11-20,1040,Clothing,East,6,488.78,0.04,COD,11,1.3,2815.37,2932.68,117.3072,2815.3727999999996,2033,November,11,Q4,Sunday,-0.00279999999975189
14343,2033-11-21,1707,Beauty,West,6,454.42,0.27,Card,4,2.5,1990.36,2726.52,736.1604000000001,1990.3595999999998,2033,November,11,Q4,Monday,0.00040000000012696546
14344,2033-11-22,1067,Electronics,South,2,459.83,0.3,Card,5,3.1,643.76,919.66,275.89799999999997,643.762,2033,November,11,Q4,Tuesday,-0.0019999999999527063
14345,2033-11-23,1987,Electronics,West,5,242.6,0.21,Card,5,4.9,958.27,1213.0,254.73,958.27,2033,November,11,Q4,Wednesday,0.0
14346,2033-11-24,1775,Electronics,West,5,454.7,0.06,COD,7,4.4,2137.09,2273.5,136.41,2137.09,2033,November,11,Q4,Thursday,0.0
14347,2033-11-25,1513,Electronics,West,5,241.26,0.01,COD,11,4.7,1194.24,1206.3,12.063,1194.2369999999999,2033,November,11,Q4,Friday,0.003000000000156433
14348,2033-11-26,1872,Clothing,East,5,540.74,0.25,Card,4,4.3,2027.78,2703.7,675.925,2027.7749999999999,2033,November,11,Q4,Saturday,0.005000000000109139
14349,2033-11-27,1636,Beauty,North,1,118.68,0.19,Card,5,3.4,96.13,118.68,22.549200000000003,96.13080000000001,2033,November,11,Q4,Sunday,-0.0008000000000123464
14350,2033-11-28,1621,Clothing,North,5,186.02,0.23,COD,4,4.4,716.18,930.1,213.923,716.177,2033,November,11,Q4,Monday,0.0029999999999290594
14351,2033-11-29,1597,Clothing,West,7,337.53,0.28,COD,4,3.3,1701.15,2362.71,661.5588,1701.1512,2033,November,11,Q4,Tuesday,-0.001199999999926149
14352,2033-11-30,1936,Beauty,East,4,201.74,0.15,Card,8,2.4,685.92,806.96,121.044,685.916,2033,November,11,Q4,Wednesday,0.0039999999999054126
14353,2033-12-01,1631,Electronics,South,7,263.18,0.04,Card,11,2.5,1768.57,1842.26,73.6904,1768.5696,2033,December,12,Q4,Thursday,0.0003999999998995918
14354,2033-12-02,1126,Electronics,West,4,303.07,0.33,Card,5,3.3,812.23,1212.28,400.05240000000003,812.2275999999999,2033,December,12,Q4,Friday,0.0024000000000796717
14355,2033-12-03,1254,Clothing,South,1,515.97,0.19,COD,9,4.2,417.94,515.97,98.0343,417.9357,2033,December,12,Q4,Saturday,0.004300000000000637
14356,2033-12-04,1694,Clothing,South,5,321.07,0.22,Wallet,5,1.5,1252.17,1605.35,353.17699999999996,1252.173,2033,December,12,Q4,Sunday,-0.0029999999999290594
14357,2033-12-05,1015,Electronics,East,3,227.04,0.33,Card,8,1.2,456.35,681.12,224.76960000000003,456.3504,2033,December,12,Q4,Monday,-0.0003999999999564352
14358,2033-12-06,1476,Clothing,East,7,159.93,0.33,Card,3,4.2,750.07,1119.51,369.4383,750.0717,2033,December,12,Q4,Tuesday,-0.0016999999999143256
14359,2033-12-07,1061,Clothing,North,5,254.08,0.2,Card,7,3.6,1016.32,1270.4,254.08000000000004,1016.32,2033,December,12,Q4,Wednesday,0.0
14360,2033-12-08,1880,Home,North,4,316.71,0.1,Card,1,4.3,1140.16,1266.84,126.684,1140.156,2033,December,12,Q4,Thursday,0.004000000000132786
14361,2033-12-09,1431,Clothing,East,7,451.48,0.35,Card,5,4.9,2054.23,3160.36,1106.126,2054.2340000000004,2033,December,12,Q4,Friday,-0.00400000000036016
14362,2033-12-10,1669,Electronics,West,2,85.81,0.24,Wallet,2,2.0,130.43,171.62,41.1888,130.4312,2033,December,12,Q4,Saturday,-0.0011999999999829924
14363,2033-12-11,1267,Electronics,North,6,144.64,0.14,Card,8,1.8,746.34,867.8399999999999,121.4976,746.3423999999999,2033,December,12,Q4,Sunday,-0.002399999999852298
14364,2033-12-12,1034,Clothing,South,2,237.1,0.2,COD,6,2.4,379.36,474.2,94.84,379.36,2033,December,12,Q4,Monday,0.0
14365,2033-12-13,1778,Electronics,West,3,225.83,0.15,Card,5,4.5,575.87,677.49,101.62349999999999,575.8665,2033,December,12,Q4,Tuesday,0.003500000000030923
14366,2033-12-14,1575,Beauty,South,5,244.17,0.31,Wallet,3,1.1,842.39,1220.85,378.46349999999995,842.3865,2033,December,12,Q4,Wednesday,0.003500000000030923
14367,2033-12-15,1493,Clothing,East,1,479.21,0.17,COD,1,1.0,397.74,479.21,81.4657,397.74429999999995,2033,December,12,Q4,Thursday,-0.004299999999943793
14368,2033-12-16,1561,Electronics,South,5,204.63,0.29,Card,10,1.9,726.44,1023.15,296.71349999999995,726.4365,2033,December,12,Q4,Friday,0.003500000000030923
14369,2033-12-17,1468,Home,West,3,308.61,0.29,Wallet,10,2.5,657.34,925.83,268.4907,657.3393000000001,2033,December,12,Q4,Saturday,0.0006999999999379725
14370,2033-12-18,1766,Clothing,East,3,379.99,0.29,Card,10,2.2,809.38,1139.97,330.5913,809.3787,2033,December,12,Q4,Sunday,0.0013000000000147338
14371,2033-12-19,1660,Electronics,West,6,150.82,0.25,COD,11,4.3,678.69,904.92,226.23,678.6899999999999,2033,December,12,Q4,Monday,1.1368683772161603e-13
14372,2033-12-20,1324,Home,South,3,435.44,0.3,Wallet,10,3.8,914.42,1306.32,391.89599999999996,914.424,2033,December,12,Q4,Tuesday,-0.004000000000019099
14373,2033-12-21,1303,Beauty,West,2,335.06,0.14,Card,8,4.4,576.3,670.12,93.81680000000001,576.3032,2033,December,12,Q4,Wednesday,-0.003199999999992542
14374,2033-12-22,1275,Home,East,6,276.37,0.04,COD,11,2.5,1591.89,1658.22,66.3288,1591.8912,2033,December,12,Q4,Thursday,-0.001199999999926149
14375,2033-12-23,1868,Electronics,South,5,488.72,0.29,Wallet,5,3.4,1734.96,2443.6000000000004,708.644,1734.9560000000004,2033,December,12,Q4,Friday,0.003999999999678039
14376,2033-12-24,1962,Clothing,South,7,157.44,0.17,Wallet,9,3.1,914.73,1102.08,187.3536,914.7263999999999,2033,December,12,Q4,Saturday,0.0036000000001195076
14377,2033-12-25,1683,Home,North,5,531.66,0.04,COD,11,2.9,2551.97,2658.2999999999997,106.332,2551.968,2033,December,12,Q4,Sunday,0.0019999999999527063
14378,2033-12-26,1928,Electronics,North,1,343.21,0.04,Card,7,2.2,329.48,343.21,13.728399999999999,329.48159999999996,2033,December,12,Q4,Monday,-0.0015999999999394277
14379,2033-12-27,1200,Electronics,West,3,371.37,0.06,COD,1,3.8,1047.26,1114.1100000000001,66.84660000000001,1047.2634,2033,December,12,Q4,Tuesday,-0.003400000000056025
14380,2033-12-28,1444,Beauty,North,3,526.91,0.26,COD,11,3.1,1169.74,1580.73,410.9898,1169.7402,2033,December,12,Q4,Wednesday,-0.0001999999999497959
14381,2033-12-29,1904,Electronics,North,4,493.29,0.25,COD,1,1.3,1479.87,1973.16,493.29,1479.8700000000001,2033,December,12,Q4,Thursday,-2.2737367544323206e-13
14382,2033-12-30,1323,Home,North,6,366.91,0.07,Wallet,7,1.0,2047.36,2201.46,154.1022,2047.3578,2033,December,12,Q4,Friday,0.002199999999902502
14383,2033-12-31,1034,Clothing,North,4,455.61,0.3,Card,11,1.1,1275.71,1822.44,546.732,1275.708,2033,December,12,Q4,Saturday,0.0019999999999527063
14384,2034-01-01,1976,Clothing,East,6,268.49,0.1,Card,7,1.3,1449.85,1610.94,161.09400000000002,1449.846,2034,January,1,Q1,Sunday,0.0039999999999054126
14385,2034-01-02,1481,Electronics,East,2,335.22,0.28,COD,9,2.5,482.72,670.44,187.72320000000002,482.71680000000003,2034,January,1,Q1,Monday,0.003199999999992542
14386,2034-01-03,1727,Home,North,6,51.31,0.17,Wallet,2,2.2,255.52,307.86,52.336200000000005,255.5238,2034,January,1,Q1,Tuesday,-0.0037999999999840384
14387,2034-01-04,1479,Clothing,West,5,67.57,0.26,COD,7,1.6,250.01,337.84999999999997,87.841,250.00899999999996,2034,January,1,Q1,Wednesday,0.0010000000000331966
14388,2034-01-05,1064,Clothing,East,1,500.21,0.13,Wallet,2,3.1,435.18,500.21,65.0273,435.18269999999995,2034,January,1,Q1,Thursday,-0.002699999999947522
14389,2034-01-06,1007,Home,North,7,49.91,0.12,Wallet,10,4.9,307.45,349.37,41.9244,307.4456,2034,January,1,Q1,Friday,0.004399999999975535
14390,2034-01-07,1300,Home,East,6,114.1,0.29,Wallet,10,1.6,486.07,684.5999999999999,198.53399999999996,486.0659999999999,2034,January,1,Q1,Saturday,0.004000000000075943
14391,2034-01-08,1342,Beauty,South,6,480.56,0.01,Wallet,2,2.0,2854.53,2883.36,28.8336,2854.5264,2034,January,1,Q1,Sunday,0.0036000000000058208
14392,2034-01-09,1430,Clothing,East,6,15.67,0.34,Wallet,5,2.8,62.05,94.02,31.9668,62.0532,2034,January,1,Q1,Monday,-0.0031999999999996476
14393,2034-01-10,1423,Clothing,East,1,180.21,0.23,Wallet,9,3.6,138.76,180.21,41.4483,138.76170000000002,2034,January,1,Q1,Tuesday,-0.0017000000000280124
14394,2034-01-11,1331,Beauty,West,3,356.66,0.15,COD,9,3.4,909.48,1069.98,160.49699999999999,909.4830000000001,2034,January,1,Q1,Wednesday,-0.0030000000000427463
14395,2034-01-12,1437,Clothing,East,1,363.34,0.22,Card,10,3.1,283.41,363.34,79.9348,283.4052,2034,January,1,Q1,Thursday,0.004800000000045657
14396,2034-01-13,1587,Electronics,West,3,469.63,0.04,Card,1,3.9,1352.53,1408.8899999999999,56.355599999999995,1352.5343999999998,2034,January,1,Q1,Friday,-0.004399999999805004
14397,2034-01-14,1173,Electronics,South,7,310.97,0.18,Card,11,4.4,1784.97,2176.79,391.82219999999995,1784.9678,2034,January,1,Q1,Saturday,0.002200000000129876
14398,2034-01-15,1558,Home,North,5,313.0,0.34,Card,7,5.0,1032.9,1565.0,532.1,1032.9,2034,January,1,Q1,Sunday,0.0
14399,2034-01-16,1526,Clothing,West,1,439.31,0.08,Card,10,2.9,404.17,439.31,35.144800000000004,404.1652,2034,January,1,Q1,Monday,0.004799999999988813
14400,2034-01-17,1872,Home,East,3,306.7,0.25,Wallet,10,5.0,690.08,920.0999999999999,230.02499999999998,690.0749999999999,2034,January,1,Q1,Tuesday,0.005000000000109139
14401,2034-01-18,1658,Clothing,East,5,370.97,0.15,COD,3,3.9,1576.62,1854.8500000000001,278.2275,1576.6225000000002,2034,January,1,Q1,Wednesday,-0.0025000000002819434
14402,2034-01-19,1025,Electronics,West,5,540.2,0.23,Card,10,3.6,2079.77,2701.0,621.23,2079.77,2034,January,1,Q1,Thursday,0.0
14403,2034-01-20,1819,Clothing,South,3,249.85,0.07,COD,10,3.6,697.08,749.55,52.4685,697.0815,2034,January,1,Q1,Friday,-0.0014999999999645297
14404,2034-01-21,1604,Electronics,North,3,240.3,0.16,COD,1,4.6,605.56,720.9000000000001,115.34400000000002,605.556,2034,January,1,Q1,Saturday,0.0039999999999054126
14405,2034-01-22,1405,Clothing,East,2,17.08,0.34,Card,2,4.8,22.55,34.16,11.6144,22.545599999999997,2034,January,1,Q1,Sunday,0.004400000000003956
14406,2034-01-23,1231,Clothing,South,5,373.85,0.07,Wallet,6,1.7,1738.4,1869.25,130.84750000000003,1738.4025,2034,January,1,Q1,Monday,-0.002499999999827196
14407,2034-01-24,1532,Clothing,North,3,32.42,0.22,Card,10,3.0,75.86,97.26,21.3972,75.86280000000001,2034,January,1,Q1,Tuesday,-0.0028000000000076852
14408,2034-01-25,1818,Home,North,5,309.93,0.2,COD,2,4.8,1239.72,1549.65,309.93000000000006,1239.72,2034,January,1,Q1,Wednesday,0.0
14409,2034-01-26,1549,Home,East,1,485.48,0.2,Card,2,2.5,388.38,485.48,97.096,388.384,2034,January,1,Q1,Thursday,-0.004000000000019099
14410,2034-01-27,1787,Home,West,7,336.7,0.22,COD,4,1.9,1838.38,2356.9,518.518,1838.382,2034,January,1,Q1,Friday,-0.0019999999999527063
14411,2034-01-28,1504,Electronics,East,4,172.74,0.18,Wallet,3,1.4,566.59,690.96,124.3728,566.5872,2034,January,1,Q1,Saturday,0.0027999999999792635
14412,2034-01-29,1668,Electronics,East,4,474.91,0.01,Card,8,3.4,1880.64,1899.64,18.9964,1880.6436,2034,January,1,Q1,Sunday,-0.0036000000000058208
14413,2034-01-30,1178,Clothing,East,6,172.78,0.32,Wallet,8,3.8,704.94,1036.68,331.73760000000004,704.9424,2034,January,1,Q1,Monday,-0.002399999999965985
14414,2034-01-31,1131,Beauty,South,3,443.82,0.29,Card,6,1.8,945.34,1331.46,386.1234,945.3366000000001,2034,January,1,Q1,Tuesday,0.003399999999942338
14415,2034-02-01,1822,Home,West,3,372.0,0.06,COD,4,3.7,1049.04,1116.0,66.96,1049.04,2034,February,2,Q1,Wednesday,0.0
14416,2034-02-02,1454,Home,South,5,114.45,0.14,Wallet,7,4.6,492.14,572.25,80.11500000000001,492.135,2034,February,2,Q1,Thursday,0.0049999999999954525
14417,2034-02-03,1347,Electronics,East,6,544.5,0.27,Wallet,9,2.0,2384.91,3267.0,882.09,2384.91,2034,February,2,Q1,Friday,0.0
14418,2034-02-04,1539,Clothing,West,3,132.38,0.34,Card,2,1.5,262.11,397.14,135.0276,262.1124,2034,February,2,Q1,Saturday,-0.002399999999965985
14419,2034-02-05,1771,Clothing,North,5,593.91,0.33,Card,6,4.3,1989.6,2969.5499999999997,979.9515,1989.5984999999996,2034,February,2,Q1,Sunday,0.0015000000003055902
14420,2034-02-06,1405,Electronics,West,3,19.28,0.31,COD,7,4.7,39.91,57.84,17.930400000000002,39.9096,2034,February,2,Q1,Monday,0.00039999999999906777
14421,2034-02-07,1075,Electronics,East,5,169.14,0.06,Card,1,1.9,794.96,845.6999999999999,50.742,794.958,2034,February,2,Q1,Tuesday,0.002000000000066393
14422,2034-02-08,1940,Beauty,West,3,131.92,0.32,COD,6,3.9,269.12,395.76,126.6432,269.1168,2034,February,2,Q1,Wednesday,0.003199999999992542
14423,2034-02-09,1578,Electronics,North,2,23.19,0.31,COD,8,3.4,32.0,46.38,14.3778,32.0022,2034,February,2,Q1,Thursday,-0.002200000000001978
14424,2034-02-10,1853,Electronics,North,7,443.44,0.13,COD,7,2.0,2700.55,3104.08,403.5304,2700.5496,2034,February,2,Q1,Friday,0.00040000000035433914
14425,2034-02-11,1491,Electronics,West,5,420.65,0.14,Card,2,4.3,1808.8,2103.25,294.45500000000004,1808.795,2034,February,2,Q1,Saturday,0.004999999999881766
14426,2034-02-12,1193,Beauty,North,7,478.53,0.16,COD,2,2.9,2813.76,3349.71,535.9536,2813.7564,2034,February,2,Q1,Sunday,0.0036000000000058208
14427,2034-02-13,1983,Clothing,South,2,165.17,0.23,Wallet,4,3.8,254.36,330.34,75.9782,254.36179999999996,2034,February,2,Q1,Monday,-0.001799999999946067
14428,2034-02-14,1161,Home,West,2,274.94,0.09,COD,5,2.2,500.39,549.88,49.4892,500.3908,2034,February,2,Q1,Tuesday,-0.0008000000000265572
14429,2034-02-15,1346,Beauty,North,2,400.58,0.01,COD,5,4.3,793.15,801.16,8.0116,793.1483999999999,2034,February,2,Q1,Wednesday,0.0016000000000531145
14430,2034-02-16,1950,Electronics,North,2,272.26,0.05,Card,11,2.1,517.29,544.52,27.226,517.294,2034,February,2,Q1,Thursday,-0.004000000000019099
14431,2034-02-17,1360,Clothing,West,1,422.94,0.15,Card,2,2.5,359.5,422.94,63.440999999999995,359.499,2034,February,2,Q1,Friday,0.0009999999999763531
14432,2034-02-18,1768,Electronics,South,7,385.87,0.1,Card,7,2.6,2430.98,2701.09,270.10900000000004,2430.981,2034,February,2,Q1,Saturday,-0.0010000000002037268
14433,2034-02-19,1583,Electronics,West,6,82.07,0.27,COD,8,1.8,359.47,492.41999999999996,132.9534,359.46659999999997,2034,February,2,Q1,Sunday,0.003400000000056025
14434,2034-02-20,1086,Home,North,7,471.91,0.04,Card,2,4.5,3171.24,3303.3700000000003,132.1348,3171.2352000000005,2034,February,2,Q1,Monday,0.004799999999249849
14435,2034-02-21,1933,Home,West,4,436.6,0.32,COD,4,1.5,1187.55,1746.4,558.8480000000001,1187.5520000000001,2034,February,2,Q1,Tuesday,-0.00200000000018008
14436,2034-02-22,1261,Clothing,North,1,398.66,0.31,COD,11,3.3,275.08,398.66,123.58460000000001,275.0754,2034,February,2,Q1,Wednesday,0.004599999999982174
14437,2034-02-23,1213,Clothing,East,3,105.73,0.32,COD,11,4.3,215.69,317.19,101.5008,215.6892,2034,February,2,Q1,Thursday,0.0007999999999981355
14438,2034-02-24,1664,Clothing,West,3,171.78,0.26,Card,3,3.3,381.35,515.34,133.9884,381.3516,2034,February,2,Q1,Friday,-0.001599999999996271
14439,2034-02-25,1721,Electronics,West,6,245.01,0.04,COD,4,2.3,1411.26,1470.06,58.8024,1411.2576,2034,February,2,Q1,Saturday,0.0024000000000796717
14440,2034-02-26,1912,Electronics,North,4,178.76,0.15,COD,5,4.1,607.78,715.04,107.25599999999999,607.784,2034,February,2,Q1,Sunday,-0.004000000000019099
14441,2034-02-27,1572,Electronics,North,4,148.27,0.05,Card,6,3.0,563.43,593.08,29.654000000000003,563.426,2034,February,2,Q1,Monday,0.0039999999999054126
14442,2034-02-28,1779,Electronics,North,4,486.13,0.35,Card,2,1.7,1263.94,1944.52,680.582,1263.938,2034,February,2,Q1,Tuesday,0.0019999999999527063
14443,2034-03-01,1261,Home,North,2,388.37,0.12,COD,10,2.3,683.53,776.74,93.2088,683.5312,2034,March,3,Q1,Wednesday,-0.0012000000000398359
14444,2034-03-02,1729,Electronics,West,1,345.8,0.2,Card,6,3.4,276.64,345.8,69.16000000000001,276.64,2034,March,3,Q1,Thursday,0.0
14445,2034-03-03,1282,Electronics,North,3,147.18,0.27,Card,9,3.6,322.32,441.54,119.21580000000002,322.3242,2034,March,3,Q1,Friday,-0.004200000000025739
14446,2034-03-04,1647,Clothing,West,1,552.07,0.32,Card,11,3.2,375.41,552.07,176.66240000000002,375.4076,2034,March,3,Q1,Saturday,0.0024000000000228283
14447,2034-03-05,1466,Beauty,South,1,126.84,0.26,Card,8,2.1,93.86,126.84,32.9784,93.86160000000001,2034,March,3,Q1,Sunday,-0.001600000000010482
14448,2034-03-06,1379,Electronics,West,1,480.05,0.24,Wallet,1,3.4,364.84,480.05,115.212,364.838,2034,March,3,Q1,Monday,0.0019999999999527063
14449,2034-03-07,1361,Electronics,North,4,580.5,0.16,COD,9,2.3,1950.48,2322.0,371.52,1950.48,2034,March,3,Q1,Tuesday,0.0
14450,2034-03-08,1448,Clothing,North,6,440.35,0.21,COD,11,1.9,2087.26,2642.1000000000004,554.841,2087.2590000000005,2034,March,3,Q1,Wednesday,0.0009999999997489795
14451,2034-03-09,1440,Home,South,6,595.82,0.03,Wallet,10,4.8,3467.67,3574.92,107.24759999999999,3467.6724,2034,March,3,Q1,Thursday,-0.002399999999852298
14452,2034-03-10,1092,Clothing,West,4,395.86,0.31,COD,11,2.3,1092.57,1583.44,490.8664,1092.5736000000002,2034,March,3,Q1,Friday,-0.0036000000002331944
14453,2034-03-11,1620,Home,South,3,142.21,0.19,COD,2,2.3,345.57,426.63,81.0597,345.5703,2034,March,3,Q1,Saturday,-0.00029999999998153726
14454,2034-03-12,1752,Beauty,West,3,134.23,0.01,Card,11,4.6,398.66,402.68999999999994,4.0268999999999995,398.66309999999993,2034,March,3,Q1,Sunday,-0.0030999999999039574
14455,2034-03-13,1866,Home,North,3,204.87,0.32,COD,1,1.6,417.93,614.61,196.67520000000002,417.9348,2034,March,3,Q1,Monday,-0.004799999999988813
14456,2034-03-14,1423,Clothing,West,6,19.17,0.17,Card,6,3.3,95.47,115.02000000000001,19.553400000000003,95.4666,2034,March,3,Q1,Tuesday,0.0033999999999991815
14457,2034-03-15,1141,Clothing,North,6,413.79,0.3,Card,1,4.1,1737.92,2482.7400000000002,744.822,1737.9180000000001,2034,March,3,Q1,Wednesday,0.0019999999999527063
14458,2034-03-16,1290,Electronics,North,1,172.17,0.3,Card,6,2.1,120.52,172.17,51.650999999999996,120.51899999999999,2034,March,3,Q1,Thursday,0.0010000000000047748
14459,2034-03-17,1431,Beauty,East,4,491.88,0.29,Card,2,4.4,1396.94,1967.52,570.5808,1396.9392,2034,March,3,Q1,Friday,0.0008000000000265572
14460,2034-03-18,1748,Clothing,East,2,225.12,0.02,Card,11,4.1,441.24,450.24,9.004800000000001,441.2352,2034,March,3,Q1,Saturday,0.004799999999988813
14461,2034-03-19,1851,Electronics,West,1,295.77,0.09,Card,7,2.9,269.15,295.77,26.6193,269.1507,2034,March,3,Q1,Sunday,-0.0006999999999948159
14462,2034-03-20,1823,Home,North,5,579.93,0.31,Wallet,7,1.5,2000.76,2899.6499999999996,898.8914999999998,2000.7585,2034,March,3,Q1,Monday,0.0015000000000782165
14463,2034-03-21,1688,Electronics,South,6,156.67,0.31,Card,4,4.9,648.61,940.02,291.4062,648.6138,2034,March,3,Q1,Tuesday,-0.0037999999999556167
14464,2034-03-22,1652,Clothing,North,1,436.93,0.16,Wallet,2,3.5,367.02,436.93,69.9088,367.0212,2034,March,3,Q1,Wednesday,-0.0012000000000398359
14465,2034-03-23,1700,Clothing,South,4,456.74,0.15,COD,11,3.1,1552.92,1826.96,274.044,1552.9160000000002,2034,March,3,Q1,Thursday,0.0039999999999054126
14466,2034-03-24,1997,Clothing,West,5,144.28,0.06,COD,7,4.5,678.12,721.4,43.284,678.116,2034,March,3,Q1,Friday,0.004000000000019099
14467,2034-03-25,1048,Home,West,7,308.08,0.34,Card,1,2.7,1423.33,2156.56,733.2304,1423.3296,2034,March,3,Q1,Saturday,0.0003999999998995918
14468,2034-03-26,1301,Electronics,South,1,219.87,0.07,Wallet,11,3.3,204.48,219.87,15.390900000000002,204.47910000000002,2034,March,3,Q1,Sunday,0.0008999999999730335
14469,2034-03-27,1880,Clothing,South,4,466.57,0.07,Card,11,4.4,1735.64,1866.28,130.6396,1735.6404,2034,March,3,Q1,Monday,-0.0003999999998995918
14470,2034-03-28,1189,Clothing,North,4,379.15,0.23,COD,2,2.6,1167.78,1516.6,348.818,1167.782,2034,March,3,Q1,Tuesday,-0.0019999999999527063
14471,2034-03-29,1135,Home,West,6,293.45,0.08,COD,2,4.1,1619.84,1760.6999999999998,140.856,1619.8439999999998,2034,March,3,Q1,Wednesday,-0.0039999999999054126
14472,2034-03-30,1554,Home,North,2,470.93,0.33,Card,1,2.0,631.05,941.86,310.8138,631.0462,2034,March,3,Q1,Thursday,0.0037999999999556167
14473,2034-03-31,1403,Clothing,South,1,152.57,0.0,Card,9,3.8,152.57,152.57,0.0,152.57,2034,March,3,Q1,Friday,0.0
14474,2034-04-01,1891,Clothing,East,4,455.87,0.0,Card,6,3.0,1823.48,1823.48,0.0,1823.48,2034,April,4,Q2,Saturday,0.0
14475,2034-04-02,1864,Electronics,East,3,521.24,0.18,Wallet,3,1.7,1282.25,1563.72,281.4696,1282.2504,2034,April,4,Q2,Sunday,-0.0003999999998995918
14476,2034-04-03,1601,Beauty,East,4,528.99,0.17,Wallet,6,1.5,1756.25,2115.96,359.71320000000003,1756.2468,2034,April,4,Q2,Monday,0.003200000000106229
14477,2034-04-04,1806,Clothing,South,2,473.45,0.06,Wallet,7,2.8,890.09,946.9,56.814,890.086,2034,April,4,Q2,Tuesday,0.004000000000019099
14478,2034-04-05,1340,Home,North,4,253.69,0.17,Card,3,3.8,842.25,1014.76,172.50920000000002,842.2508,2034,April,4,Q2,Wednesday,-0.0008000000000265572
14479,2034-04-06,1756,Electronics,West,6,589.36,0.14,Card,4,3.4,3041.1,3536.16,495.0624,3041.0976,2034,April,4,Q2,Thursday,0.002399999999852298
14480,2034-04-07,1944,Electronics,South,7,237.06,0.31,Card,10,4.4,1145.0,1659.42,514.4202,1144.9998,2034,April,4,Q2,Friday,0.0001999999999497959
14481,2034-04-08,1703,Clothing,East,1,388.6,0.0,Wallet,1,2.6,388.6,388.6,0.0,388.6,2034,April,4,Q2,Saturday,0.0
14482,2034-04-09,1317,Beauty,North,6,109.23,0.34,Card,6,4.4,432.55,655.38,222.82920000000001,432.5508,2034,April,4,Q2,Sunday,-0.0007999999999697138
14483,2034-04-10,1617,Clothing,West,1,588.56,0.22,Card,6,1.1,459.08,588.56,129.48319999999998,459.07679999999993,2034,April,4,Q2,Monday,0.0032000000000493856
14484,2034-04-11,1362,Beauty,West,5,426.83,0.05,Wallet,9,2.5,2027.44,2134.15,106.70750000000001,2027.4425,2034,April,4,Q2,Tuesday,-0.0025000000000545697
14485,2034-04-12,1821,Clothing,South,1,455.73,0.02,COD,2,1.3,446.62,455.73,9.114600000000001,446.6154,2034,April,4,Q2,Wednesday,0.004599999999982174
14486,2034-04-13,1381,Clothing,South,5,53.48,0.19,COD,5,4.7,216.59,267.4,50.806,216.594,2034,April,4,Q2,Thursday,-0.003999999999990678
14487,2034-04-14,1232,Electronics,West,6,461.6,0.08,Card,5,2.9,2548.03,2769.6000000000004,221.56800000000004,2548.032,2034,April,4,Q2,Friday,-0.0019999999999527063
14488,2034-04-15,1776,Home,West,3,468.21,0.11,COD,7,2.3,1250.12,1404.6299999999999,154.5093,1250.1207,2034,April,4,Q2,Saturday,-0.0007000000000516593
14489,2034-04-16,1343,Electronics,East,2,407.99,0.09,Wallet,5,3.0,742.54,815.98,73.4382,742.5418,2034,April,4,Q2,Sunday,-0.0018000000000029104
14490,2034-04-17,1548,Beauty,West,3,185.77,0.23,COD,10,3.1,429.13,557.3100000000001,128.18130000000002,429.12870000000004,2034,April,4,Q2,Monday,0.0012999999999578904
14491,2034-04-18,1816,Beauty,South,5,301.47,0.19,Card,4,4.4,1220.95,1507.3500000000001,286.3965,1220.9535,2034,April,4,Q2,Tuesday,-0.003500000000030923
14492,2034-04-19,1552,Beauty,North,4,79.6,0.03,Card,10,3.2,308.85,318.4,9.552,308.84799999999996,2034,April,4,Q2,Wednesday,0.002000000000066393
14493,2034-04-20,1528,Clothing,East,4,290.88,0.18,Card,2,2.7,954.09,1163.52,209.43359999999998,954.0864,2034,April,4,Q2,Thursday,0.0036000000000058208
14494,2034-04-21,1855,Home,East,3,157.64,0.28,COD,8,4.8,340.5,472.91999999999996,132.4176,340.50239999999997,2034,April,4,Q2,Friday,-0.002399999999965985
14495,2034-04-22,1788,Home,West,4,219.22,0.03,Card,5,4.9,850.57,876.88,26.3064,850.5735999999999,2034,April,4,Q2,Saturday,-0.003599999999892134
14496,2034-04-23,1818,Electronics,North,5,110.12,0.31,COD,4,1.2,379.91,550.6,170.686,379.914,2034,April,4,Q2,Sunday,-0.003999999999962256
14497,2034-04-24,1570,Clothing,East,6,149.58,0.2,COD,9,3.8,717.98,897.48,179.496,717.984,2034,April,4,Q2,Monday,-0.004000000000019099
14498,2034-04-25,1934,Electronics,South,2,59.79,0.33,COD,2,2.5,80.12,119.58,39.461400000000005,80.11859999999999,2034,April,4,Q2,Tuesday,0.0014000000000180535
14499,2034-04-26,1182,Clothing,West,7,553.14,0.05,Card,3,3.7,3678.38,3871.98,193.59900000000002,3678.381,2034,April,4,Q2,Wednesday,-0.0009999999997489795
14500,2034-04-27,1040,Electronics,South,1,325.29,0.35,COD,8,3.5,211.44,325.29,113.8515,211.43850000000003,2034,April,4,Q2,Thursday,0.0014999999999645297
14501,2034-04-28,1550,Electronics,West,5,247.09,0.23,COD,11,2.3,951.3,1235.45,284.1535,951.2965,2034,April,4,Q2,Friday,0.003499999999917236
14502,2034-04-29,1396,Clothing,East,7,327.99,0.2,Card,4,4.9,1836.74,2295.9300000000003,459.1860000000001,1836.7440000000001,2034,April,4,Q2,Saturday,-0.004000000000132786
14503,2034-04-30,1703,Clothing,West,5,382.55,0.18,Wallet,9,2.4,1568.46,1912.75,344.29499999999996,1568.455,2034,April,4,Q2,Sunday,0.005000000000109139
14504,2034-05-01,1778,Clothing,North,1,554.3,0.01,Card,10,3.5,548.76,554.3,5.542999999999999,548.757,2034,May,5,Q2,Monday,0.0030000000000427463
14505,2034-05-02,1493,Electronics,South,1,119.54,0.33,COD,10,4.3,80.09,119.54,39.44820000000001,80.0918,2034,May,5,Q2,Tuesday,-0.0018000000000029104
14506,2034-05-03,1658,Clothing,North,2,187.9,0.23,Card,10,1.6,289.37,375.8,86.43400000000001,289.366,2034,May,5,Q2,Wednesday,0.004000000000019099
14507,2034-05-04,1906,Electronics,South,2,585.84,0.03,COD,10,2.2,1136.53,1171.68,35.1504,1136.5296,2034,May,5,Q2,Thursday,0.0003999999998995918
14508,2034-05-05,1332,Clothing,South,2,232.15,0.01,COD,9,1.8,459.66,464.3,4.643,459.65700000000004,2034,May,5,Q2,Friday,0.002999999999985903
14509,2034-05-06,1126,Clothing,West,4,28.2,0.02,Card,10,4.1,110.54,112.8,2.256,110.544,2034,May,5,Q2,Saturday,-0.003999999999990678
14510,2034-05-07,1557,Clothing,East,5,101.37,0.21,COD,9,4.2,400.41,506.85,106.4385,400.41150000000005,2034,May,5,Q2,Sunday,-0.0015000000000213731
14511,2034-05-08,1556,Home,East,6,30.41,0.21,COD,1,2.0,144.14,182.46,38.3166,144.1434,2034,May,5,Q2,Monday,-0.003400000000027603
14512,2034-05-09,1000,Electronics,North,1,594.11,0.17,COD,6,1.0,493.11,594.11,100.99870000000001,493.1113,2034,May,5,Q2,Tuesday,-0.0013000000000147338
14513,2034-05-10,1167,Home,West,5,178.14,0.11,Card,10,2.7,792.72,890.6999999999999,97.97699999999999,792.723,2034,May,5,Q2,Wednesday,-0.0029999999999290594
14514,2034-05-11,1619,Clothing,East,7,555.27,0.19,Card,6,3.7,3148.38,3886.89,738.5091,3148.3809,2034,May,5,Q2,Thursday,-0.0009000000000014552
14515,2034-05-12,1018,Clothing,South,5,597.59,0.18,COD,8,3.5,2450.12,2987.9500000000003,537.831,2450.119,2034,May,5,Q2,Friday,0.0009999999997489795
14516,2034-05-13,1331,Clothing,South,2,365.91,0.01,Card,7,2.8,724.5,731.82,7.318200000000001,724.5018,2034,May,5,Q2,Saturday,-0.0018000000000029104
14517,2034-05-14,1583,Electronics,West,2,34.42,0.1,COD,7,2.2,61.96,68.84,6.884,61.956,2034,May,5,Q2,Sunday,0.003999999999997783
14518,2034-05-15,1455,Home,North,5,62.73,0.02,Card,2,2.9,307.38,313.65,6.273,307.37699999999995,2034,May,5,Q2,Monday,0.0030000000000427463
14519,2034-05-16,1956,Clothing,West,2,296.73,0.32,Card,11,1.1,403.55,593.46,189.90720000000002,403.55280000000005,2034,May,5,Q2,Tuesday,-0.002800000000036107
14520,2034-05-17,1108,Electronics,North,4,252.61,0.25,Wallet,4,1.3,757.83,1010.44,252.61,757.83,2034,May,5,Q2,Wednesday,0.0
14521,2034-05-18,1267,Electronics,West,1,369.61,0.35,COD,1,1.7,240.25,369.61,129.3635,240.24650000000003,2034,May,5,Q2,Thursday,0.0034999999999740794
14522,2034-05-19,1444,Electronics,South,7,271.73,0.11,COD,11,3.5,1692.88,1902.1100000000001,209.2321,1692.8779000000002,2034,May,5,Q2,Friday,0.0020999999999276042
14523,2034-05-20,1239,Beauty,West,5,561.43,0.31,Wallet,11,1.9,1936.93,2807.1499999999996,870.2164999999999,1936.9334999999996,2034,May,5,Q2,Saturday,-0.0034999999995761755
14524,2034-05-21,1928,Home,East,1,327.82,0.21,COD,7,2.7,258.98,327.82,68.84219999999999,258.9778,2034,May,5,Q2,Sunday,0.002200000000016189
14525,2034-05-22,1300,Electronics,East,4,420.83,0.16,COD,4,3.5,1413.99,1683.32,269.33119999999997,1413.9888,2034,May,5,Q2,Monday,0.001199999999926149
14526,2034-05-23,1601,Clothing,West,7,539.44,0.08,Wallet,9,4.3,3473.99,3776.0800000000004,302.0864,3473.9936000000002,2034,May,5,Q2,Tuesday,-0.003600000000460568
14527,2034-05-24,1102,Clothing,North,2,100.92,0.26,COD,6,3.2,149.36,201.84,52.4784,149.3616,2034,May,5,Q2,Wednesday,-0.001599999999996271
14528,2034-05-25,1987,Home,North,3,149.39,0.32,COD,6,1.7,304.76,448.16999999999996,143.4144,304.75559999999996,2034,May,5,Q2,Thursday,0.004400000000032378
14529,2034-05-26,1249,Electronics,South,4,77.78,0.08,Card,9,4.8,286.23,311.12,24.8896,286.23040000000003,2034,May,5,Q2,Friday,-0.0004000000000132786
14530,2034-05-27,1452,Electronics,South,3,96.69,0.06,Wallet,8,1.4,272.67,290.07,17.4042,272.6658,2034,May,5,Q2,Saturday,0.004200000000025739
14531,2034-05-28,1519,Beauty,North,1,314.86,0.24,Card,6,2.5,239.29,314.86,75.5664,239.29360000000003,2034,May,5,Q2,Sunday,-0.0036000000000342425
14532,2034-05-29,1152,Electronics,West,5,202.89,0.34,Card,6,4.7,669.54,1014.4499999999999,344.913,669.5369999999999,2034,May,5,Q2,Monday,0.0030000000000427463
14533,2034-05-30,1858,Electronics,South,7,262.56,0.26,Card,6,3.4,1360.06,1837.92,477.85920000000004,1360.0608,2034,May,5,Q2,Tuesday,-0.0008000000000265572
14534,2034-05-31,1173,Beauty,North,2,589.76,0.1,Card,4,3.7,1061.57,1179.52,117.952,1061.568,2034,May,5,Q2,Wednesday,0.0019999999999527063
14535,2034-06-01,1342,Clothing,North,7,106.67,0.15,Card,5,2.2,634.69,746.69,112.0035,634.6865,2034,June,6,Q2,Thursday,0.003500000000030923
14536,2034-06-02,1669,Electronics,West,4,331.38,0.13,Wallet,3,1.3,1153.2,1325.52,172.3176,1153.2024,2034,June,6,Q2,Friday,-0.002399999999852298
14537,2034-06-03,1430,Electronics,East,2,72.84,0.3,COD,9,2.5,101.98,145.68,43.704,101.976,2034,June,6,Q2,Saturday,0.0040000000000048885
14538,2034-06-04,1726,Electronics,North,3,201.32,0.27,Card,11,2.6,440.89,603.96,163.06920000000002,440.8908,2034,June,6,Q2,Sunday,-0.0008000000000265572
14539,2034-06-05,1688,Electronics,South,3,323.6,0.21,COD,2,2.1,766.93,970.8000000000001,203.868,766.932,2034,June,6,Q2,Monday,-0.002000000000066393
14540,2034-06-06,1686,Beauty,West,6,568.78,0.1,COD,11,1.9,3071.41,3412.68,341.26800000000003,3071.412,2034,June,6,Q2,Tuesday,-0.0019999999999527063
14541,2034-06-07,1851,Clothing,West,7,243.87,0.33,COD,7,2.4,1143.75,1707.0900000000001,563.3397000000001,1143.7503000000002,2034,June,6,Q2,Wednesday,-0.0003000000001520675
14542,2034-06-08,1849,Home,West,5,52.97,0.23,Card,1,3.6,203.93,264.85,60.91550000000001,203.9345,2034,June,6,Q2,Thursday,-0.004500000000007276
14543,2034-06-09,1657,Beauty,East,3,242.07,0.34,Wallet,10,4.8,479.3,726.21,246.91140000000004,479.29859999999996,2034,June,6,Q2,Friday,0.0014000000000464752
14544,2034-06-10,1961,Clothing,East,5,100.26,0.2,Card,7,3.8,401.04,501.3,100.26,401.04,2034,June,6,Q2,Saturday,0.0
14545,2034-06-11,1323,Electronics,South,6,149.54,0.29,Card,2,4.1,637.04,897.24,260.1996,637.0404000000001,2034,June,6,Q2,Sunday,-0.00040000000012696546
14546,2034-06-12,1989,Clothing,South,4,376.58,0.28,Card,5,2.2,1084.55,1506.32,421.7696,1084.5503999999999,2034,June,6,Q2,Monday,-0.0003999999998995918
14547,2034-06-13,1672,Beauty,West,6,54.44,0.12,COD,1,1.4,287.44,326.64,39.196799999999996,287.4432,2034,June,6,Q2,Tuesday,-0.003199999999992542
14548,2034-06-14,1638,Home,South,5,286.86,0.34,COD,5,2.2,946.64,1434.3000000000002,487.6620000000001,946.6380000000001,2034,June,6,Q2,Wednesday,0.0019999999998390194
14549,2034-06-15,1419,Electronics,North,3,371.54,0.01,Card,11,2.6,1103.47,1114.6200000000001,11.146200000000002,1103.4738000000002,2034,June,6,Q2,Thursday,-0.0038000000001829903
14550,2034-06-16,1593,Home,East,1,261.79,0.27,Card,4,3.8,191.11,261.79,70.68330000000002,191.1067,2034,June,6,Q2,Friday,0.0033000000000242835
14551,2034-06-17,1484,Clothing,West,5,26.19,0.34,COD,1,4.8,86.43,130.95000000000002,44.52300000000001,86.427,2034,June,6,Q2,Saturday,0.0030000000000001137
14552,2034-06-18,1658,Beauty,West,2,591.53,0.12,COD,1,4.2,1041.09,1183.06,141.9672,1041.0928,2034,June,6,Q2,Sunday,-0.0027999999999792635
14553,2034-06-19,1750,Electronics,North,1,229.76,0.23,Card,7,2.1,176.92,229.76,52.8448,176.9152,2034,June,6,Q2,Monday,0.004799999999988813
14554,2034-06-20,1411,Clothing,North,7,470.47,0.2,Wallet,3,4.3,2634.63,3293.29,658.658,2634.632,2034,June,6,Q2,Tuesday,-0.0019999999999527063
14555,2034-06-21,1935,Beauty,North,5,205.5,0.27,Wallet,10,2.6,750.08,1027.5,277.425,750.075,2034,June,6,Q2,Wednesday,0.0049999999999954525
14556,2034-06-22,1083,Clothing,North,2,292.88,0.3,Card,9,1.7,410.03,585.76,175.72799999999998,410.03200000000004,2034,June,6,Q2,Thursday,-0.002000000000066393
14557,2034-06-23,1112,Clothing,West,7,242.25,0.21,COD,9,2.8,1339.64,1695.75,356.10749999999996,1339.6425,2034,June,6,Q2,Friday,-0.002499999999827196
14558,2034-06-24,1736,Electronics,East,6,215.39,0.29,Card,10,3.3,917.56,1292.34,374.7785999999999,917.5614,2034,June,6,Q2,Saturday,-0.0014000000001033186
14559,2034-06-25,1331,Electronics,East,1,27.78,0.11,COD,11,4.1,24.72,27.78,3.0558,24.7242,2034,June,6,Q2,Sunday,-0.00420000000000087
14560,2034-06-26,1377,Electronics,North,5,225.61,0.08,Card,9,2.4,1037.81,1128.0500000000002,90.24400000000001,1037.8060000000003,2034,June,6,Q2,Monday,0.003999999999678039
14561,2034-06-27,1754,Beauty,South,4,535.35,0.15,Card,1,1.6,1820.19,2141.4,321.21,1820.19,2034,June,6,Q2,Tuesday,0.0
14562,2034-06-28,1654,Electronics,West,6,418.88,0.24,COD,4,1.4,1910.09,2513.2799999999997,603.1872,1910.0928,2034,June,6,Q2,Wednesday,-0.0027999999999792635
14563,2034-06-29,1040,Clothing,East,2,100.07,0.07,Wallet,1,1.4,186.13,200.14,14.0098,186.13019999999997,2034,June,6,Q2,Thursday,-0.0001999999999782176
14564,2034-06-30,1934,Home,North,4,360.83,0.24,Card,1,4.8,1096.92,1443.32,346.3968,1096.9232,2034,June,6,Q2,Friday,-0.0031999999998788553
14565,2034-07-01,1769,Electronics,South,3,536.96,0.14,Card,9,4.8,1385.36,1610.88,225.52320000000003,1385.3568,2034,July,7,Q3,Saturday,0.0031999999998788553
14566,2034-07-02,1958,Clothing,South,6,424.52,0.28,Card,5,4.9,1833.93,2547.12,713.1936000000001,1833.9263999999998,2034,July,7,Q3,Sunday,0.0036000000002331944
14567,2034-07-03,1796,Home,North,6,101.98,0.01,COD,1,2.2,605.76,611.88,6.1188,605.7612,2034,July,7,Q3,Monday,-0.0012000000000398359
14568,2034-07-04,1104,Beauty,West,5,522.68,0.23,COD,11,1.8,2012.32,2613.3999999999996,601.082,2012.3179999999998,2034,July,7,Q3,Tuesday,0.00200000000018008
14569,2034-07-05,1201,Clothing,East,5,191.4,0.23,COD,3,4.9,736.89,957.0,220.11,736.89,2034,July,7,Q3,Wednesday,0.0
14570,2034-07-06,1449,Home,South,2,280.63,0.33,COD,7,5.0,376.04,561.26,185.2158,376.0442,2034,July,7,Q3,Thursday,-0.004199999999968895
14571,2034-07-07,1818,Electronics,East,6,322.79,0.25,COD,2,1.3,1452.56,1936.7400000000002,484.18500000000006,1452.5550000000003,2034,July,7,Q3,Friday,0.004999999999654392
14572,2034-07-08,1842,Beauty,East,5,512.55,0.28,COD,4,4.0,1845.18,2562.75,717.57,1845.1799999999998,2034,July,7,Q3,Saturday,2.2737367544323206e-13
14573,2034-07-09,1972,Electronics,South,3,559.99,0.32,COD,2,2.2,1142.38,1679.97,537.5904,1142.3796,2034,July,7,Q3,Sunday,0.00040000000012696546
14574,2034-07-10,1265,Home,North,7,558.85,0.24,COD,9,4.6,2973.08,3911.9500000000003,938.868,2973.0820000000003,2034,July,7,Q3,Monday,-0.0020000000004074536
14575,2034-07-11,1909,Electronics,South,7,19.65,0.1,Wallet,9,1.4,123.79,137.54999999999998,13.754999999999999,123.79499999999999,2034,July,7,Q3,Tuesday,-0.004999999999981242
14576,2034-07-12,1209,Beauty,South,7,554.3,0.3,Card,7,4.6,2716.07,3880.0999999999995,1164.0299999999997,2716.0699999999997,2034,July,7,Q3,Wednesday,4.547473508864641e-13
14577,2034-07-13,1562,Home,West,5,46.82,0.26,Card,7,1.0,173.23,234.1,60.866,173.23399999999998,2034,July,7,Q3,Thursday,-0.003999999999990678
14578,2034-07-14,1117,Home,East,6,170.48,0.15,Card,2,3.1,869.45,1022.8799999999999,153.432,869.4479999999999,2034,July,7,Q3,Friday,0.00200000000018008
14579,2034-07-15,1712,Electronics,North,7,316.27,0.25,Wallet,10,2.3,1660.42,2213.89,553.4725,1660.4175,2034,July,7,Q3,Saturday,0.0025000000000545697
14580,2034-07-16,1376,Clothing,East,1,295.76,0.3,Card,8,2.7,207.03,295.76,88.728,207.03199999999998,2034,July,7,Q3,Sunday,-0.001999999999981128
14581,2034-07-17,1550,Clothing,South,4,368.76,0.34,Card,1,2.7,973.53,1475.04,501.5136,973.5264,2034,July,7,Q3,Monday,0.0036000000000058208
14582,2034-07-18,1539,Home,North,6,295.48,0.33,Wallet,8,3.6,1187.83,1772.88,585.0504000000001,1187.8296,2034,July,7,Q3,Tuesday,0.0003999999998995918
14583,2034-07-19,1770,Electronics,North,3,561.61,0.11,Wallet,5,1.1,1499.5,1684.83,185.3313,1499.4986999999999,2034,July,7,Q3,Wednesday,0.0013000000001284207
14584,2034-07-20,1083,Beauty,North,6,155.72,0.15,Wallet,4,3.8,794.17,934.3199999999999,140.148,794.1719999999999,2034,July,7,Q3,Thursday,-0.0019999999999527063
14585,2034-07-21,1453,Beauty,North,3,175.3,0.04,Card,10,1.1,504.86,525.9000000000001,21.036000000000005,504.8640000000001,2034,July,7,Q3,Friday,-0.004000000000075943
14586,2034-07-22,1666,Electronics,West,6,553.63,0.09,Wallet,2,1.7,3022.82,3321.7799999999997,298.9602,3022.8197999999998,2034,July,7,Q3,Saturday,0.00020000000040454324
14587,2034-07-23,1628,Home,North,7,59.89,0.31,Card,3,3.4,289.27,419.23,129.9613,289.2687,2034,July,7,Q3,Sunday,0.0012999999999578904
14588,2034-07-24,1513,Clothing,South,4,371.59,0.13,Card,10,1.3,1293.13,1486.36,193.2268,1293.1332,2034,July,7,Q3,Monday,-0.0031999999998788553
14589,2034-07-25,1604,Clothing,West,4,413.82,0.22,Card,2,5.0,1291.12,1655.28,364.1616,1291.1183999999998,2034,July,7,Q3,Tuesday,0.0016000000000531145
14590,2034-07-26,1677,Electronics,South,3,310.74,0.23,COD,11,4.1,717.81,932.22,214.41060000000002,717.8094,2034,July,7,Q3,Wednesday,0.0005999999999630745
14591,2034-07-27,1386,Clothing,South,6,421.13,0.27,Card,4,3.8,1844.55,2526.7799999999997,682.2306,1844.5493999999999,2034,July,7,Q3,Thursday,0.0006000000000767614
14592,2034-07-28,1911,Home,East,4,116.06,0.06,COD,3,2.1,436.39,464.24,27.8544,436.3856,2034,July,7,Q3,Friday,0.004399999999975535
14593,2034-07-29,1349,Clothing,North,2,513.79,0.11,Wallet,5,1.2,914.55,1027.58,113.0338,914.5461999999999,2034,July,7,Q3,Saturday,0.0038000000000693035
14594,2034-07-30,1295,Clothing,North,6,96.92,0.16,Card,7,4.9,488.48,581.52,93.0432,488.47679999999997,2034,July,7,Q3,Sunday,0.0032000000000493856
14595,2034-07-31,1257,Home,South,4,249.48,0.13,Card,9,1.6,868.19,997.92,129.7296,868.1904,2034,July,7,Q3,Monday,-0.0003999999998995918
14596,2034-08-01,1080,Home,North,1,59.03,0.34,Card,5,4.3,38.96,59.03,20.070200000000003,38.9598,2034,August,8,Q3,Tuesday,0.00019999999999953388
14597,2034-08-02,1936,Electronics,West,1,333.95,0.29,Wallet,8,1.8,237.1,333.95,96.84549999999999,237.1045,2034,August,8,Q3,Wednesday,-0.004500000000007276
14598,2034-08-03,1267,Beauty,East,2,406.8,0.17,Card,2,2.5,675.29,813.6,138.312,675.288,2034,August,8,Q3,Thursday,0.0019999999999527063
14599,2034-08-04,1418,Clothing,North,4,565.61,0.31,Card,6,3.8,1561.08,2262.44,701.3564,1561.0836,2034,August,8,Q3,Friday,-0.0036000000000058208
14600,2034-08-05,1234,Electronics,North,1,447.51,0.12,Card,8,4.8,393.81,447.51,53.7012,393.8088,2034,August,8,Q3,Saturday,0.0011999999999829924
14601,2034-08-06,1832,Electronics,West,7,331.55,0.28,Wallet,9,1.1,1671.01,2320.85,649.8380000000001,1671.0119999999997,2034,August,8,Q3,Sunday,-0.0019999999997253326
14602,2034-08-07,1310,Clothing,East,6,560.58,0.08,Card,11,2.0,3094.4,3363.4800000000005,269.07840000000004,3094.4016000000006,2034,August,8,Q3,Monday,-0.0016000000005078618
14603,2034-08-08,1812,Beauty,West,5,294.89,0.27,Card,4,4.1,1076.35,1474.4499999999998,398.1015,1076.3484999999998,2034,August,8,Q3,Tuesday,0.0015000000000782165
14604,2034-08-09,1974,Clothing,South,4,343.31,0.16,Card,4,1.7,1153.52,1373.24,219.7184,1153.5216,2034,August,8,Q3,Wednesday,-0.0016000000000531145
14605,2034-08-10,1985,Home,South,2,363.72,0.04,Wallet,7,1.4,698.34,727.44,29.097600000000003,698.3424,2034,August,8,Q3,Thursday,-0.002399999999965985
14606,2034-08-11,1356,Electronics,North,4,254.84,0.1,Card,4,1.2,917.42,1019.36,101.936,917.424,2034,August,8,Q3,Friday,-0.004000000000019099
14607,2034-08-12,1212,Clothing,East,3,505.51,0.14,COD,5,3.0,1304.22,1516.53,212.31420000000003,1304.2158,2034,August,8,Q3,Saturday,0.004200000000082582
14608,2034-08-13,1573,Beauty,South,3,123.33,0.26,Card,2,4.1,273.79,369.99,96.1974,273.7926,2034,August,8,Q3,Sunday,-0.002599999999972624
14609,2034-08-14,1048,Home,West,1,339.58,0.03,Wallet,2,4.8,329.39,339.58,10.187399999999998,329.39259999999996,2034,August,8,Q3,Monday,-0.002599999999972624
14610,2034-08-15,1126,Electronics,South,3,437.51,0.23,COD,11,2.1,1010.65,1312.53,301.88190000000003,1010.6480999999999,2034,August,8,Q3,Tuesday,0.0019000000000914952
14611,2034-08-16,1222,Clothing,South,2,543.83,0.25,COD,10,1.5,815.75,1087.66,271.915,815.7450000000001,2034,August,8,Q3,Wednesday,0.004999999999881766
14612,2034-08-17,1920,Electronics,West,1,532.09,0.23,Card,5,2.6,409.71,532.09,122.38070000000002,409.7093,2034,August,8,Q3,Thursday,0.0006999999999948159
14613,2034-08-18,1278,Clothing,North,2,312.61,0.27,Card,10,1.2,456.41,625.22,168.8094,456.41060000000004,2034,August,8,Q3,Friday,-0.0006000000000199179
14614,2034-08-19,1407,Home,East,6,391.25,0.06,Card,10,2.3,2206.65,2347.5,140.85,2206.65,2034,August,8,Q3,Saturday,0.0
14615,2034-08-20,1504,Home,North,2,245.63,0.21,COD,2,3.6,388.1,491.26,103.1646,388.0954,2034,August,8,Q3,Sunday,0.004600000000039017
14616,2034-08-21,1293,Electronics,West,3,288.88,0.33,Wallet,6,1.7,580.65,866.64,285.9912,580.6487999999999,2034,August,8,Q3,Monday,0.0012000000000398359
14617,2034-08-22,1795,Beauty,South,6,545.17,0.21,Card,6,3.5,2584.11,3271.0199999999995,686.9141999999998,2584.1058,2034,August,8,Q3,Tuesday,0.004200000000309956
14618,2034-08-23,1276,Clothing,East,3,559.46,0.21,Wallet,8,4.9,1325.92,1678.38,352.45980000000003,1325.9202,2034,August,8,Q3,Wednesday,-0.0001999999999497959
14619,2034-08-24,1437,Clothing,North,2,538.82,0.26,Card,1,4.5,797.45,1077.64,280.18640000000005,797.4536,2034,August,8,Q3,Thursday,-0.0036000000000058208
14620,2034-08-25,1106,Clothing,West,3,95.95,0.12,Wallet,7,2.4,253.31,287.85,34.542,253.30800000000002,2034,August,8,Q3,Friday,0.001999999999981128
14621,2034-08-26,1657,Clothing,South,3,512.3,0.25,Card,7,2.7,1152.68,1536.8999999999999,384.22499999999997,1152.675,2034,August,8,Q3,Saturday,0.005000000000109139
14622,2034-08-27,1419,Clothing,South,3,569.79,0.32,Card,9,2.7,1162.37,1709.37,546.9984,1162.3716,2034,August,8,Q3,Sunday,-0.0016000000000531145
14623,2034-08-28,1610,Clothing,North,4,226.33,0.0,COD,4,4.4,905.32,905.32,0.0,905.32,2034,August,8,Q3,Monday,0.0
14624,2034-08-29,1428,Clothing,West,6,318.41,0.3,COD,7,5.0,1337.32,1910.46,573.138,1337.3220000000001,2034,August,8,Q3,Tuesday,-0.00200000000018008
14625,2034-08-30,1374,Electronics,South,6,470.77,0.08,COD,6,4.3,2598.65,2824.62,225.96959999999999,2598.6504,2034,August,8,Q3,Wednesday,-0.0003999999998995918
14626,2034-08-31,1072,Home,South,7,343.82,0.16,COD,4,3.2,2021.66,2406.74,385.0784,2021.6616,2034,August,8,Q3,Thursday,-0.0015999999998257408
14627,2034-09-01,1948,Clothing,East,6,596.19,0.3,COD,10,1.4,2504.0,3577.1400000000003,1073.142,2503.9980000000005,2034,September,9,Q3,Friday,0.001999999999497959
14628,2034-09-02,1997,Electronics,South,7,281.59,0.29,Card,8,4.8,1399.5,1971.1299999999999,571.6276999999999,1399.5023,2034,September,9,Q3,Saturday,-0.002300000000104774
14629,2034-09-03,1633,Home,North,2,432.66,0.31,Card,3,4.4,597.07,865.32,268.24920000000003,597.0708,2034,September,9,Q3,Sunday,-0.0007999999999128704
14630,2034-09-04,1029,Beauty,West,7,478.67,0.33,Card,8,4.4,2244.96,3350.69,1105.7277000000001,2244.9623,2034,September,9,Q3,Monday,-0.002300000000104774
14631,2034-09-05,1187,Beauty,West,7,304.05,0.16,COD,5,2.6,1787.81,2128.35,340.536,1787.8139999999999,2034,September,9,Q3,Tuesday,-0.0039999999999054126
14632,2034-09-06,1363,Clothing,East,5,516.34,0.23,COD,4,2.8,1987.91,2581.7000000000003,593.791,1987.909,2034,September,9,Q3,Wednesday,0.0009999999999763531
14633,2034-09-07,1865,Electronics,West,2,334.5,0.14,COD,3,1.5,575.34,669.0,93.66000000000001,575.34,2034,September,9,Q3,Thursday,0.0
14634,2034-09-08,1799,Clothing,North,6,255.82,0.12,COD,10,4.8,1350.73,1534.92,184.1904,1350.7296000000001,2034,September,9,Q3,Friday,0.0003999999998995918
14635,2034-09-09,1450,Electronics,South,1,78.08,0.15,Card,7,4.8,66.37,78.08,11.712,66.368,2034,September,9,Q3,Saturday,0.0020000000000095497
14636,2034-09-10,1194,Beauty,East,3,245.15,0.26,COD,7,2.0,544.23,735.45,191.217,544.2330000000001,2034,September,9,Q3,Sunday,-0.0030000000000427463
14637,2034-09-11,1155,Electronics,West,3,444.35,0.18,Card,6,3.8,1093.1,1333.0500000000002,239.949,1093.101,2034,September,9,Q3,Monday,-0.0010000000002037268
14638,2034-09-12,1171,Electronics,East,5,553.95,0.28,COD,3,1.8,1994.22,2769.75,775.5300000000001,1994.2199999999998,2034,September,9,Q3,Tuesday,2.2737367544323206e-13
14639,2034-09-13,1846,Clothing,East,1,162.23,0.26,Card,9,2.6,120.05,162.23,42.1798,120.05019999999999,2034,September,9,Q3,Wednesday,-0.00019999999999242846
14640,2034-09-14,1040,Clothing,West,4,222.81,0.01,COD,11,2.2,882.33,891.24,8.9124,882.3276,2034,September,9,Q3,Thursday,0.0024000000000796717
14641,2034-09-15,1062,Home,East,7,105.07,0.22,COD,2,2.6,573.68,735.49,161.80780000000001,573.6822,2034,September,9,Q3,Friday,-0.002200000000016189
14642,2034-09-16,1022,Clothing,West,2,419.07,0.15,Card,3,2.2,712.42,838.14,125.72099999999999,712.419,2034,September,9,Q3,Saturday,0.0009999999999763531
14643,2034-09-17,1359,Electronics,North,4,576.71,0.16,COD,1,2.4,1937.75,2306.84,369.0944,1937.7456000000002,2034,September,9,Q3,Sunday,0.004399999999805004
14644,2034-09-18,1074,Electronics,West,1,389.96,0.29,Card,7,4.2,276.87,389.96,113.0884,276.8716,2034,September,9,Q3,Monday,-0.001599999999996271
14645,2034-09-19,1559,Clothing,South,5,375.99,0.19,Card,2,2.2,1522.76,1879.95,357.1905,1522.7595000000001,2034,September,9,Q3,Tuesday,0.0004999999998744897
14646,2034-09-20,1671,Electronics,West,1,338.79,0.31,COD,10,4.3,233.77,338.79,105.0249,233.76510000000002,2034,September,9,Q3,Wednesday,0.004899999999992133
14647,2034-09-21,1824,Clothing,South,5,66.75,0.25,Wallet,8,3.3,250.31,333.75,83.4375,250.3125,2034,September,9,Q3,Thursday,-0.0024999999999977263
14648,2034-09-22,1117,Clothing,East,4,441.76,0.19,Card,9,4.1,1431.3,1767.04,335.7376,1431.3024,2034,September,9,Q3,Friday,-0.0024000000000796717
14649,2034-09-23,1611,Home,West,4,367.2,0.26,Card,11,4.7,1086.91,1468.8,381.888,1086.912,2034,September,9,Q3,Saturday,-0.0019999999999527063
14650,2034-09-24,1379,Beauty,South,1,401.96,0.01,COD,2,1.6,397.94,401.96,4.0196,397.94039999999995,2034,September,9,Q3,Sunday,-0.0003999999999564352
14651,2034-09-25,1928,Beauty,West,1,540.8,0.01,COD,6,2.4,535.39,540.8,5.4079999999999995,535.3919999999999,2034,September,9,Q3,Monday,-0.0019999999999527063
14652,2034-09-26,1919,Beauty,West,7,473.62,0.03,Card,11,1.2,3215.88,3315.34,99.4602,3215.8798,2034,September,9,Q3,Tuesday,0.0001999999999497959
14653,2034-09-27,1678,Electronics,West,3,471.84,0.15,Wallet,1,2.6,1203.19,1415.52,212.328,1203.192,2034,September,9,Q3,Wednesday,-0.0019999999999527063
14654,2034-09-28,1289,Electronics,North,5,557.4,0.08,COD,8,1.9,2564.04,2787.0,222.96,2564.04,2034,September,9,Q3,Thursday,0.0
14655,2034-09-29,1439,Electronics,South,3,594.11,0.34,Card,5,3.3,1176.34,1782.33,605.9922,1176.3377999999998,2034,September,9,Q3,Friday,0.002200000000129876
14656,2034-09-30,1667,Beauty,North,2,355.05,0.19,Card,9,4.1,575.18,710.1,134.919,575.181,2034,September,9,Q3,Saturday,-0.00100000000009004
14657,2034-10-01,1932,Beauty,North,2,78.7,0.23,COD,3,2.9,121.2,157.4,36.202000000000005,121.19800000000001,2034,October,10,Q4,Sunday,0.001999999999995339
14658,2034-10-02,1006,Beauty,South,1,283.59,0.1,COD,2,2.3,255.23,283.59,28.358999999999998,255.23099999999997,2034,October,10,Q4,Monday,-0.0009999999999763531
14659,2034-10-03,1195,Electronics,West,4,475.75,0.11,Card,7,1.6,1693.67,1903.0,209.33,1693.67,2034,October,10,Q4,Tuesday,0.0
14660,2034-10-04,1420,Beauty,North,2,31.22,0.12,Wallet,11,1.1,54.95,62.44,7.492799999999999,54.947199999999995,2034,October,10,Q4,Wednesday,0.0028000000000076852
14661,2034-10-05,1567,Clothing,North,2,48.28,0.24,Card,7,3.7,73.39,96.56,23.1744,73.38560000000001,2034,October,10,Q4,Thursday,0.0043999999999897454
14662,2034-10-06,1832,Electronics,North,3,54.29,0.17,COD,10,1.1,135.18,162.87,27.687900000000003,135.1821,2034,October,10,Q4,Friday,-0.0020999999999844476
14663,2034-10-07,1192,Clothing,West,3,442.66,0.18,Card,5,4.7,1088.94,1327.98,239.0364,1088.9436,2034,October,10,Q4,Saturday,-0.0036000000000058208
14664,2034-10-08,1558,Electronics,North,7,308.18,0.21,Wallet,7,3.4,1704.24,2157.26,453.0246,1704.2354000000003,2034,October,10,Q4,Sunday,0.0045999999997548
14665,2034-10-09,1147,Clothing,East,7,230.81,0.27,COD,6,2.4,1179.44,1615.67,436.2309000000001,1179.4391,2034,October,10,Q4,Monday,0.0009000000000014552
14666,2034-10-10,1786,Electronics,South,2,76.79,0.03,Card,9,1.2,148.97,153.58,4.6074,148.9726,2034,October,10,Q4,Tuesday,-0.002600000000001046
14667,2034-10-11,1668,Clothing,East,1,443.36,0.27,Wallet,3,2.7,323.65,443.36,119.70720000000001,323.6528,2034,October,10,Q4,Wednesday,-0.002800000000036107
14668,2034-10-12,1201,Clothing,West,3,202.8,0.2,Card,4,4.5,486.72,608.4000000000001,121.68000000000002,486.7200000000001,2034,October,10,Q4,Thursday,-5.684341886080802e-14
14669,2034-10-13,1443,Beauty,North,2,170.21,0.23,COD,9,4.9,262.12,340.42,78.29660000000001,262.1234,2034,October,10,Q4,Friday,-0.0033999999999991815
14670,2034-10-14,1913,Home,South,4,396.61,0.11,Wallet,10,1.3,1411.93,1586.44,174.5084,1411.9316000000001,2034,October,10,Q4,Saturday,-0.0016000000000531145
14671,2034-10-15,1987,Clothing,North,3,342.02,0.14,COD,8,4.1,882.41,1026.06,143.6484,882.4115999999999,2034,October,10,Q4,Sunday,-0.0015999999999394277
14672,2034-10-16,1418,Home,West,2,227.01,0.08,Wallet,10,2.0,417.7,454.02,36.3216,417.6984,2034,October,10,Q4,Monday,0.001599999999996271
14673,2034-10-17,1426,Beauty,South,7,390.27,0.34,Wallet,6,2.5,1803.05,2731.89,928.8426000000001,1803.0474,2034,October,10,Q4,Tuesday,0.0026000000000294676
14674,2034-10-18,1478,Electronics,East,5,173.66,0.17,Wallet,3,3.2,720.69,868.3,147.611,720.689,2034,October,10,Q4,Wednesday,0.00100000000009004
14675,2034-10-19,1474,Clothing,South,3,479.98,0.35,Card,9,5.0,935.96,1439.94,503.979,935.961,2034,October,10,Q4,Thursday,-0.0009999999999763531
14676,2034-10-20,1125,Electronics,North,5,149.15,0.17,Card,9,1.8,618.97,745.75,126.7775,618.9725,2034,October,10,Q4,Friday,-0.002499999999940883
14677,2034-10-21,1394,Electronics,South,3,107.92,0.08,COD,11,1.5,297.86,323.76,25.9008,297.8592,2034,October,10,Q4,Saturday,0.0008000000000265572
14678,2034-10-22,1816,Home,West,3,472.73,0.18,COD,6,3.4,1162.92,1418.19,255.2742,1162.9158,2034,October,10,Q4,Sunday,0.004200000000082582
14679,2034-10-23,1880,Beauty,West,7,429.12,0.01,COD,2,4.4,2973.8,3003.84,30.038400000000003,2973.8016000000002,2034,October,10,Q4,Monday,-0.0016000000000531145
14680,2034-10-24,1805,Electronics,South,6,121.84,0.32,Card,7,3.6,497.11,731.04,233.9328,497.1072,2034,October,10,Q4,Tuesday,0.002800000000036107
14681,2034-10-25,1575,Home,West,6,83.0,0.29,Wallet,9,2.4,353.58,498.0,144.42,353.58000000000004,2034,October,10,Q4,Wednesday,-5.684341886080802e-14
14682,2034-10-26,1324,Beauty,West,5,505.46,0.25,Wallet,9,4.9,1895.48,2527.2999999999997,631.8249999999999,1895.475,2034,October,10,Q4,Thursday,0.005000000000109139
14683,2034-10-27,1391,Beauty,West,1,469.31,0.21,Card,3,5.0,370.75,469.31,98.5551,370.7549,2034,October,10,Q4,Friday,-0.004900000000020555
14684,2034-10-28,1929,Electronics,East,2,206.45,0.2,Card,2,4.1,330.32,412.9,82.58,330.32,2034,October,10,Q4,Saturday,0.0
14685,2034-10-29,1687,Beauty,North,1,400.05,0.35,Card,5,4.2,260.03,400.05,140.01749999999998,260.0325,2034,October,10,Q4,Sunday,-0.0025000000000545697
14686,2034-10-30,1627,Electronics,West,1,87.63,0.1,Card,11,4.0,78.87,87.63,8.763,78.86699999999999,2034,October,10,Q4,Monday,0.0030000000000143245
14687,2034-10-31,1439,Clothing,South,6,311.62,0.27,COD,10,2.0,1364.9,1869.72,504.8244,1364.8956,2034,October,10,Q4,Tuesday,0.004400000000032378
14688,2034-11-01,1203,Electronics,West,2,25.96,0.2,Wallet,7,1.6,41.54,51.92,10.384,41.536,2034,November,11,Q4,Wednesday,0.003999999999997783
14689,2034-11-02,1485,Electronics,East,6,244.09,0.34,Card,3,3.2,966.6,1464.54,497.9436,966.5963999999999,2034,November,11,Q4,Thursday,0.0036000000001195076
14690,2034-11-03,1832,Home,South,6,58.78,0.29,COD,4,4.8,250.4,352.68,102.2772,250.4028,2034,November,11,Q4,Friday,-0.0028000000000076852
14691,2034-11-04,1030,Clothing,North,7,292.96,0.35,COD,10,4.5,1332.97,2050.72,717.7519999999998,1332.9679999999998,2034,November,11,Q4,Saturday,0.00200000000018008
14692,2034-11-05,1387,Electronics,South,6,261.68,0.21,Card,2,1.4,1240.36,1570.08,329.7168,1240.3632,2034,November,11,Q4,Sunday,-0.003200000000106229
14693,2034-11-06,1624,Electronics,South,4,274.97,0.07,COD,11,1.2,1022.89,1099.88,76.99160000000002,1022.8884,2034,November,11,Q4,Monday,0.0015999999999394277
14694,2034-11-07,1876,Home,South,1,41.52,0.18,COD,10,4.5,34.05,41.52,7.4736,34.046400000000006,2034,November,11,Q4,Tuesday,0.00359999999999161
14695,2034-11-08,1433,Electronics,South,7,226.55,0.25,Wallet,2,3.5,1189.39,1585.8500000000001,396.46250000000003,1189.3875,2034,November,11,Q4,Wednesday,0.0025000000000545697
14696,2034-11-09,1836,Home,West,7,457.54,0.27,COD,7,2.2,2338.03,3202.78,864.7506000000001,2338.0294000000004,2034,November,11,Q4,Thursday,0.0005999999998493877
14697,2034-11-10,1925,Electronics,North,1,230.81,0.0,COD,2,3.2,230.81,230.81,0.0,230.81,2034,November,11,Q4,Friday,0.0
14698,2034-11-11,1375,Electronics,West,7,433.38,0.18,Card,1,1.9,2487.6,3033.66,546.0587999999999,2487.6012,2034,November,11,Q4,Saturday,-0.0012000000001535227
14699,2034-11-12,1343,Clothing,East,1,231.15,0.08,Card,4,4.8,212.66,231.15,18.492,212.65800000000002,2034,November,11,Q4,Sunday,0.001999999999981128
14700,2034-11-13,1442,Clothing,East,4,262.6,0.31,Card,6,4.3,724.78,1050.4,325.624,724.7760000000001,2034,November,11,Q4,Monday,0.0039999999999054126
14701,2034-11-14,1578,Clothing,South,3,344.88,0.05,Card,10,4.8,982.91,1034.6399999999999,51.732,982.9079999999999,2034,November,11,Q4,Tuesday,0.002000000000066393
14702,2034-11-15,1074,Electronics,West,7,571.15,0.23,Card,10,1.7,3078.5,3998.0499999999997,919.5515,3078.4984999999997,2034,November,11,Q4,Wednesday,0.0015000000003055902
14703,2034-11-16,1556,Beauty,West,5,78.68,0.09,Card,4,4.4,357.99,393.40000000000003,35.406,357.994,2034,November,11,Q4,Thursday,-0.004000000000019099
14704,2034-11-17,1771,Clothing,North,5,34.25,0.12,COD,1,3.2,150.7,171.25,20.55,150.7,2034,November,11,Q4,Friday,0.0
14705,2034-11-18,1665,Electronics,North,4,370.65,0.33,COD,1,2.3,993.34,1482.6,489.258,993.3419999999999,2034,November,11,Q4,Saturday,-0.0019999999998390194
14706,2034-11-19,1154,Clothing,North,1,570.22,0.08,Card,9,2.9,524.6,570.22,45.6176,524.6024,2034,November,11,Q4,Sunday,-0.002399999999965985
14707,2034-11-20,1429,Beauty,West,5,593.99,0.03,Card,1,4.8,2880.85,2969.95,89.09849999999999,2880.8514999999998,2034,November,11,Q4,Monday,-0.0014999999998508429
14708,2034-11-21,1362,Electronics,North,4,298.24,0.02,COD,7,3.8,1169.1,1192.96,23.8592,1169.1008,2034,November,11,Q4,Tuesday,-0.0008000000000265572
14709,2034-11-22,1447,Electronics,North,6,288.83,0.18,Card,11,2.4,1421.04,1732.98,311.9364,1421.0436,2034,November,11,Q4,Wednesday,-0.0036000000000058208
14710,2034-11-23,1986,Home,North,2,392.3,0.22,Card,7,5.0,611.99,784.6,172.612,611.988,2034,November,11,Q4,Thursday,0.0019999999999527063
14711,2034-11-24,1233,Clothing,South,5,340.05,0.11,COD,1,2.4,1513.22,1700.25,187.0275,1513.2225,2034,November,11,Q4,Friday,-0.0025000000000545697
14712,2034-11-25,1562,Clothing,East,2,385.94,0.24,Card,1,4.3,586.63,771.88,185.25119999999998,586.6288,2034,November,11,Q4,Saturday,0.0012000000000398359
14713,2034-11-26,1817,Electronics,East,1,526.29,0.02,Card,6,4.1,515.76,526.29,10.5258,515.7642,2034,November,11,Q4,Sunday,-0.004199999999968895
14714,2034-11-27,1261,Electronics,West,5,451.59,0.3,Card,8,3.9,1580.56,2257.95,677.3849999999999,1580.565,2034,November,11,Q4,Monday,-0.005000000000109139
14715,2034-11-28,1826,Clothing,West,4,305.67,0.29,Card,7,3.7,868.1,1222.68,354.5772,868.1028000000001,2034,November,11,Q4,Tuesday,-0.0028000000000929504
14716,2034-11-29,1124,Electronics,South,3,285.19,0.34,Wallet,6,1.4,564.68,855.5699999999999,290.8938,564.6761999999999,2034,November,11,Q4,Wednesday,0.0038000000000693035
14717,2034-11-30,1910,Clothing,East,5,389.17,0.33,Card,10,5.0,1303.72,1945.8500000000001,642.1305000000001,1303.7195000000002,2034,November,11,Q4,Thursday,0.0004999999998744897
14718,2034-12-01,1244,Clothing,North,5,281.59,0.12,COD,3,1.6,1239.0,1407.9499999999998,168.95399999999998,1238.9959999999999,2034,December,12,Q4,Friday,0.004000000000132786
14719,2034-12-02,1541,Electronics,North,5,282.8,0.14,COD,11,3.4,1216.04,1414.0,197.96,1216.04,2034,December,12,Q4,Saturday,0.0
14720,2034-12-03,1937,Beauty,West,5,24.54,0.26,Card,7,2.0,90.8,122.69999999999999,31.901999999999997,90.79799999999999,2034,December,12,Q4,Sunday,0.0020000000000095497
14721,2034-12-04,1484,Home,East,4,116.83,0.05,Card,6,1.7,443.95,467.32,23.366,443.954,2034,December,12,Q4,Monday,-0.004000000000019099
14722,2034-12-05,1121,Home,West,4,300.78,0.11,Wallet,8,3.2,1070.78,1203.12,132.3432,1070.7767999999999,2034,December,12,Q4,Tuesday,0.003200000000106229
14723,2034-12-06,1124,Electronics,West,3,496.25,0.04,Wallet,4,4.3,1429.2,1488.75,59.550000000000004,1429.2,2034,December,12,Q4,Wednesday,0.0
14724,2034-12-07,1548,Electronics,North,4,178.06,0.16,Card,9,2.5,598.28,712.24,113.9584,598.2816,2034,December,12,Q4,Thursday,-0.0016000000000531145
14725,2034-12-08,1169,Clothing,North,4,320.75,0.19,Card,1,1.3,1039.23,1283.0,243.77,1039.23,2034,December,12,Q4,Friday,0.0
14726,2034-12-09,1123,Electronics,East,1,216.8,0.07,COD,7,3.5,201.62,216.8,15.176000000000002,201.62400000000002,2034,December,12,Q4,Saturday,-0.004000000000019099
14727,2034-12-10,1868,Beauty,West,7,76.31,0.01,Card,9,4.1,528.83,534.1700000000001,5.341700000000001,528.8283000000001,2034,December,12,Q4,Sunday,0.0016999999999143256
14728,2034-12-11,1034,Electronics,South,1,575.6,0.25,Card,10,2.2,431.7,575.6,143.9,431.70000000000005,2034,December,12,Q4,Monday,-5.684341886080802e-14
14729,2034-12-12,1086,Clothing,East,7,514.98,0.01,Card,1,3.8,3568.81,3604.86,36.0486,3568.8114,2034,December,12,Q4,Tuesday,-0.0014000000001033186
14730,2034-12-13,1645,Clothing,West,2,60.92,0.34,Card,10,1.3,80.41,121.84,41.4256,80.4144,2034,December,12,Q4,Wednesday,-0.004400000000003956
14731,2034-12-14,1707,Clothing,East,3,436.08,0.08,Card,3,2.4,1203.58,1308.24,104.6592,1203.5808,2034,December,12,Q4,Thursday,-0.0008000000000265572
14732,2034-12-15,1785,Electronics,East,7,218.33,0.23,COD,7,2.9,1176.8,1528.3100000000002,351.51130000000006,1176.7987,2034,December,12,Q4,Friday,0.001299999999901047
14733,2034-12-16,1200,Clothing,East,1,596.99,0.15,COD,9,4.1,507.44,596.99,89.5485,507.4415,2034,December,12,Q4,Saturday,-0.0015000000000213731
14734,2034-12-17,1368,Electronics,South,3,191.9,0.02,COD,1,2.4,564.19,575.7,11.514000000000001,564.186,2034,December,12,Q4,Sunday,0.004000000000019099
14735,2034-12-18,1796,Beauty,South,3,154.66,0.17,Card,6,2.8,385.1,463.98,78.87660000000001,385.1034,2034,December,12,Q4,Monday,-0.0033999999999991815
14736,2034-12-19,1076,Electronics,North,5,347.22,0.18,Card,11,3.5,1423.6,1736.1000000000001,312.498,1423.602,2034,December,12,Q4,Tuesday,-0.00200000000018008
14737,2034-12-20,1058,Beauty,North,6,503.55,0.3,COD,2,3.5,2114.91,3021.3,906.39,2114.9100000000003,2034,December,12,Q4,Wednesday,-4.547473508864641e-13
14738,2034-12-21,1430,Home,West,6,127.62,0.26,Card,5,3.1,566.63,765.72,199.08720000000002,566.6328,2034,December,12,Q4,Thursday,-0.0027999999999792635
14739,2034-12-22,1637,Electronics,East,6,430.0,0.03,Card,7,2.3,2502.6,2580.0,77.39999999999999,2502.6,2034,December,12,Q4,Friday,0.0
14740,2034-12-23,1499,Home,West,3,50.92,0.07,Card,7,3.7,142.07,152.76,10.693200000000001,142.0668,2034,December,12,Q4,Saturday,0.003199999999992542
14741,2034-12-24,1912,Electronics,North,5,552.58,0.11,Card,10,4.3,2458.98,2762.9,303.91900000000004,2458.981,2034,December,12,Q4,Sunday,-0.0010000000002037268
14742,2034-12-25,1108,Beauty,South,2,62.43,0.04,Wallet,7,1.6,119.87,124.86,4.9944,119.8656,2034,December,12,Q4,Monday,0.004400000000003956
14743,2034-12-26,1735,Clothing,North,2,549.83,0.16,COD,4,2.4,923.71,1099.66,175.9456,923.7144000000001,2034,December,12,Q4,Tuesday,-0.004400000000032378
14744,2034-12-27,1277,Electronics,West,6,302.12,0.34,Card,6,3.7,1196.4,1812.72,616.3248000000001,1196.3952,2034,December,12,Q4,Wednesday,0.0048000000001593435
14745,2034-12-28,1067,Clothing,North,2,277.13,0.18,COD,11,4.0,454.49,554.26,99.76679999999999,454.4932,2034,December,12,Q4,Thursday,-0.003199999999992542
14746,2034-12-29,1068,Electronics,West,5,584.38,0.26,Card,10,4.1,2162.21,2921.9,759.6940000000001,2162.206,2034,December,12,Q4,Friday,0.0039999999999054126
14747,2034-12-30,1164,Beauty,West,6,594.37,0.24,Card,6,3.6,2710.33,3566.2200000000003,855.8928000000001,2710.3272,2034,December,12,Q4,Saturday,0.00279999999975189
14748,2034-12-31,1488,Electronics,West,7,395.35,0.3,Card,7,2.9,1937.22,2767.4500000000003,830.235,1937.2150000000001,2034,December,12,Q4,Sunday,0.004999999999881766
14749,2035-01-01,1304,Home,West,7,89.36,0.08,COD,9,3.6,575.48,625.52,50.0416,575.4784,2035,January,1,Q1,Monday,0.0016000000000531145
14750,2035-01-02,1908,Clothing,North,5,311.11,0.26,Card,6,1.5,1151.11,1555.5500000000002,404.44300000000004,1151.1070000000002,2035,January,1,Q1,Tuesday,0.0029999999997016857
14751,2035-01-03,1673,Beauty,West,2,324.56,0.31,Card,10,1.8,447.89,649.12,201.2272,447.89279999999997,2035,January,1,Q1,Wednesday,-0.0027999999999792635
14752,2035-01-04,1364,Electronics,West,6,315.95,0.06,Card,1,4.7,1781.96,1895.6999999999998,113.74199999999999,1781.9579999999999,2035,January,1,Q1,Thursday,0.00200000000018008
14753,2035-01-05,1853,Clothing,East,7,348.15,0.12,Card,8,4.7,2144.6,2437.0499999999997,292.44599999999997,2144.604,2035,January,1,Q1,Friday,-0.0039999999999054126
14754,2035-01-06,1820,Clothing,West,5,25.95,0.34,COD,2,3.9,85.64,129.75,44.115,85.63499999999999,2035,January,1,Q1,Saturday,0.005000000000009663
14755,2035-01-07,1378,Home,North,4,431.07,0.27,Wallet,3,2.3,1258.72,1724.28,465.5556,1258.7244,2035,January,1,Q1,Sunday,-0.004400000000032378
14756,2035-01-08,1342,Electronics,West,7,431.75,0.1,COD,5,3.6,2720.02,3022.25,302.225,2720.025,2035,January,1,Q1,Monday,-0.005000000000109139
14757,2035-01-09,1946,Electronics,South,4,82.55,0.2,COD,6,3.8,264.16,330.2,66.04,264.15999999999997,2035,January,1,Q1,Tuesday,5.684341886080802e-14
14758,2035-01-10,1898,Electronics,South,5,348.59,0.14,Wallet,7,3.1,1498.94,1742.9499999999998,244.013,1498.937,2035,January,1,Q1,Wednesday,0.003000000000156433
14759,2035-01-11,1553,Home,West,5,347.49,0.17,Card,4,4.0,1442.08,1737.45,295.36650000000003,1442.0835,2035,January,1,Q1,Thursday,-0.003500000000030923
14760,2035-01-12,1353,Electronics,South,1,414.23,0.12,Card,3,1.1,364.52,414.23,49.7076,364.5224,2035,January,1,Q1,Friday,-0.0024000000000228283
14761,2035-01-13,1415,Clothing,South,7,64.96,0.1,Card,9,2.0,409.25,454.71999999999997,45.472,409.248,2035,January,1,Q1,Saturday,0.0020000000000095497
14762,2035-01-14,1108,Electronics,North,1,381.5,0.24,Card,4,4.2,289.94,381.5,91.56,289.94,2035,January,1,Q1,Sunday,0.0
14763,2035-01-15,1562,Beauty,East,3,179.24,0.27,Card,9,4.8,392.54,537.72,145.1844,392.53560000000004,2035,January,1,Q1,Monday,0.004399999999975535
14764,2035-01-16,1761,Beauty,South,7,311.6,0.31,Card,9,4.5,1505.03,2181.2000000000003,676.172,1505.0280000000002,2035,January,1,Q1,Tuesday,0.0019999999997253326
14765,2035-01-17,1496,Clothing,South,6,467.39,0.05,Card,11,3.9,2664.12,2804.34,140.217,2664.123,2035,January,1,Q1,Wednesday,-0.003000000000156433
14766,2035-01-18,1340,Clothing,East,3,427.8,0.29,COD,3,1.7,911.21,1283.4,372.186,911.2140000000002,2035,January,1,Q1,Thursday,-0.004000000000132786
14767,2035-01-19,1941,Electronics,East,3,84.56,0.09,Wallet,3,2.5,230.85,253.68,22.8312,230.8488,2035,January,1,Q1,Friday,0.0011999999999829924
14768,2035-01-20,1382,Electronics,South,2,360.84,0.15,Card,11,1.2,613.43,721.68,108.252,613.428,2035,January,1,Q1,Saturday,0.0019999999999527063
14769,2035-01-21,1532,Electronics,West,4,581.93,0.32,Card,8,3.6,1582.85,2327.72,744.8703999999999,1582.8496,2035,January,1,Q1,Sunday,0.0003999999998995918
14770,2035-01-22,1299,Home,South,2,106.71,0.16,COD,1,2.8,179.27,213.42,34.1472,179.2728,2035,January,1,Q1,Monday,-0.0027999999999792635
14771,2035-01-23,1138,Clothing,West,6,513.95,0.07,Card,6,3.3,2867.84,3083.7000000000003,215.85900000000004,2867.8410000000003,2035,January,1,Q1,Tuesday,-0.0010000000002037268
14772,2035-01-24,1358,Beauty,West,5,425.99,0.06,Card,6,4.9,2002.15,2129.95,127.79699999999998,2002.1529999999998,2035,January,1,Q1,Wednesday,-0.0029999999997016857
14773,2035-01-25,1835,Clothing,West,1,467.79,0.17,Card,9,2.6,388.27,467.79,79.52430000000001,388.26570000000004,2035,January,1,Q1,Thursday,0.004299999999943793
14774,2035-01-26,1498,Home,East,6,179.95,0.27,COD,2,2.2,788.18,1079.6999999999998,291.51899999999995,788.1809999999998,2035,January,1,Q1,Friday,-0.0009999999998626663
14775,2035-01-27,1384,Clothing,South,5,183.42,0.35,Wallet,8,1.6,596.12,917.0999999999999,320.98499999999996,596.115,2035,January,1,Q1,Saturday,0.0049999999999954525
14776,2035-01-28,1603,Clothing,South,6,545.02,0.28,COD,7,1.6,2354.49,3270.12,915.6336,2354.4864,2035,January,1,Q1,Sunday,0.0036000000000058208
14777,2035-01-29,1958,Electronics,North,5,225.5,0.31,Card,2,3.1,777.97,1127.5,349.525,777.975,2035,January,1,Q1,Monday,-0.0049999999999954525
14778,2035-01-30,1279,Clothing,East,7,51.86,0.26,Card,1,4.0,268.63,363.02,94.3852,268.6348,2035,January,1,Q1,Tuesday,-0.004799999999988813
14779,2035-01-31,1636,Clothing,North,1,366.35,0.31,Card,4,3.3,252.78,366.35,113.5685,252.78150000000002,2035,January,1,Q1,Wednesday,-0.0015000000000213731
14780,2035-02-01,1482,Home,North,5,88.02,0.03,Wallet,2,4.5,426.9,440.09999999999997,13.202999999999998,426.897,2035,February,2,Q1,Thursday,0.002999999999985903
14781,2035-02-02,1908,Beauty,West,3,481.01,0.33,COD,3,2.3,966.83,1443.03,476.1999,966.8300999999999,2035,February,2,Q1,Friday,-9.999999986121111e-05
14782,2035-02-03,1110,Electronics,East,6,390.42,0.14,Card,2,3.4,2014.57,2342.52,327.9528,2014.5672,2035,February,2,Q1,Saturday,0.0027999999999792635
14783,2035-02-04,1865,Electronics,North,1,526.72,0.32,COD,9,3.6,358.17,526.72,168.55040000000002,358.1696,2035,February,2,Q1,Sunday,0.0004000000000132786
14784,2035-02-05,1138,Clothing,South,5,474.13,0.03,Card,4,2.1,2299.53,2370.65,71.1195,2299.5305000000003,2035,February,2,Q1,Monday,-0.0005000000001018634
14785,2035-02-06,1995,Clothing,North,3,80.59,0.25,Wallet,1,2.6,181.33,241.77,60.4425,181.32750000000001,2035,February,2,Q1,Tuesday,0.0024999999999977263
14786,2035-02-07,1434,Electronics,East,3,237.93,0.26,Wallet,8,3.4,528.2,713.79,185.5854,528.2046,2035,February,2,Q1,Wednesday,-0.004599999999982174
14787,2035-02-08,1508,Home,South,7,468.12,0.35,Card,4,1.1,2129.95,3276.84,1146.894,2129.946,2035,February,2,Q1,Thursday,0.0039999999999054126
14788,2035-02-09,1272,Beauty,South,4,259.14,0.27,COD,10,4.5,756.69,1036.56,279.8712,756.6887999999999,2035,February,2,Q1,Friday,0.0012000000001535227
14789,2035-02-10,1098,Beauty,South,3,583.83,0.13,COD,11,1.4,1523.8,1751.4900000000002,227.69370000000004,1523.7963000000002,2035,February,2,Q1,Saturday,0.003699999999753345
14790,2035-02-11,1763,Electronics,West,2,445.41,0.2,Card,11,1.2,712.66,890.82,178.16400000000002,712.6560000000001,2035,February,2,Q1,Sunday,0.0039999999999054126
14791,2035-02-12,1849,Beauty,South,1,24.07,0.13,COD,8,1.9,20.94,24.07,3.1291,20.9409,2035,February,2,Q1,Monday,-0.0008999999999979025
14792,2035-02-13,1103,Home,West,1,529.79,0.07,COD,8,3.0,492.7,529.79,37.085300000000004,492.70469999999995,2035,February,2,Q1,Tuesday,-0.004699999999957072
14793,2035-02-14,1213,Clothing,West,1,73.97,0.09,Card,9,2.3,67.31,73.97,6.657299999999999,67.3127,2035,February,2,Q1,Wednesday,-0.0027000000000043656
14794,2035-02-15,1760,Clothing,North,5,97.21,0.08,COD,10,2.8,447.17,486.04999999999995,38.884,447.16599999999994,2035,February,2,Q1,Thursday,0.004000000000075943
14795,2035-02-16,1663,Home,North,6,444.68,0.19,COD,7,1.3,2161.14,2668.08,506.9352,2161.1448,2035,February,2,Q1,Friday,-0.0048000000001593435
14796,2035-02-17,1761,Clothing,South,5,521.01,0.32,Card,4,1.9,1771.43,2605.05,833.6160000000001,1771.4340000000002,2035,February,2,Q1,Saturday,-0.004000000000132786
14797,2035-02-18,1786,Clothing,East,2,328.76,0.32,Card,2,1.4,447.11,657.52,210.4064,447.1136,2035,February,2,Q1,Sunday,-0.0036000000000058208
14798,2035-02-19,1164,Clothing,South,6,184.09,0.02,COD,6,1.9,1082.45,1104.54,22.090799999999998,1082.4492,2035,February,2,Q1,Monday,0.0008000000000265572
14799,2035-02-20,1998,Clothing,North,7,220.52,0.03,Card,4,3.8,1497.33,1543.64,46.309200000000004,1497.3308000000002,2035,February,2,Q1,Tuesday,-0.0008000000002539309
14800,2035-02-21,1852,Electronics,South,3,215.59,0.09,Wallet,6,3.3,588.56,646.77,58.2093,588.5607,2035,February,2,Q1,Wednesday,-0.0007000000000516593
14801,2035-02-22,1519,Beauty,North,5,206.11,0.09,Card,8,2.3,937.8,1030.5500000000002,92.74950000000001,937.8005000000002,2035,February,2,Q1,Thursday,-0.0005000000002155502
14802,2035-02-23,1283,Home,South,6,157.1,0.03,Card,3,2.0,914.32,942.5999999999999,28.277999999999995,914.3219999999999,2035,February,2,Q1,Friday,-0.0019999999998390194
14803,2035-02-24,1516,Clothing,East,3,371.19,0.14,Card,1,5.0,957.67,1113.57,155.8998,957.6701999999999,2035,February,2,Q1,Saturday,-0.0001999999999497959
14804,2035-02-25,1656,Electronics,South,6,541.74,0.21,COD,5,4.1,2567.85,3250.44,682.5924,2567.8476,2035,February,2,Q1,Sunday,0.002399999999852298
14805,2035-02-26,1612,Clothing,East,3,194.64,0.2,COD,3,4.3,467.14,583.92,116.78399999999999,467.13599999999997,2035,February,2,Q1,Monday,0.004000000000019099
14806,2035-02-27,1163,Electronics,East,6,124.22,0.19,Card,6,1.1,603.71,745.3199999999999,141.61079999999998,603.7092,2035,February,2,Q1,Tuesday,0.0008000000000265572
14807,2035-02-28,1885,Electronics,South,5,505.57,0.12,Card,3,1.2,2224.51,2527.85,303.342,2224.508,2035,February,2,Q1,Wednesday,0.0020000000004074536
14808,2035-03-01,1658,Clothing,East,5,448.94,0.25,Wallet,1,3.9,1683.52,2244.7,561.175,1683.5249999999999,2035,March,3,Q1,Thursday,-0.004999999999881766
14809,2035-03-02,1063,Clothing,East,2,559.54,0.29,Card,9,1.8,794.55,1119.08,324.53319999999997,794.5468,2035,March,3,Q1,Friday,0.003199999999992542
14810,2035-03-03,1090,Clothing,North,7,111.83,0.12,Card,5,2.7,688.87,782.81,93.93719999999999,688.8728,2035,March,3,Q1,Saturday,-0.0027999999999792635
14811,2035-03-04,1116,Electronics,North,7,99.39,0.03,Card,2,1.7,674.86,695.73,20.8719,674.8581,2035,March,3,Q1,Sunday,0.0018999999999778083
14812,2035-03-05,1865,Clothing,East,4,331.74,0.1,Card,2,1.7,1194.26,1326.96,132.696,1194.2640000000001,2035,March,3,Q1,Monday,-0.004000000000132786
14813,2035-03-06,1266,Electronics,West,1,374.44,0.05,Card,11,1.4,355.72,374.44,18.722,355.718,2035,March,3,Q1,Tuesday,0.0020000000000095497
14814,2035-03-07,1821,Beauty,South,5,295.9,0.16,Card,9,3.4,1242.78,1479.5,236.72,1242.78,2035,March,3,Q1,Wednesday,0.0
14815,2035-03-08,1684,Clothing,East,5,365.4,0.05,Card,1,4.0,1735.65,1827.0,91.35000000000001,1735.65,2035,March,3,Q1,Thursday,0.0
14816,2035-03-09,1558,Home,South,3,120.52,0.16,Wallet,10,1.2,303.71,361.56,57.8496,303.7104,2035,March,3,Q1,Friday,-0.0004000000000132786
14817,2035-03-10,1139,Electronics,North,4,295.57,0.08,Card,3,2.1,1087.7,1182.28,94.58239999999999,1087.6976,2035,March,3,Q1,Saturday,0.0024000000000796717
14818,2035-03-11,1245,Electronics,South,7,399.98,0.26,COD,10,3.6,2071.9,2799.86,727.9636,2071.8964,2035,March,3,Q1,Sunday,0.0036000000000058208
14819,2035-03-12,1660,Beauty,East,5,268.13,0.01,COD,11,2.6,1327.24,1340.65,13.406500000000001,1327.2435,2035,March,3,Q1,Monday,-0.003500000000030923
14820,2035-03-13,1757,Electronics,East,6,412.48,0.19,Card,7,3.8,2004.65,2474.88,470.22720000000004,2004.6528,2035,March,3,Q1,Tuesday,-0.0027999999999792635
14821,2035-03-14,1394,Clothing,East,7,278.95,0.06,COD,1,4.0,1835.49,1952.6499999999999,117.15899999999999,1835.491,2035,March,3,Q1,Wednesday,-0.0009999999999763531
14822,2035-03-15,1486,Clothing,East,4,210.16,0.0,Card,2,1.1,840.64,840.64,0.0,840.64,2035,March,3,Q1,Thursday,0.0
14823,2035-03-16,1475,Electronics,West,1,192.61,0.3,Card,6,2.5,134.83,192.61,57.783,134.827,2035,March,3,Q1,Friday,0.0030000000000143245
14824,2035-03-17,1516,Home,West,6,255.38,0.24,Wallet,9,3.9,1164.53,1532.28,367.74719999999996,1164.5328,2035,March,3,Q1,Saturday,-0.0027999999999792635
14825,2035-03-18,1976,Clothing,West,3,28.51,0.03,COD,9,2.5,82.96,85.53,2.5659,82.9641,2035,March,3,Q1,Sunday,-0.004100000000008208
14826,2035-03-19,1183,Electronics,East,2,406.09,0.23,Wallet,8,1.0,625.38,812.18,186.8014,625.3786,2035,March,3,Q1,Monday,0.0013999999999896318
14827,2035-03-20,1019,Electronics,West,6,509.39,0.21,Wallet,3,2.3,2414.51,3056.34,641.8314,2414.5086,2035,March,3,Q1,Tuesday,0.0014000000001033186
14828,2035-03-21,1936,Electronics,South,7,222.46,0.17,Card,2,4.5,1292.49,1557.22,264.72740000000005,1292.4926,2035,March,3,Q1,Wednesday,-0.0026000000000294676
14829,2035-03-22,1557,Beauty,East,1,41.93,0.15,Card,1,4.8,35.64,41.93,6.289499999999999,35.6405,2035,March,3,Q1,Thursday,-0.0005000000000023874
14830,2035-03-23,1523,Home,North,6,592.26,0.31,Card,11,3.2,2451.96,3553.56,1101.6036,2451.9564,2035,March,3,Q1,Friday,0.0036000000000058208
14831,2035-03-24,1581,Electronics,East,4,169.26,0.09,Wallet,11,2.2,616.11,677.04,60.93359999999999,616.1064,2035,March,3,Q1,Saturday,0.0036000000000058208
14832,2035-03-25,1528,Electronics,South,4,89.07,0.14,Wallet,9,2.9,306.4,356.28,49.879200000000004,306.40079999999995,2035,March,3,Q1,Sunday,-0.0007999999999697138
14833,2035-03-26,1882,Home,West,1,231.31,0.12,COD,5,1.9,203.55,231.31,27.7572,203.5528,2035,March,3,Q1,Monday,-0.0027999999999792635
14834,2035-03-27,1146,Clothing,East,7,447.06,0.27,Card,3,1.7,2284.48,3129.42,844.9434000000001,2284.4766,2035,March,3,Q1,Tuesday,0.003400000000056025
14835,2035-03-28,1665,Clothing,West,4,186.94,0.32,Card,10,3.0,508.48,747.76,239.2832,508.4768,2035,March,3,Q1,Wednesday,0.003199999999992542
14836,2035-03-29,1303,Clothing,East,6,351.2,0.3,Wallet,10,3.9,1475.04,2107.2,632.16,1475.04,2035,March,3,Q1,Thursday,0.0
14837,2035-03-30,1619,Electronics,South,2,258.1,0.28,Wallet,11,1.9,371.66,516.2,144.53600000000003,371.664,2035,March,3,Q1,Friday,-0.003999999999962256
14838,2035-03-31,1747,Home,East,6,83.89,0.35,Card,5,4.6,327.17,503.34000000000003,176.169,327.17100000000005,2035,March,3,Q1,Saturday,-0.0010000000000331966
14839,2035-04-01,1819,Beauty,West,2,208.22,0.24,Card,11,1.7,316.49,416.44,99.9456,316.4944,2035,April,4,Q2,Sunday,-0.004399999999975535
14840,2035-04-02,1863,Electronics,West,4,439.05,0.26,Card,3,3.2,1299.59,1756.2,456.612,1299.588,2035,April,4,Q2,Monday,0.0019999999999527063
14841,2035-04-03,1581,Clothing,South,6,373.02,0.34,Card,9,4.1,1477.16,2238.12,760.9608000000001,1477.1591999999998,2035,April,4,Q2,Tuesday,0.0008000000002539309
14842,2035-04-04,1694,Clothing,East,4,85.07,0.0,Wallet,1,1.9,340.28,340.28,0.0,340.28,2035,April,4,Q2,Wednesday,0.0
14843,2035-04-05,1761,Clothing,North,7,110.54,0.22,COD,1,2.2,603.55,773.7800000000001,170.23160000000001,603.5484000000001,2035,April,4,Q2,Thursday,0.0015999999998257408
14844,2035-04-06,1227,Electronics,East,2,389.83,0.26,COD,3,1.2,576.95,779.66,202.7116,576.9484,2035,April,4,Q2,Friday,0.0016000000000531145
14845,2035-04-07,1101,Home,South,7,490.85,0.32,Card,6,4.8,2336.45,3435.9500000000003,1099.5040000000001,2336.446,2035,April,4,Q2,Saturday,0.0039999999999054126
14846,2035-04-08,1586,Clothing,North,4,219.44,0.31,Card,11,2.9,605.65,877.76,272.1056,605.6544,2035,April,4,Q2,Sunday,-0.004400000000032378
14847,2035-04-09,1416,Clothing,South,5,363.26,0.29,Card,2,1.3,1289.57,1816.3,526.727,1289.5729999999999,2035,April,4,Q2,Monday,-0.0029999999999290594
14848,2035-04-10,1957,Electronics,East,3,114.83,0.33,COD,1,4.3,230.81,344.49,113.6817,230.8083,2035,April,4,Q2,Tuesday,0.0016999999999995907
14849,2035-04-11,1215,Electronics,North,6,197.16,0.19,COD,8,3.3,958.2,1182.96,224.7624,958.1976,2035,April,4,Q2,Wednesday,0.0024000000000796717
14850,2035-04-12,1406,Electronics,South,5,26.86,0.0,Card,11,1.2,134.3,134.3,0.0,134.3,2035,April,4,Q2,Thursday,0.0
14851,2035-04-13,1398,Home,West,7,464.44,0.0,Card,10,2.8,3251.08,3251.08,0.0,3251.08,2035,April,4,Q2,Friday,0.0
14852,2035-04-14,1922,Electronics,North,4,249.59,0.19,Card,9,2.7,808.67,998.36,189.6884,808.6716,2035,April,4,Q2,Saturday,-0.0016000000000531145
14853,2035-04-15,1714,Home,North,4,492.43,0.15,Card,10,1.6,1674.26,1969.72,295.45799999999997,1674.2620000000002,2035,April,4,Q2,Sunday,-0.00200000000018008
14854,2035-04-16,1703,Clothing,South,3,429.4,0.16,COD,1,2.7,1082.09,1288.1999999999998,206.11199999999997,1082.0879999999997,2035,April,4,Q2,Monday,0.00200000000018008
14855,2035-04-17,1760,Clothing,West,4,499.82,0.14,COD,3,2.1,1719.38,1999.28,279.8992,1719.3808,2035,April,4,Q2,Tuesday,-0.0007999999997991836
14856,2035-04-18,1498,Clothing,North,3,182.11,0.32,Card,5,3.8,371.5,546.33,174.8256,371.50440000000003,2035,April,4,Q2,Wednesday,-0.004400000000032378
14857,2035-04-19,1753,Clothing,South,6,123.29,0.13,Wallet,7,1.0,643.57,739.74,96.1662,643.5738,2035,April,4,Q2,Thursday,-0.0037999999999556167
14858,2035-04-20,1464,Electronics,North,2,583.56,0.3,COD,10,1.4,816.98,1167.12,350.13599999999997,816.9839999999999,2035,April,4,Q2,Friday,-0.0039999999999054126
14859,2035-04-21,1690,Electronics,North,3,434.64,0.32,Card,4,4.7,886.67,1303.92,417.25440000000003,886.6656,2035,April,4,Q2,Saturday,0.004399999999918691
14860,2035-04-22,1948,Home,North,3,502.91,0.17,Card,6,2.7,1252.25,1508.73,256.4841,1252.2459,2035,April,4,Q2,Sunday,0.004100000000107684
14861,2035-04-23,1973,Home,West,5,22.68,0.16,Wallet,1,1.7,95.26,113.4,18.144000000000002,95.256,2035,April,4,Q2,Monday,0.0040000000000048885
14862,2035-04-24,1730,Electronics,East,4,222.36,0.27,COD,4,4.2,649.29,889.44,240.14880000000002,649.2912,2035,April,4,Q2,Tuesday,-0.0012000000000398359
14863,2035-04-25,1081,Clothing,East,6,449.55,0.25,Card,8,4.4,2022.98,2697.3,674.325,2022.9750000000001,2035,April,4,Q2,Wednesday,0.004999999999881766
14864,2035-04-26,1603,Electronics,West,2,60.62,0.11,COD,5,1.8,107.9,121.24,13.3364,107.9036,2035,April,4,Q2,Thursday,-0.00359999999999161
14865,2035-04-27,1946,Electronics,West,1,346.89,0.04,Card,8,3.9,333.01,346.89,13.8756,333.01439999999997,2035,April,4,Q2,Friday,-0.004399999999975535
14866,2035-04-28,1686,Electronics,South,7,266.01,0.09,Wallet,1,3.5,1694.48,1862.07,167.5863,1694.4837,2035,April,4,Q2,Saturday,-0.0036999999999807187
14867,2035-04-29,1750,Beauty,North,3,25.31,0.05,Wallet,10,4.0,72.13,75.92999999999999,3.7965,72.1335,2035,April,4,Q2,Sunday,-0.003500000000002501
14868,2035-04-30,1771,Electronics,West,1,153.05,0.1,COD,9,4.2,137.74,153.05,15.305000000000001,137.745,2035,April,4,Q2,Monday,-0.0049999999999954525
14869,2035-05-01,1902,Electronics,South,4,181.6,0.09,COD,4,3.6,661.02,726.4,65.37599999999999,661.024,2035,May,5,Q2,Tuesday,-0.004000000000019099
14870,2035-05-02,1364,Electronics,East,7,80.44,0.22,Card,9,4.8,439.2,563.0799999999999,123.87759999999999,439.20239999999995,2035,May,5,Q2,Wednesday,-0.002399999999965985
14871,2035-05-03,1162,Electronics,East,3,384.45,0.33,COD,8,4.5,772.74,1153.35,380.6055,772.7444999999999,2035,May,5,Q2,Thursday,-0.004499999999893589
14872,2035-05-04,1047,Clothing,East,1,156.8,0.24,COD,8,1.9,119.17,156.8,37.632,119.168,2035,May,5,Q2,Friday,0.001999999999995339
14873,2035-05-05,1510,Electronics,East,5,177.41,0.32,COD,2,4.7,603.19,887.05,283.856,603.194,2035,May,5,Q2,Saturday,-0.0039999999999054126
14874,2035-05-06,1328,Electronics,South,1,540.47,0.27,COD,3,2.4,394.54,540.47,145.92690000000002,394.5431,2035,May,5,Q2,Sunday,-0.0030999999999608008
14875,2035-05-07,1839,Clothing,North,7,288.27,0.25,Wallet,10,3.9,1513.42,2017.8899999999999,504.47249999999997,1513.4175,2035,May,5,Q2,Monday,0.0025000000000545697
14876,2035-05-08,1115,Electronics,South,5,244.39,0.14,Card,9,4.4,1050.88,1221.9499999999998,171.07299999999998,1050.877,2035,May,5,Q2,Tuesday,0.003000000000156433
14877,2035-05-09,1940,Home,North,7,438.46,0.11,Card,3,2.7,2731.61,3069.22,337.6142,2731.6058,2035,May,5,Q2,Wednesday,0.004200000000309956
14878,2035-05-10,1848,Clothing,East,2,547.12,0.3,COD,8,1.2,765.97,1094.24,328.272,765.9680000000001,2035,May,5,Q2,Thursday,0.0019999999999527063
14879,2035-05-11,1336,Electronics,West,4,29.65,0.32,Wallet,5,4.8,80.65,118.6,37.952,80.648,2035,May,5,Q2,Friday,0.0020000000000095497
14880,2035-05-12,1880,Home,West,6,277.22,0.16,Wallet,7,1.3,1397.19,1663.3200000000002,266.13120000000004,1397.1888000000001,2035,May,5,Q2,Saturday,0.001199999999926149
14881,2035-05-13,1736,Electronics,West,1,372.31,0.0,COD,4,2.4,372.31,372.31,0.0,372.31,2035,May,5,Q2,Sunday,0.0
14882,2035-05-14,1863,Clothing,North,3,201.36,0.28,Wallet,8,3.4,434.94,604.08,169.14240000000004,434.9376,2035,May,5,Q2,Monday,0.0024000000000228283
14883,2035-05-15,1839,Clothing,East,7,466.86,0.1,COD,4,1.5,2941.22,3268.02,326.802,2941.218,2035,May,5,Q2,Tuesday,0.0019999999999527063
14884,2035-05-16,1146,Electronics,South,7,583.31,0.0,Card,5,4.4,4083.17,4083.1699999999996,0.0,4083.1699999999996,2035,May,5,Q2,Wednesday,4.547473508864641e-13
14885,2035-05-17,1574,Clothing,West,4,566.91,0.28,COD,1,1.8,1632.7,2267.64,634.9392,1632.7007999999998,2035,May,5,Q2,Thursday,-0.0007999999997991836
14886,2035-05-18,1805,Beauty,North,1,170.6,0.18,Card,10,4.9,139.89,170.6,30.708,139.892,2035,May,5,Q2,Friday,-0.0020000000000095497
14887,2035-05-19,1322,Beauty,West,3,147.41,0.24,Card,8,4.7,336.09,442.23,106.1352,336.0948,2035,May,5,Q2,Saturday,-0.004800000000045657
14888,2035-05-20,1442,Clothing,South,3,575.13,0.32,Card,7,3.4,1173.27,1725.3899999999999,552.1247999999999,1173.2651999999998,2035,May,5,Q2,Sunday,0.0048000000001593435
14889,2035-05-21,1836,Clothing,East,7,283.3,0.19,Card,11,3.6,1606.31,1983.1000000000001,376.78900000000004,1606.3110000000001,2035,May,5,Q2,Monday,-0.0010000000002037268
14890,2035-05-22,1012,Electronics,South,6,136.85,0.18,Card,5,3.1,673.3,821.0999999999999,147.79799999999997,673.3019999999999,2035,May,5,Q2,Tuesday,-0.0019999999999527063
14891,2035-05-23,1942,Electronics,East,7,428.59,0.1,Card,6,2.6,2700.12,3000.1299999999997,300.013,2700.1169999999997,2035,May,5,Q2,Wednesday,0.003000000000156433
14892,2035-05-24,1493,Clothing,East,6,181.39,0.11,Card,1,2.4,968.62,1088.34,119.7174,968.6225999999999,2035,May,5,Q2,Thursday,-0.002599999999915781
14893,2035-05-25,1700,Clothing,East,7,171.34,0.28,Card,8,4.6,863.55,1199.38,335.82640000000004,863.5536000000001,2035,May,5,Q2,Friday,-0.0036000000001195076
14894,2035-05-26,1286,Beauty,West,7,529.36,0.16,COD,9,3.3,3112.64,3705.52,592.8832,3112.6368,2035,May,5,Q2,Saturday,0.0031999999996514816
14895,2035-05-27,1719,Clothing,South,3,110.05,0.06,COD,11,4.3,310.34,330.15,19.808999999999997,310.341,2035,May,5,Q2,Sunday,-0.0010000000000331966
14896,2035-05-28,1113,Clothing,West,6,52.67,0.03,Wallet,5,3.1,306.54,316.02,9.480599999999999,306.5394,2035,May,5,Q2,Monday,0.0006000000000199179
14897,2035-05-29,1479,Clothing,South,3,172.47,0.17,Wallet,10,2.2,429.45,517.41,87.9597,429.45029999999997,2035,May,5,Q2,Tuesday,-0.00029999999998153726
14898,2035-05-30,1021,Home,North,1,370.06,0.16,Card,7,1.4,310.85,370.06,59.2096,310.8504,2035,May,5,Q2,Wednesday,-0.0003999999999564352
14899,2035-05-31,1348,Home,North,7,87.01,0.23,COD,10,2.3,468.98,609.07,140.08610000000002,468.98390000000006,2035,May,5,Q2,Thursday,-0.0039000000000442014
14900,2035-06-01,1725,Clothing,South,2,290.88,0.16,Card,4,4.5,488.68,581.76,93.0816,488.6784,2035,June,6,Q2,Friday,0.001599999999996271
14901,2035-06-02,1682,Electronics,South,6,381.99,0.05,Card,6,3.8,2177.34,2291.94,114.59700000000001,2177.343,2035,June,6,Q2,Saturday,-0.0029999999997016857
14902,2035-06-03,1834,Home,South,5,511.51,0.18,COD,2,4.1,2097.19,2557.55,460.35900000000004,2097.1910000000003,2035,June,6,Q2,Sunday,-0.0010000000002037268
14903,2035-06-04,1565,Electronics,South,5,149.47,0.32,COD,4,4.1,508.2,747.35,239.15200000000002,508.198,2035,June,6,Q2,Monday,0.0020000000000095497
14904,2035-06-05,1905,Beauty,East,5,493.15,0.06,Wallet,5,1.5,2317.8,2465.75,147.945,2317.805,2035,June,6,Q2,Tuesday,-0.004999999999654392
14905,2035-06-06,1809,Clothing,West,2,152.42,0.24,COD,9,1.6,231.68,304.84,73.16159999999999,231.67839999999998,2035,June,6,Q2,Wednesday,0.0016000000000246928
14906,2035-06-07,1319,Clothing,East,3,410.91,0.21,Card,9,2.3,973.86,1232.73,258.8733,973.8567,2035,June,6,Q2,Thursday,0.00329999999996744
14907,2035-06-08,1125,Clothing,West,3,266.94,0.26,Wallet,8,2.2,592.61,800.8199999999999,208.2132,592.6067999999999,2035,June,6,Q2,Friday,0.003200000000106229
14908,2035-06-09,1276,Home,West,4,82.09,0.05,COD,4,1.3,311.94,328.36,16.418000000000003,311.942,2035,June,6,Q2,Saturday,-0.0020000000000095497
14909,2035-06-10,1975,Electronics,West,5,432.84,0.33,Wallet,6,1.6,1450.01,2164.2,714.1859999999999,1450.014,2035,June,6,Q2,Sunday,-0.0039999999999054126
14910,2035-06-11,1203,Beauty,East,5,142.39,0.22,COD,7,4.4,555.32,711.9499999999999,156.629,555.3209999999999,2035,June,6,Q2,Monday,-0.0009999999998626663
14911,2035-06-12,1193,Clothing,South,3,118.32,0.3,Card,1,3.4,248.47,354.96,106.48799999999999,248.47199999999998,2035,June,6,Q2,Tuesday,-0.001999999999981128
14912,2035-06-13,1680,Electronics,East,5,224.62,0.09,Card,1,2.4,1022.02,1123.1,101.079,1022.021,2035,June,6,Q2,Wednesday,-0.0009999999999763531
14913,2035-06-14,1663,Electronics,East,3,397.17,0.26,Card,4,3.1,881.72,1191.51,309.7926,881.7174,2035,June,6,Q2,Thursday,0.0026000000000294676
14914,2035-06-15,1546,Clothing,West,7,151.89,0.27,Card,3,2.0,776.16,1063.23,287.07210000000003,776.1578999999999,2035,June,6,Q2,Friday,0.002100000000041291
14915,2035-06-16,1695,Clothing,North,7,122.44,0.14,Card,10,3.3,737.09,857.0799999999999,119.9912,737.0887999999999,2035,June,6,Q2,Saturday,0.0012000000001535227
14916,2035-06-17,1285,Clothing,North,3,20.82,0.13,COD,4,1.3,54.34,62.46,8.1198,54.3402,2035,June,6,Q2,Sunday,-0.00019999999999953388
14917,2035-06-18,1056,Home,East,6,290.91,0.23,Wallet,9,4.6,1344.0,1745.46,401.4558,1344.0042,2035,June,6,Q2,Monday,-0.004200000000082582
14918,2035-06-19,1733,Clothing,West,3,265.76,0.03,Wallet,2,2.0,773.36,797.28,23.9184,773.3616,2035,June,6,Q2,Tuesday,-0.0015999999999394277
14919,2035-06-20,1302,Beauty,East,1,151.81,0.26,COD,4,4.3,112.34,151.81,39.470600000000005,112.3394,2035,June,6,Q2,Wednesday,0.0006000000000057071
14920,2035-06-21,1162,Clothing,East,1,46.39,0.02,Card,7,3.6,45.46,46.39,0.9278000000000001,45.4622,2035,June,6,Q2,Thursday,-0.002200000000001978
14921,2035-06-22,1018,Home,South,1,266.11,0.07,Card,2,3.1,247.48,266.11,18.627700000000004,247.4823,2035,June,6,Q2,Friday,-0.0023000000000195087
14922,2035-06-23,1369,Electronics,West,1,476.1,0.23,COD,8,4.7,366.6,476.1,109.50300000000001,366.597,2035,June,6,Q2,Saturday,0.0030000000000427463
14923,2035-06-24,1263,Clothing,North,2,433.44,0.03,Card,10,1.6,840.87,866.88,26.0064,840.8736,2035,June,6,Q2,Sunday,-0.0036000000000058208
14924,2035-06-25,1793,Electronics,North,4,518.57,0.34,Wallet,4,1.5,1369.02,2074.28,705.2552000000002,1369.0248000000001,2035,June,6,Q2,Monday,-0.0048000000001593435
14925,2035-06-26,1112,Clothing,North,4,20.61,0.3,Wallet,9,2.3,57.71,82.44,24.732,57.708,2035,June,6,Q2,Tuesday,0.0020000000000024443
14926,2035-06-27,1487,Beauty,East,3,580.36,0.22,Card,1,4.3,1358.04,1741.08,383.0376,1358.0423999999998,2035,June,6,Q2,Wednesday,-0.002399999999852298
14927,2035-06-28,1326,Electronics,West,7,214.73,0.29,COD,7,1.1,1067.21,1503.11,435.90189999999996,1067.2080999999998,2035,June,6,Q2,Thursday,0.001900000000205182
14928,2035-06-29,1541,Electronics,South,5,594.38,0.31,Card,1,2.0,2050.61,2971.9,921.289,2050.611,2035,June,6,Q2,Friday,-0.0009999999997489795
14929,2035-06-30,1646,Beauty,North,1,162.78,0.09,COD,11,2.7,148.13,162.78,14.6502,148.1298,2035,June,6,Q2,Saturday,0.0002000000000066393
14930,2035-07-01,1578,Electronics,West,4,290.85,0.3,Card,10,3.9,814.38,1163.4,349.02000000000004,814.3800000000001,2035,July,7,Q3,Sunday,-1.1368683772161603e-13
14931,2035-07-02,1064,Home,North,4,222.05,0.07,Card,11,2.2,826.03,888.2,62.17400000000001,826.0260000000001,2035,July,7,Q3,Monday,0.0039999999999054126
14932,2035-07-03,1291,Clothing,South,1,223.12,0.14,COD,9,2.8,191.88,223.12,31.236800000000002,191.8832,2035,July,7,Q3,Tuesday,-0.003199999999992542
14933,2035-07-04,1024,Home,West,7,507.74,0.2,COD,10,2.3,2843.34,3554.1800000000003,710.8360000000001,2843.344,2035,July,7,Q3,Wednesday,-0.0039999999999054126
14934,2035-07-05,1548,Electronics,East,2,451.66,0.25,COD,10,1.4,677.49,903.32,225.83,677.49,2035,July,7,Q3,Thursday,0.0
14935,2035-07-06,1000,Electronics,East,2,595.41,0.01,COD,1,4.0,1178.91,1190.82,11.908199999999999,1178.9117999999999,2035,July,7,Q3,Friday,-0.0017999999997755367
14936,2035-07-07,1910,Clothing,North,4,373.91,0.1,COD,3,2.8,1346.08,1495.64,149.56400000000002,1346.076,2035,July,7,Q3,Saturday,0.0039999999999054126
14937,2035-07-08,1548,Beauty,North,2,286.01,0.21,COD,7,4.3,451.9,572.02,120.12419999999999,451.8958,2035,July,7,Q3,Sunday,0.004199999999968895
14938,2035-07-09,1140,Clothing,West,6,67.69,0.13,Wallet,1,3.8,353.34,406.14,52.7982,353.3418,2035,July,7,Q3,Monday,-0.0018000000000029104
14939,2035-07-10,1743,Electronics,South,1,597.99,0.27,Wallet,5,1.2,436.53,597.99,161.4573,436.5327,2035,July,7,Q3,Tuesday,-0.0027000000000043656
14940,2035-07-11,1647,Clothing,North,7,337.65,0.23,COD,6,3.0,1819.93,2363.5499999999997,543.6165,1819.9334999999996,2035,July,7,Q3,Wednesday,-0.0034999999995761755
14941,2035-07-12,1900,Beauty,West,4,424.78,0.08,COD,3,5.0,1563.19,1699.12,135.9296,1563.1904,2035,July,7,Q3,Thursday,-0.0003999999998995918
14942,2035-07-13,1187,Home,South,1,252.94,0.05,COD,6,2.2,240.29,252.94,12.647,240.293,2035,July,7,Q3,Friday,-0.0030000000000143245
14943,2035-07-14,1127,Beauty,North,2,335.41,0.22,Card,4,3.0,523.24,670.82,147.58040000000003,523.2396,2035,July,7,Q3,Saturday,0.0004000000000132786
14944,2035-07-15,1200,Electronics,North,1,566.41,0.16,Card,6,3.6,475.78,566.41,90.62559999999999,475.7844,2035,July,7,Q3,Sunday,-0.004400000000032378
14945,2035-07-16,1126,Electronics,West,2,112.36,0.06,Wallet,6,1.8,211.24,224.72,13.4832,211.2368,2035,July,7,Q3,Monday,0.003200000000020964
14946,2035-07-17,1256,Clothing,North,7,186.04,0.11,Wallet,4,3.8,1159.03,1302.28,143.2508,1159.0292,2035,July,7,Q3,Tuesday,0.0008000000000265572
14947,2035-07-18,1675,Home,East,2,103.95,0.11,COD,1,3.6,185.03,207.9,22.869,185.031,2035,July,7,Q3,Wednesday,-0.0010000000000047748
14948,2035-07-19,1546,Electronics,South,1,478.45,0.04,Card,3,2.5,459.31,478.45,19.138,459.312,2035,July,7,Q3,Thursday,-0.0020000000000095497
14949,2035-07-20,1193,Electronics,South,7,51.3,0.19,Card,11,2.1,290.87,359.09999999999997,68.229,290.871,2035,July,7,Q3,Friday,-0.0009999999999763531
14950,2035-07-21,1702,Home,East,2,62.75,0.27,Card,10,4.7,91.62,125.5,33.885000000000005,91.615,2035,July,7,Q3,Saturday,0.005000000000009663
14951,2035-07-22,1103,Electronics,West,6,189.62,0.2,Card,7,1.5,910.18,1137.72,227.544,910.176,2035,July,7,Q3,Sunday,0.0039999999999054126
14952,2035-07-23,1534,Clothing,East,3,315.8,0.29,COD,2,2.7,672.65,947.4000000000001,274.746,672.6540000000001,2035,July,7,Q3,Monday,-0.004000000000132786
14953,2035-07-24,1264,Clothing,East,1,252.67,0.04,Wallet,4,4.1,242.56,252.67,10.1068,242.5632,2035,July,7,Q3,Tuesday,-0.003199999999992542
14954,2035-07-25,1801,Clothing,South,3,41.22,0.15,Card,6,1.6,105.11,123.66,18.549,105.11099999999999,2035,July,7,Q3,Wednesday,-0.000999999999990564
14955,2035-07-26,1941,Home,West,1,575.13,0.21,COD,5,4.7,454.35,575.13,120.7773,454.3527,2035,July,7,Q3,Thursday,-0.0027000000000043656
14956,2035-07-27,1973,Clothing,North,2,572.43,0.24,Card,6,3.1,870.09,1144.86,274.7664,870.0935999999999,2035,July,7,Q3,Friday,-0.003599999999892134
14957,2035-07-28,1383,Clothing,East,2,178.42,0.24,Wallet,5,3.0,271.2,356.84,85.6416,271.1984,2035,July,7,Q3,Saturday,0.001599999999996271
14958,2035-07-29,1259,Clothing,East,7,442.94,0.26,Wallet,9,2.7,2294.43,3100.58,806.1508,2294.4292,2035,July,7,Q3,Sunday,0.0007999999997991836
14959,2035-07-30,1413,Clothing,West,4,353.47,0.23,Card,11,4.5,1088.69,1413.88,325.1924,1088.6876000000002,2035,July,7,Q3,Monday,0.002399999999852298
14960,2035-07-31,1990,Clothing,East,6,153.92,0.03,Wallet,2,4.8,895.81,923.52,27.705599999999997,895.8144,2035,July,7,Q3,Tuesday,-0.004400000000032378
14961,2035-08-01,1357,Electronics,West,4,168.37,0.24,COD,4,2.5,511.84,673.48,161.6352,511.8448,2035,August,8,Q3,Wednesday,-0.004800000000045657
14962,2035-08-02,1074,Electronics,North,3,302.32,0.25,Card,1,3.2,680.22,906.96,226.74,680.22,2035,August,8,Q3,Thursday,0.0
14963,2035-08-03,1354,Electronics,West,2,260.25,0.35,COD,7,2.3,338.32,520.5,182.17499999999998,338.32500000000005,2035,August,8,Q3,Friday,-0.005000000000052296
14964,2035-08-04,1583,Electronics,North,4,185.37,0.24,Card,1,2.5,563.52,741.48,177.9552,563.5248,2035,August,8,Q3,Saturday,-0.004800000000045657
14965,2035-08-05,1770,Clothing,West,2,487.39,0.24,COD,6,1.1,740.83,974.78,233.94719999999998,740.8328,2035,August,8,Q3,Sunday,-0.0027999999999792635
14966,2035-08-06,1909,Home,East,1,296.66,0.18,Wallet,10,4.1,243.26,296.66,53.3988,243.26120000000003,2035,August,8,Q3,Monday,-0.0012000000000398359
14967,2035-08-07,1187,Home,North,4,398.09,0.3,COD,10,4.9,1114.65,1592.36,477.70799999999997,1114.652,2035,August,8,Q3,Tuesday,-0.0019999999999527063
14968,2035-08-08,1972,Home,East,3,125.72,0.35,Card,9,4.1,245.15,377.15999999999997,132.00599999999997,245.154,2035,August,8,Q3,Wednesday,-0.003999999999990678
14969,2035-08-09,1684,Clothing,North,7,327.1,0.27,Card,2,3.1,1671.48,2289.7000000000003,618.2190000000002,1671.4810000000002,2035,August,8,Q3,Thursday,-0.0010000000002037268
14970,2035-08-10,1991,Clothing,West,4,201.02,0.21,Card,1,4.3,635.22,804.08,168.8568,635.2232,2035,August,8,Q3,Friday,-0.003199999999992542
14971,2035-08-11,1289,Clothing,West,2,322.95,0.03,Card,11,4.4,626.52,645.9,19.377,626.523,2035,August,8,Q3,Saturday,-0.0030000000000427463
14972,2035-08-12,1044,Electronics,West,5,471.78,0.25,Card,11,3.2,1769.17,2358.8999999999996,589.7249999999999,1769.1749999999997,2035,August,8,Q3,Sunday,-0.004999999999654392
14973,2035-08-13,1572,Electronics,South,5,464.81,0.25,COD,11,4.7,1743.04,2324.05,581.0125,1743.0375000000001,2035,August,8,Q3,Monday,0.002499999999827196
14974,2035-08-14,1082,Clothing,South,7,222.22,0.27,COD,10,1.1,1135.54,1555.54,419.99580000000003,1135.5441999999998,2035,August,8,Q3,Tuesday,-0.0041999999998552084
14975,2035-08-15,1122,Beauty,North,7,421.15,0.04,COD,3,1.0,2830.13,2948.0499999999997,117.922,2830.1279999999997,2035,August,8,Q3,Wednesday,0.0020000000004074536
14976,2035-08-16,1357,Electronics,South,6,565.65,0.23,Card,6,1.3,2613.3,3393.8999999999996,780.597,2613.303,2035,August,8,Q3,Thursday,-0.0029999999997016857
14977,2035-08-17,1527,Electronics,West,7,381.02,0.1,Card,7,1.2,2400.43,2667.14,266.714,2400.426,2035,August,8,Q3,Friday,0.0039999999999054126
14978,2035-08-18,1065,Home,South,2,101.82,0.27,Card,11,2.7,148.66,203.64,54.9828,148.6572,2035,August,8,Q3,Saturday,0.0028000000000076852
14979,2035-08-19,1935,Electronics,South,1,412.63,0.08,Card,8,4.8,379.62,412.63,33.0104,379.6196,2035,August,8,Q3,Sunday,0.0004000000000132786
14980,2035-08-20,1656,Home,East,4,76.37,0.24,Card,4,3.7,232.16,305.48,73.3152,232.1648,2035,August,8,Q3,Monday,-0.004800000000017235
14981,2035-08-21,1374,Home,North,7,525.18,0.1,Card,8,3.6,3308.63,3676.2599999999998,367.626,3308.634,2035,August,8,Q3,Tuesday,-0.0039999999999054126
14982,2035-08-22,1161,Beauty,North,5,317.25,0.0,COD,7,2.5,1586.25,1586.25,0.0,1586.25,2035,August,8,Q3,Wednesday,0.0
14983,2035-08-23,1745,Clothing,North,1,240.31,0.22,Wallet,11,3.1,187.44,240.31,52.8682,187.4418,2035,August,8,Q3,Thursday,-0.0018000000000029104
14984,2035-08-24,1379,Home,South,2,48.35,0.04,COD,8,2.2,92.83,96.7,3.8680000000000003,92.83200000000001,2035,August,8,Q3,Friday,-0.0020000000000095497
14985,2035-08-25,1655,Clothing,West,1,237.76,0.23,COD,5,3.1,183.08,237.76,54.6848,183.0752,2035,August,8,Q3,Saturday,0.004800000000017235
14986,2035-08-26,1357,Clothing,East,2,543.38,0.32,Card,10,4.0,739.0,1086.76,347.7632,738.9968,2035,August,8,Q3,Sunday,0.003199999999992542
14987,2035-08-27,1187,Clothing,North,6,27.28,0.34,Wallet,7,3.2,108.03,163.68,55.6512,108.0288,2035,August,8,Q3,Monday,0.0011999999999972033
14988,2035-08-28,1321,Electronics,South,4,292.67,0.08,Card,4,2.7,1077.03,1170.68,93.65440000000001,1077.0256,2035,August,8,Q3,Tuesday,0.004400000000032378
14989,2035-08-29,1449,Clothing,West,1,559.73,0.28,Card,1,4.4,403.01,559.73,156.72440000000003,403.00559999999996,2035,August,8,Q3,Wednesday,0.004400000000032378
14990,2035-08-30,1473,Clothing,East,4,245.98,0.12,Card,3,2.1,865.85,983.92,118.07039999999999,865.8496,2035,August,8,Q3,Thursday,0.0004000000000132786
14991,2035-08-31,1012,Home,East,1,265.48,0.32,Card,10,2.9,180.53,265.48,84.95360000000001,180.52640000000002,2035,August,8,Q3,Friday,0.003599999999977399
14992,2035-09-01,1183,Home,North,2,353.46,0.28,COD,9,4.9,508.98,706.92,197.9376,508.9824,2035,September,9,Q3,Saturday,-0.002399999999965985
14993,2035-09-02,1110,Home,North,2,285.82,0.03,Wallet,11,4.9,554.49,571.64,17.1492,554.4908,2035,September,9,Q3,Sunday,-0.0008000000000265572
14994,2035-09-03,1926,Electronics,West,1,113.63,0.14,COD,4,1.0,97.72,113.63,15.9082,97.7218,2035,September,9,Q3,Monday,-0.0018000000000029104
14995,2035-09-04,1507,Home,South,6,25.85,0.12,Card,5,3.1,136.49,155.10000000000002,18.612000000000002,136.48800000000003,2035,September,9,Q3,Tuesday,0.001999999999981128
14996,2035-09-05,1289,Clothing,West,2,371.74,0.27,COD,3,2.3,542.74,743.48,200.73960000000002,542.7404,2035,September,9,Q3,Wednesday,-0.0004000000000132786
14997,2035-09-06,1294,Beauty,North,3,553.67,0.14,COD,11,2.2,1428.47,1661.0099999999998,232.54139999999998,1428.4685999999997,2035,September,9,Q3,Thursday,0.0014000000003306923
14998,2035-09-07,1450,Beauty,West,3,77.22,0.24,Wallet,6,3.4,176.06,231.66,55.5984,176.0616,2035,September,9,Q3,Friday,-0.001599999999996271
14999,2035-09-08,1903,Electronics,South,4,138.41,0.21,COD,4,2.8,437.38,553.64,116.2644,437.37559999999996,2035,September,9,Q3,Saturday,0.004400000000032378
15000,2035-09-09,1214,Home,East,7,231.58,0.34,COD,5,3.9,1069.9,1621.0600000000002,551.1604000000001,1069.8996000000002,2035,September,9,Q3,Sunday,0.0003999999998995918
